source,target
0,1
0,2
1,3
1,4
2,5
3,6
4,7
5,8
6,9
7,10
8,11
9,12
10,13
11,14
11,15
12,16
12,17
13,18
14,19
14,20
15,21
15,22
16,23
16,24
17,25
17,26
18,27
18,25
19,28
20,29
20,30
21,31
22,30
22,32
23,33
23,34
24,35
25,36
26,37
26,38
27,39
27,35
28,40
28,41
29,42
30,43
31,44
32,45
33,46
34,47
34,48
35,49
35,50
36,51
36,52
37,53
37,54
38,46
38,55
39,56
39,57
40,58
40,59
41,60
42,61
43,62
43,63
44,64
45,65
46,66
46,67
47,68
47,69
48,70
48,71
49,72
49,73
50,74
50,75
51,76
51,73
52,77
53,78
54,79
55,80
55,81
56,81
57,82
58,83
59,84
60,85
61,86
61,87
62,88
62,89
63,90
63,86
64,91
65,92
66,93
66,94
67,95
68,96
69,97
70,98
71,99
71,100
72,101
72,102
73,103
74,104
75,105
75,106
76,107
77,108
78,109
79,110
80,111
81,112
81,107
82,113
83,114
84,115
85,116
86,117
86,118
87,119
87,120
88,105
89,116
90,121
90,105
91,122
92,123
92,124
93,125
94,126
94,127
95,128
96,129
96,130
97,131
97,132
98,133
98,134
99,135
100,136
100,137
101,138
101,139
102,140
103,141
103,142
104,143
104,144
105,145
106,146
107,147
107,148
108,149
108,143
109,143
110,150
111,151
112,152
112,153
113,154
113,155
114,156
115,157
116,158
116,126
117,140
117,159
118,160
118,161
119,129
119,162
120,163
120,164
121,160
121,165
122,166
123,167
124,168
125,169
126,170
127,171
128,172
128,173
129,174
130,175
130,176
131,174
132,177
133,178
134,178
134,179
135,179
136,180
137,181
137,177
138,182
139,183
140,184
140,185
141,186
142,187
143,188
144,189
144,190
145,191
145,192
146,193
147,194
147,183
148,195
149,196
150,197
151,198
152,194
153,199
153,200
154,201
155,202
155,203
156,204
157,205
157,206
158,201
159,207
160,208
160,209
161,176
162,210
162,177
163,209
164,209
165,211
166,212
167,213
167,214
168,206
168,215
169,216
169,217
170,218
170,219
171,220
171,221
172,219
172,222
173,217
173,223
174,224
175,225
175,226
176,227
177,228
178,229
178,230
179,231
180,232
180,233
181,234
181,235
182,236
182,237
183,238
184,239
184,240
185,241
185,226
186,242
186,243
187,244
188,245
188,240
189,246
189,247
190,248
191,249
191,250
192,251
193,252
194,249
194,253
195,254
196,216
197,255
197,256
198,238
199,257
200,258
201,259
201,260
202,261
202,262
203,261
203,263
204,264
204,225
205,265
205,266
206,267
207,268
208,269
208,264
209,223
210,270
210,271
211,221
212,272
212,220
213,273
213,274
214,275
214,276
215,277
215,266
216,278
216,279
217,280
218,281
218,282
219,283
220,284
220,285
221,286
221,287
222,288
222,289
223,290
224,291
224,292
225,293
226,294
226,295
227,296
228,297
229,298
230,299
230,300
231,301
231,302
232,303
233,296
233,304
234,296
235,305
235,306
236,287
237,307
238,308
238,304
239,309
240,310
241,311
241,312
242,313
242,314
243,315
244,289
244,316
245,317
245,318
246,319
247,320
248,321
249,312
250,311
251,322
252,279
253,323
254,317
255,324
256,325
257,322
257,326
258,323
258,327
259,328
259,329
260,330
260,331
261,332
262,333
263,334
263,332
264,335
265,336
265,337
266,336
267,338
268,339
268,286
269,286
270,340
271,341
271,342
272,343
273,344
273,330
274,345
274,346
275,347
276,348
277,349
278,350
279,351
279,352
280,353
280,354
281,355
281,356
282,353
283,357
284,358
284,359
285,360
286,361
287,362
287,363
288,363
289,356
290,364
291,365
291,366
292,367
292,368
293,364
294,363
294,369
295,370
296,371
297,372
298,373
298,374
299,375
299,376
300,377
301,378
301,379
302,380
302,365
303,381
304,382
305,383
305,384
306,385
307,386
307,387
308,388
309,389
310,390
311,369
312,391
312,392
313,393
313,394
314,395
314,396
315,397
316,398
316,363
317,399
318,400
318,401
319,402
319,403
320,404
321,405
322,406
323,356
323,407
324,408
324,409
325,410
326,411
326,412
327,413
328,414
328,415
329,416
330,417
330,418
331,419
332,420
332,421
333,422
333,423
334,424
335,425
335,426
336,427
336,428
337,429
338,430
339,431
340,432
340,367
341,433
342,434
343,426
344,435
344,436
345,437
346,438
347,439
348,440
349,441
349,442
350,443
350,444
351,445
352,446
353,447
354,448
355,449
356,450
356,451
357,452
358,453
359,454
360,455
360,456
361,457
362,458
362,459
363,460
364,461
364,462
365,463
366,464
366,465
367,466
368,467
369,468
370,469
370,470
371,471
372,472
372,473
373,474
374,475
374,476
375,477
375,478
376,479
377,480
378,473
378,481
379,482
379,483
380,463
381,484
382,485
383,486
384,487
385,473
386,488
387,489
387,459
388,490
388,491
389,492
390,493
390,494
391,495
392,496
393,497
394,498
395,499
395,500
396,501
396,502
397,486
397,503
398,504
399,505
400,506
401,507
402,508
402,509
403,510
403,511
404,512
404,513
405,514
406,515
406,516
407,517
407,518
408,519
409,520
409,521
410,443
410,522
411,496
412,523
412,524
413,525
414,526
414,527
415,528
416,529
416,530
417,531
417,532
418,533
418,534
419,535
420,536
420,493
421,448
421,537
422,538
423,539
423,540
424,541
425,542
426,543
427,544
428,461
428,460
429,531
430,545
431,546
431,493
432,547
432,488
433,464
433,548
434,487
434,549
435,550
435,551
436,545
437,545
437,552
438,553
438,554
439,555
439,556
440,557
440,558
441,559
441,544
442,560
443,561
443,562
444,563
445,564
445,565
446,566
446,567
447,568
447,569
448,570
449,571
450,572
451,573
452,574
452,575
453,576
454,577
454,578
455,579
456,580
457,581
458,582
458,583
459,584
460,585
461,586
462,587
462,588
463,589
463,590
464,591
465,590
466,592
467,593
468,594
469,595
469,596
470,597
470,598
471,599
472,600
473,601
474,602
475,603
476,604
476,605
477,606
477,607
478,608
478,609
479,610
479,611
480,612
481,598
482,602
482,613
483,614
484,615
484,616
485,617
485,618
486,619
487,620
487,621
488,622
488,623
489,624
489,625
490,620
491,626
491,597
492,627
493,628
493,629
494,630
494,631
495,632
496,633
496,567
497,594
497,634
498,635
499,636
500,637
501,638
501,616
502,639
503,640
504,641
505,642
505,643
506,644
507,645
507,646
508,647
509,648
510,649
510,568
511,650
511,651
512,652
513,653
514,654
514,655
515,656
515,618
516,657
516,658
517,618
518,573
518,659
519,660
520,661
521,662
522,564
522,568
523,663
523,664
524,635
524,665
525,618
525,666
526,667
526,668
527,669
528,670
529,578
529,671
530,672
531,574
531,668
532,673
532,674
533,675
533,676
534,677
535,678
535,679
536,680
536,681
537,682
537,631
538,683
539,648
539,684
540,685
541,678
542,686
542,687
543,688
544,578
545,689
546,581
547,690
547,691
548,692
548,693
549,694
550,695
551,645
551,696
552,578
553,697
553,698
554,699
555,700
556,669
556,701
557,702
557,677
558,703
558,704
559,705
560,706
561,707
561,708
562,709
562,710
563,711
563,712
564,713
564,714
565,715
566,716
567,717
568,718
569,719
569,720
570,721
570,719
571,722
571,723
572,724
572,725
573,726
574,727
574,728
575,729
575,730
576,731
576,732
577,727
577,733
578,734
578,735
579,736
580,737
581,738
582,739
583,719
584,738
584,740
585,741
586,740
587,742
587,743
588,744
588,745
589,746
589,747
590,748
590,749
591,750
592,751
593,752
593,753
594,754
595,755
596,756
596,755
597,757
597,758
598,759
599,760
600,761
600,762
601,763
602,746
603,764
604,765
604,766
605,767
606,748
606,768
607,769
607,770
608,771
608,772
609,773
609,774
610,775
610,776
611,777
612,778
612,779
613,771
613,768
614,780
614,781
615,782
616,783
617,713
618,714
618,784
619,785
620,754
620,786
621,719
621,732
622,787
622,788
623,789
623,790
624,791
624,792
625,788
625,793
626,794
626,795
627,796
628,732
629,797
630,710
631,798
631,732
632,799
633,800
633,801
634,723
634,802
635,803
636,804
637,748
638,805
639,806
640,807
641,808
641,809
642,810
643,811
644,812
645,813
645,814
646,815
647,816
647,817
648,812
648,818
649,816
649,819
650,809
650,820
651,821
651,822
652,823
653,824
653,825
654,826
655,827
656,828
656,829
657,830
657,831
658,725
659,832
660,833
661,834
661,708
662,835
662,836
663,837
664,829
665,838
666,839
667,840
668,841
668,842
669,843
670,844
670,845
671,846
671,847
672,848
672,849
673,850
674,851
674,852
675,853
676,854
676,855
677,856
678,857
678,721
679,858
680,859
681,860
681,819
682,861
682,862
683,863
683,811
684,864
684,865
685,866
686,745
687,867
688,731
688,868
689,869
689,796
690,738
690,753
691,870
692,763
692,871
693,872
694,873
694,751
695,874
695,875
696,816
696,876
697,877
697,827
698,878
699,879
699,880
700,881
701,734
701,882
702,883
703,884
703,885
704,886
704,887
705,888
706,889
707,890
708,891
709,892
710,893
710,894
711,895
711,890
712,896
712,897
713,898
714,899
715,900
716,901
717,902
718,903
718,904
719,905
720,906
720,907
721,908
721,909
722,910
722,911
723,902
724,912
725,894
725,903
726,913
727,914
727,915
728,916
729,917
729,918
730,919
731,920
731,921
732,906
732,912
733,922
734,923
735,924
735,908
736,925
737,926
737,927
738,928
739,929
740,930
741,931
741,932
742,933
742,934
743,935
744,936
745,937
746,938
747,938
747,939
748,939
748,940
749,941
749,940
750,942
751,919
751,943
752,944
752,945
753,946
754,947
754,948
755,929
755,949
756,950
757,951
757,952
758,950
759,953
760,937
760,954
761,955
762,956
762,957
763,946
764,958
765,959
765,960
766,961
767,962
767,963
768,964
768,965
769,966
769,967
770,968
771,969
772,970
772,971
773,972
774,973
774,974
775,975
775,976
776,977
777,978
777,979
778,980
778,981
779,982
779,983
780,984
781,985
781,986
782,987
782,988
783,989
783,990
784,991
784,992
785,993
786,994
786,995
787,996
787,997
788,998
788,999
789,1000
790,1001
791,937
791,928
792,946
793,945
794,989
795,1002
795,1003
796,1004
796,1005
797,1006
797,999
798,1007
799,1008
799,902
800,1009
800,1010
801,1011
801,892
802,1012
803,1013
803,1014
804,1015
804,965
805,996
806,995
806,906
807,1016
807,947
808,1017
809,1018
809,1019
810,1020
811,1021
811,1022
812,1023
812,1024
813,1025
813,1026
814,1027
814,1028
815,1029
816,1030
817,1031
818,891
818,890
819,1031
820,1032
821,1033
821,1034
822,1035
822,923
823,1018
824,1036
825,1037
825,1038
826,1039
826,1040
827,1041
828,1042
828,1043
829,950
829,907
830,995
831,1044
832,1045
832,1046
833,1047
833,1048
834,1049
835,1050
835,1051
836,1049
837,1052
838,1002
839,995
840,1053
840,1054
841,1055
842,915
843,1056
844,915
845,1057
846,914
846,1058
847,930
847,1028
848,1059
849,1060
850,1056
850,1061
851,1062
852,1063
852,1064
853,1065
854,1004
855,1066
856,1027
856,1067
857,1068
858,905
859,1069
859,950
860,1070
861,1069
862,1071
863,1068
864,1072
865,1073
866,1074
867,1075
868,1058
868,1076
869,1077
870,1078
871,1079
871,937
872,964
872,1080
873,1081
874,1082
875,1083
876,1084
877,1085
878,1086
878,1087
879,1088
879,1089
880,1090
881,1027
882,1091
882,1092
883,1093
884,1094
885,1095
886,1096
886,1097
887,1056
887,1098
888,1099
889,1057
890,1105
891,1113
892,1114
893,1164
894,1115
894,1116
895,1165
895,1166
896,1167
897,1168
897,1169
898,1170
899,1171
899,1121
900,1172
900,1173
901,1174
901,1175
902,1106
903,1117
904,1176
904,1177
905,1118
905,1119
906,1107
907,1120
907,1121
908,1122
909,1178
910,1179
910,1180
911,1181
912,1101
912,1123
913,1182
914,1124
914,1125
915,1108
915,1109
916,1183
916,1184
917,1185
917,1186
918,1187
919,1126
919,1127
920,1188
920,1100
921,1189
921,1190
922,1128
922,1129
923,1130
923,1131
924,1191
924,1192
925,1108
925,1193
926,1194
927,1195
928,1132
929,1133
929,1134
930,1100
931,1196
932,1108
933,1197
934,1198
935,1135
935,1136
936,1199
936,1200
937,1100
938,1137
938,1138
939,1139
939,1137
940,1140
941,1201
941,1202
942,1140
943,1203
944,1204
944,1205
945,1141
946,1110
947,1142
948,1206
948,1207
949,1208
950,1101
950,1102
951,1134
952,1209
953,1170
953,1132
954,1210
955,1211
956,1144
956,1212
957,1211
957,1213
958,1214
959,1215
959,1216
960,1217
961,1218
961,1219
962,1202
962,1220
963,1221
964,1143
964,1144
965,1145
965,1146
966,1222
966,1223
967,1224
968,1225
968,1226
969,1227
970,1228
971,1229
972,1230
973,1231
974,1232
975,1233
976,1234
976,1235
977,1236
977,1237
978,1238
978,1239
979,1240
979,1241
980,1235
981,1242
982,1243
982,1244
983,1245
983,1246
984,1247
985,1227
986,1248
987,1249
988,1250
989,1145
989,1147
990,1251
991,1252
991,1121
992,1253
992,1254
993,1253
993,1146
994,1255
994,1256
995,1103
995,1104
996,1148
997,1149
997,1205
998,1208
999,1149
1000,1257
1000,1258
1001,1259
1002,1150
1003,1106
1003,1260
1004,1151
1005,1261
1005,1262
1006,1101
1007,1263
1007,1133
1008,1120
1009,1264
1009,1104
1010,1265
1011,1266
1011,1162
1012,1133
1013,1267
1013,1268
1014,1101
1015,1134
1015,1269
1016,1270
1016,1271
1017,1272
1017,1172
1018,1152
1018,1153
1019,1273
1019,1274
1020,1275
1021,1276
1021,1277
1022,1278
1023,1279
1024,1280
1025,1281
1026,1282
1026,1283
1027,1111
1028,1154
1028,1155
1029,1284
1029,1107
1030,1285
1031,1117
1032,1153
1032,1274
1033,1286
1034,1287
1035,1111
1035,1274
1036,1288
1036,1289
1037,1152
1037,1290
1038,1291
1038,1292
1039,1293
1040,1294
1041,1295
1042,1296
1043,1297
1043,1298
1044,1299
1045,1300
1046,1301
1047,1302
1048,1303
1049,1156
1050,1156
1050,1304
1051,1279
1052,1305
1053,1129
1054,1306
1054,1307
1055,1308
1055,1309
1056,1112
1057,1157
1058,1158
1058,1159
1059,1124
1060,1310
1060,1311
1061,1312
1061,1313
1062,1314
1063,1315
1064,1193
1065,1311
1065,1316
1066,1317
1066,1293
1067,1318
1067,1108
1068,1160
1068,1161
1069,1162
1070,1319
1071,1320
1071,1321
1072,1322
1073,1163
1074,1292
1074,1323
1075,1324
1076,1325
1076,1200
1077,1326
1077,1327
1078,1328
1079,1329
1079,1110
1080,1247
1081,1330
1081,1331
1082,1332
1082,1333
1083,1317
1084,1319
1084,1161
1085,1334
1086,1335
1086,1336
1087,1323
1087,1337
1088,1338
1088,1339
1089,1340
1090,1341
1090,1342
1100,1343
1100,1344
1101,1345
1102,1413
1103,1414
1103,1415
1104,1356
1104,1345
1105,1401
1106,1348
1106,1357
1107,1358
1107,1359
1108,1346
1109,1416
1109,1417
1110,1360
1110,1361
1111,1362
1112,1363
1113,1418
1114,1419
1114,1420
1115,1421
1116,1422
1116,1423
1117,1364
1117,1365
1118,1424
1118,1425
1119,1426
1119,1427
1120,1366
1121,1347
1121,1348
1122,1428
1122,1388
1123,1429
1124,1367
1124,1368
1125,1430
1125,1386
1126,1431
1127,1389
1127,1432
1128,1433
1129,1369
1130,1434
1130,1435
1131,1436
1131,1424
1132,1370
1133,1349
1133,1350
1134,1351
1134,1352
1135,1437
1135,1438
1136,1439
1137,1371
1138,1440
1138,1441
1139,1442
1139,1443
1140,1372
1141,1444
1141,1445
1142,1446
1143,1447
1143,1448
1144,1373
1145,1374
1146,1375
1147,1449
1147,1450
1148,1409
1148,1451
1149,1376
1150,1356
1151,1452
1151,1367
1152,1377
1153,1378
1153,1379
1154,1453
1155,1454
1156,1380
1156,1381
1157,1455
1157,1456
1158,1384
1158,1457
1159,1458
1160,1426
1161,1358
1162,1364
1163,1459
1163,1460
1164,1461
1164,1462
1165,1401
1165,1460
1166,1463
1166,1464
1167,1465
1167,1466
1168,1467
1168,1468
1169,1469
1169,1470
1170,1382
1170,1383
1171,1383
1172,1355
1172,1384
1173,1384
1174,1471
1175,1418
1176,1472
1177,1473
1177,1474
1178,1475
1179,1476
1180,1477
1181,1478
1181,1479
1182,1480
1182,1481
1183,1361
1183,1482
1184,1483
1185,1455
1185,1484
1186,1346
1186,1417
1187,1456
1187,1438
1188,1485
1188,1486
1189,1487
1190,1488
1191,1362
1192,1487
1192,1385
1193,1385
1193,1386
1194,1489
1195,1490
1196,1491
1197,1492
1197,1417
1198,1387
1199,1491
1199,1493
1200,1388
1200,1389
1201,1494
1202,1390
1203,1495
1204,1496
1205,1391
1205,1392
1206,1497
1207,1498
1208,1349
1208,1393
1209,1499
1210,1438
1210,1500
1211,1394
1211,1395
1212,1391
1212,1392
1213,1501
1213,1502
1214,1398
1215,1503
1216,1504
1216,1505
1217,1506
1218,1507
1218,1508
1219,1509
1219,1507
1220,1510
1220,1503
1221,1511
1222,1512
1222,1513
1223,1514
1224,1515
1224,1516
1225,1517
1226,1518
1226,1519
1227,1353
1227,1354
1228,1520
1228,1521
1229,1522
1230,1523
1230,1524
1231,1522
1231,1525
1232,1526
1232,1522
1233,1527
1233,1528
1234,1529
1234,1530
1235,1396
1235,1397
1236,1531
1237,1532
1238,1533
1239,1534
1239,1504
1240,1535
1240,1536
1241,1503
1241,1537
1242,1538
1243,1539
1244,1540
1244,1541
1245,1542
1245,1543
1246,1544
1246,1543
1247,1398
1248,1510
1248,1545
1249,1546
1249,1518
1250,1547
1251,1366
1251,1446
1252,1548
1253,1399
1253,1400
1254,1548
1254,1447
1255,1549
1255,1550
1256,1551
1256,1481
1257,1552
1257,1553
1258,1554
1259,1555
1260,1556
1261,1428
1261,1457
1262,1424
1263,1449
1263,1557
1264,1551
1264,1558
1265,1559
1266,1478
1266,1560
1267,1561
1268,1562
1268,1563
1269,1564
1270,1486
1270,1565
1271,1349
1272,1566
1272,1405
1273,1567
1273,1463
1274,1355
1275,1490
1275,1568
1276,1569
1276,1457
1277,1355
1278,1570
1278,1418
1279,1401
1279,1402
1280,1571
1281,1423
1282,1572
1283,1475
1283,1573
1284,1388
1285,1359
1286,1567
1287,1574
1288,1575
1288,1576
1289,1412
1290,1577
1290,1578
1291,1579
1291,1580
1292,1403
1292,1404
1293,1405
1293,1406
1294,1581
1295,1582
1295,1377
1311,1362
1317,1407
1317,1408
1319,1409
1322,1410
1323,1411
1323,1412
1343,1669
1343,1670
1344,1671
1345,1602
1346,1587
1347,1672
1347,1673
1348,1603
1348,1604
1349,1588
1350,1674
1351,1675
1352,1676
1352,1677
1353,1678
1354,1679
1354,1680
1355,1583
1355,1584
1356,1605
1356,1606
1357,1681
1357,1605
1358,1607
1359,1608
1360,1682
1361,1609
1361,1610
1362,1585
1363,1683
1363,1585
1364,1611
1364,1612
1365,1684
1366,1613
1366,1614
1367,1615
1367,1616
1368,1685
1368,1596
1369,1686
1370,1632
1370,1687
1371,1688
1372,1689
1372,1690
1373,1649
1374,1691
1375,1692
1375,1693
1376,1694
1376,1695
1377,1617
1377,1618
1378,1696
1378,1697
1379,1698
1379,1699
1380,1700
1380,1701
1381,1702
1381,1703
1382,1704
1383,1619
1383,1620
1384,1589
1384,1590
1385,1621
1386,1622
1386,1623
1387,1705
1388,1591
1389,1624
1390,1706
1391,1625
1391,1626
1392,1627
1393,1707
1394,1708
1394,1709
1395,1710
1395,1711
1396,1712
1397,1713
1398,1628
1398,1629
1399,1714
1399,1715
1400,1642
1401,1592
1401,1593
1402,1716
1403,1618
1404,1717
1404,1718
1405,1630
1405,1631
1406,1719
1406,1720
1407,1721
1408,1722
1408,1723
1409,1632
1410,1724
1411,1725
1412,1633
1413,1634
1414,1684
1414,1726
1415,1588
1416,1727
1416,1615
1417,1594
1418,1586
1419,1728
1420,1729
1421,1730
1422,1731
1423,1635
1423,1636
1424,1595
1424,1596
1425,1732
1425,1733
1426,1637
1427,1734
1427,1735
1428,1638
1429,1736
1429,1737
1430,1738
1431,1739
1431,1740
1432,1597
1432,1741
1433,1742
1434,1743
1435,1744
1436,1745
1437,1739
1437,1746
1438,1597
1438,1598
1439,1598
1440,1747
1441,1747
1442,1748
1443,1690
1444,1749
1445,1750
1446,1639
1446,1640
1447,1641
1447,1642
1448,1634
1448,1751
1449,1613
1450,1752
1450,1753
1451,1754
1451,1625
1452,1755
1453,1756
1454,1593
1455,1643
1456,1644
1456,1645
1457,1595
1457,1599
1458,1757
1459,1758
1459,1759
1460,1646
1461,1760
1461,1761
1462,1762
1463,1647
1464,1647
1464,1763
1465,1764
1466,1765
1467,1766
1468,1592
1468,1767
1469,1768
1470,1769
1471,1770
1471,1771
1472,1772
1472,1773
1473,1774
1474,1775
1475,1599
1476,1776
1477,1777
1477,1778
1478,1648
1479,1779
1479,1780
1480,1737
1481,1648
1482,1685
1483,1742
1484,1781
1485,1602
1485,1608
1486,1649
1487,1650
1488,1599
1489,1782
1490,1651
1490,1652
1491,1653
1492,1783
1492,1587
1493,1784
1493,1785
1494,1749
1494,1786
1495,1787
1496,1788
1496,1705
1497,1789
1498,1619
1498,1612
1499,1790
1499,1791
1500,1792
1501,1793
1501,1794
1502,1795
1502,1796
1503,1600
1504,1654
1505,1797
1505,1798
1506,1710
1506,1799
1507,1655
1507,1656
1508,1689
1509,1800
1510,1657
1510,1658
1511,1692
1512,1680
1513,1801
1513,1802
1514,1659
1515,1803
1516,1804
1517,1780
1518,1660
1518,1661
1519,1805
1519,1806
1520,1807
1521,1808
1521,1809
1522,1601
1523,1810
1524,1811
1525,1812
1526,1813
1527,1814
1528,1815
1528,1816
1529,1817
1530,1818
1531,1819
1532,1820
1533,1821
1534,1822
1535,1823
1536,1824
1537,1825
1538,1662
1539,1657
1543,1663
1543,1664
1548,1665
1551,1666
1567,1667
1567,1668
1583,1885
1583,1886
1584,1887
1584,1888
1585,1833
1586,1889
1587,1834
1588,1835
1589,1890
1590,1891
1590,1892
1591,1893
1591,1894
1592,1836
1593,1837
1594,1895
1594,1896
1595,1838
1595,1839
1596,1840
1597,1841
1598,1842
1599,1826
1600,1897
1600,1832
1601,1898
1601,1899
1602,1843
1603,1900
1604,1901
1605,1844
1606,1902
1607,1903
1608,1827
1608,1845
1609,1904
1609,1905
1610,1906
1610,1907
1611,1908
1611,1909
1612,1846
1613,1847
1613,1848
1614,1910
1615,1849
1615,1850
1616,1911
1617,1912
1617,1913
1618,1851
1618,1852
1619,1853
1620,1855
1620,1914
1621,1915
1621,1916
1622,1917
1622,1918
1623,1919
1624,1827
1624,1920
1625,1854
1626,1921
1626,1922
1627,1923
1627,1924
1628,1925
1629,1926
1630,1927
1631,1928
1632,1827
1632,1828
1633,1929
1633,1930
1634,1855
1634,1856
1635,1840
1636,1885
1636,1931
1637,1932
1638,1933
1639,1934
1639,1831
1640,1855
1641,1935
1642,1857
1642,1858
1643,1936
1643,1937
1644,1938
1645,1939
1646,1940
1646,1837
1647,1859
1648,1860
1649,1829
1649,1830
1650,1849
1651,1941
1652,1917
1652,1918
1653,1942
1654,1943
1655,1944
1656,1921
1656,1945
1657,1861
1657,1862
1658,1946
1659,1925
1659,1947
1660,1948
1661,1949
1662,1950
1663,1951
1664,1952
1664,1953
1665,1954
1666,1955
1667,1956
1668,1957
1668,1958
1669,1959
1670,1960
1671,1961
1671,1919
1672,1962
1673,1963
1674,1964
1675,1965
1675,1966
1676,1967
1676,1923
1677,1968
1677,1969
1678,1970
1679,1971
1679,1972
1680,1863
1680,1864
1681,1973
1682,1870
1682,1974
1683,1975
1683,1976
1684,1865
1684,1866
1685,1867
1686,1977
1687,1966
1688,1868
1688,1978
1689,1868
1690,1869
1691,1979
1692,1831
1693,1831
1694,1827
1694,1980
1695,1981
1696,1927
1697,1982
1698,1983
1699,1984
1700,1985
1701,1986
1701,1987
1702,1988
1702,1989
1703,1990
1703,1991
1704,1992
1705,1870
1706,1871
1707,1866
1707,1872
1708,1964
1708,1906
1709,1967
1710,1868
1710,1873
1711,1993
1712,1994
1712,1995
1713,1996
1713,1997
1714,1998
1715,1858
1716,1836
1716,1999
1717,2000
1718,2001
1719,2002
1719,2003
1720,2004
1720,2005
1721,2006
1722,2007
1723,2008
1724,2009
1725,2009
1725,1912
1726,2010
1726,1835
1727,2011
1727,1918
1728,2012
1728,2013
1729,2014
1730,2015
1731,1885
1732,2016
1732,2017
1733,2018
1734,1983
1735,1958
1735,2019
1736,1910
1737,1874
1738,1867
1739,1875
1740,2020
1740,2021
1741,2022
1741,2023
1742,1876
1742,1877
1743,2024
1743,1915
1744,2025
1745,1878
1745,1879
1746,2026
1746,2027
1747,1832
1748,2022
1748,2028
1749,1880
1750,2029
1750,2030
1751,2031
1752,2032
1753,2033
1754,1875
1754,2034
1755,2035
1755,2036
1756,2037
1757,1872
1758,2038
1759,2039
1760,1966
1760,1830
1761,2040
1761,2041
1762,2042
1763,2043
1763,2044
1764,2014
1765,2045
1766,2043
1767,1859
1767,2046
1768,1881
1769,2047
1769,2048
1770,1844
1771,2049
1772,2050
1772,2051
1773,2052
1773,1860
1774,2053
1774,2054
1775,2055
1775,1886
1776,1853
1777,2056
1777,2057
1778,2058
1779,2059
1779,1949
1780,1882
1781,2060
1789,1866
1789,1872
1822,1883
1822,1884
1826,2128
1827,2061
1828,2129
1829,2130
1830,2073
1830,2074
1831,2062
1832,2075
1832,2076
1833,2131
1833,2114
1834,2132
1835,2077
1835,2078
1836,2079
1836,2080
1837,2081
1838,2114
1838,2133
1839,2131
1839,2134
1840,2082
1841,2135
1842,2136
1843,2098
1843,2137
1844,2083
1845,2138
1845,2139
1846,2139
1846,2140
1847,2141
1848,2142
1849,2084
1849,2085
1850,2071
1850,2143
1851,2144
1851,2145
1852,2146
1852,2147
1853,2063
1853,2064
1854,2148
1855,2065
1855,2066
1856,2077
1856,2148
1857,2149
1858,2086
1858,2087
1859,2088
1860,2089
1860,2090
1861,2150
1862,2151
1862,2152
1863,2153
1863,2154
1864,2155
1864,2156
1865,2065
1865,2140
1866,2067
1867,2091
1867,2092
1868,2068
1868,2069
1869,2157
1869,2158
1870,2093
1871,2159
1872,2061
1873,2160
1874,2161
1874,2162
1875,2094
1876,2163
1876,2164
1877,2165
1877,2166
1878,2167
1879,2168
1879,2169
1880,2170
1881,2171
1882,2172
1882,2173
1883,2174
1883,2175
1884,2174
1885,2070
1886,2095
1887,2176
1887,2099
1888,2177
1888,2178
1889,2179
1889,2180
1890,2181
1891,2182
1891,2183
1892,2184
1892,2185
1893,2186
1893,2187
1894,2188
1894,2189
1895,2190
1895,2191
1896,2192
1897,2193
1897,2194
1898,2195
1899,2196
1900,2197
1901,2198
1901,2180
1902,2139
1903,2095
1904,2199
1905,2200
1906,2096
1906,2072
1907,2201
1908,2202
1908,2203
1909,2204
1910,2097
1910,2098
1911,2199
1911,2205
1912,2099
1913,2206
1914,2207
1915,2100
1915,2101
1916,2103
1917,2102
1917,2103
1918,2071
1919,2104
1919,2105
1920,2208
1920,2209
1921,2106
1922,2210
1923,2107
1923,2108
1924,2211
1924,2212
1925,2109
1925,2086
1926,2213
1926,2214
1927,2110
1927,2111
1928,2215
1929,2216
1930,2217
1931,2105
1932,2189
1932,2218
1933,2219
1934,2119
1934,2220
1935,2221
1936,2222
1937,2223
1937,2224
1938,2225
1938,2226
1939,2227
1939,2228
1940,2229
1941,2230
1941,2231
1942,2232
1942,2061
1943,2233
1944,2234
1944,2235
1945,2236
1946,2237
1946,2238
1947,2158
1948,2239
1948,2240
1949,2112
1950,2156
1950,2241
1951,2242
1951,2243
1952,2195
1952,2244
1953,2245
1954,2246
1954,2067
1955,2247
1956,2113
1957,2185
1957,2248
1958,2114
1958,2115
1959,2249
1959,2250
1960,2251
1960,2252
1961,2253
1961,2254
1962,2179
1963,2255
1963,2256
1964,2116
1965,2257
1965,2258
1966,2072
1967,2117
1967,2118
1968,2194
1968,2154
1969,2117
1969,2259
1970,2260
1971,2261
1971,2262
1972,2263
1972,2264
1973,2119
1973,2087
1974,2265
1975,2100
1975,2266
1976,2267
1977,2268
1977,2269
1978,2108
1979,2270
1979,2244
1980,2271
1981,2159
1982,2176
1982,2272
1983,2070
1983,2120
1984,2176
1985,2273
1985,2274
1986,2275
1986,2276
1987,2277
1988,2278
1989,2279
1990,2280
1990,2281
1991,2282
1991,2283
1992,2284
1992,2285
1993,2286
1993,2069
1994,2287
1994,2288
1995,2289
1995,2153
1996,2290
1997,2291
1997,2292
1998,2293
1999,2294
1999,2295
2000,2296
2001,2297
2001,2298
2002,2216
2002,2299
2003,2300
2004,2301
2004,2302
2005,2303
2006,2304
2006,2305
2007,2306
2008,2307
2008,2308
2009,2121
2009,2114
2010,2161
2010,2065
2011,2250
2011,2309
2012,2142
2013,2310
2014,2122
2014,2123
2015,2311
2015,2280
2016,2312
2016,2313
2017,2314
2017,2070
2018,2315
2019,2284
2020,2316
2020,2317
2021,2318
2021,2319
2022,2124
2023,2320
2023,2321
2024,2322
2037,2125
2037,2126
2043,2127
2061,2324
2062,2390
2063,2391
2063,2392
2064,2393
2064,2394
2065,2325
2065,2326
2066,2395
2067,2333
2068,2396
2068,2397
2069,2334
2070,2327
2070,2328
2071,2335
2072,2336
2073,2398
2073,2399
2074,2362
2075,2400
2075,2401
2076,2402
2077,2337
2078,2403
2079,2404
2079,2405
2080,2406
2081,2407
2081,2343
2082,2327
2082,2408
2083,2409
2083,2410
2084,2411
2084,2412
2085,2413
2086,2338
2087,2339
2088,2414
2088,2415
2089,2416
2089,2417
2090,2418
2091,2419
2092,2420
2093,2336
2093,2421
2094,2422
2095,2340
2095,2341
2096,2423
2096,2424
2097,2425
2097,2426
2098,2342
2099,2343
2099,2344
2100,2345
2101,2427
2101,2428
2102,2429
2103,2346
2104,2419
2104,2430
2105,2347
2106,2431
2107,2432
2108,2348
2109,2433
2110,2434
2110,2435
2111,2436
2112,2437
2113,2375
2114,2323
2115,2438
2116,2439
2117,2349
2117,2350
2118,2440
2118,2441
2119,2351
2120,2342
2121,2442
2122,2417
2122,2443
2123,2418
2123,2444
2124,2445
2125,2446
2125,2447
2126,2448
2126,2342
2127,2449
2127,2450
2128,2451
2128,2452
2129,2453
2129,2454
2130,2455
2131,2352
2132,2456
2132,2457
2133,2340
2134,2391
2135,2336
2135,2458
2136,2459
2137,2460
2137,2461
2138,2325
2139,2329
2139,2330
2140,2353
2140,2354
2141,2462
2141,2463
2142,2355
2143,2464
2144,2465
2145,2466
2146,2467
2147,2468
2148,2356
2148,2357
2149,2469
2149,2359
2150,2470
2150,2471
2151,2472
2151,2473
2152,2377
2153,2358
2154,2358
2154,2359
2155,2474
2155,2475
2156,2360
2157,2476
2158,2361
2158,2362
2159,2363
2159,2364
2160,2334
2161,2365
2161,2366
2162,2477
2163,2478
2164,2479
2165,2480
2166,2481
2166,2482
2167,2483
2167,2454
2168,2484
2168,2413
2169,2435
2169,2485
2170,2486
2170,2487
2171,2488
2171,2489
2172,2490
2172,2338
2173,2491
2173,2492
2174,2367
2174,2368
2175,2493
2175,2494
2176,2331
2176,2332
2177,2375
2177,2434
2178,2495
2178,2496
2179,2369
2179,2370
2180,2371
2180,2372
2181,2497
2182,2498
2182,2374
2183,2408
2184,2352
2184,2485
2185,2373
2185,2374
2186,2499
2187,2408
2188,2395
2189,2375
2189,2376
2190,2500
2190,2480
2191,2501
2192,2502
2192,2503
2193,2504
2194,2377
2195,2378
2195,2379
2196,2505
2196,2506
2197,2507
2198,2508
2198,2509
2199,2380
2200,2510
2201,2511
2201,2512
2202,2513
2202,2514
2203,2515
2203,2516
2204,2517
2204,2518
2205,2464
2205,2519
2206,2520
2206,2521
2207,2522
2207,2447
2208,2523
2208,2524
2209,2525
2210,2526
2211,2527
2211,2528
2212,2529
2213,2530
2213,2531
2214,2532
2215,2343
2216,2381
2217,2533
2218,2534
2218,2535
2219,2536
2219,2537
2220,2538
2221,2392
2221,2539
2222,2540
2223,2541
2224,2542
2225,2543
2225,2544
2226,2541
2227,2480
2228,2545
2228,2546
2229,2547
2229,2520
2230,2548
2231,2545
2232,2446
2233,2549
2233,2550
2234,2476
2234,2551
2235,2552
2235,2553
2236,2382
2236,2383
2237,2554
2238,2492
2238,2469
2239,2505
2239,2555
2240,2556
2241,2557
2242,2558
2242,2559
2243,2560
2243,2561
2244,2384
2245,2562
2245,2563
2246,2564
2247,2565
2248,2566
2249,2567
2249,2568
2250,2385
2251,2569
2251,2570
2252,2335
2252,2571
2253,2479
2253,2572
2254,2453
2254,2573
2255,2574
2256,2462
2256,2395
2257,2575
2257,2522
2258,2528
2258,2440
2280,2386
2284,2326
2284,2387
2303,2388
2303,2389
2323,2649
2323,2634
2324,2650
2325,2590
2325,2584
2326,2591
2327,2592
2328,2651
2329,2652
2329,2653
2330,2654
2331,2655
2332,2656
2333,2657
2333,2658
2334,2576
2335,2593
2336,2577
2337,2659
2338,2594
2339,2660
2340,2595
2340,2596
2341,2661
2341,2655
2342,2578
2343,2579
2344,2662
2345,2663
2346,2664
2347,2665
2348,2666
2349,2667
2350,2668
2351,2669
2352,2597
2352,2598
2353,2670
2354,2608
2355,2671
2356,2672
2356,2673
2357,2591
2357,2674
2358,2599
2358,2600
2359,2601
2360,2675
2360,2676
2361,2677
2362,2580
2362,2581
2363,2600
2364,2678
2364,2679
2365,2680
2366,2681
2367,2682
2368,2683
2368,2684
2369,2685
2370,2686
2370,2687
2371,2688
2371,2689
2372,2690
2373,2627
2374,2602
2374,2603
2375,2582
2375,2583
2376,2691
2376,2692
2377,2604
2377,2605
2378,2693
2379,2694
2379,2695
2380,2696
2381,2697
2382,2698
2382,2699
2383,2700
2383,2701
2384,2702
2385,2703
2386,2704
2387,2646
2388,2705
2389,2706
2390,2707
2391,2606
2391,2607
2392,2608
2393,2708
2393,2686
2394,2709
2395,2584
2395,2585
2396,2710
2397,2711
2398,2712
2399,2713
2399,2714
2400,2715
2401,2716
2401,2717
2402,2718
2402,2719
2403,2720
2403,2721
2404,2662
2404,2722
2405,2723
2405,2724
2406,2725
2406,2726
2407,2727
2408,2586
2408,2587
2409,2728
2410,2729
2411,2730
2412,2731
2412,2732
2413,2609
2413,2610
2414,2733
2414,2734
2415,2735
2415,2736
2416,2737
2417,2611
2417,2612
2418,2613
2418,2614
2419,2615
2420,2738
2420,2739
2421,2740
2422,2721
2422,2741
2423,2742
2424,2743
2425,2670
2425,2744
2426,2591
2426,2657
2427,2745
2428,2746
2429,2632
2430,2747
2431,2748
2431,2749
2432,2750
2432,2751
2433,2752
2434,2616
2434,2617
2435,2616
2435,2618
2436,2753
2436,2754
2437,2755
2438,2756
2438,2757
2439,2758
2439,2620
2440,2619
2441,2759
2442,2685
2442,2606
2443,2760
2443,2761
2444,2762
2444,2763
2445,2764
2445,2765
2446,2620
2447,2621
2448,2766
2449,2767
2449,2688
2450,2768
2450,2725
2451,2578
2452,2584
2453,2622
2453,2623
2454,2624
2454,2625
2455,2769
2456,2770
2456,2771
2457,2772
2457,2773
2458,2769
2459,2774
2459,2665
2460,2758
2461,2775
2462,2626
2462,2627
2463,2776
2464,2628
2465,2777
2466,2778
2466,2779
2467,2780
2467,2781
2468,2782
2469,2629
2469,2630
2470,2581
2471,2783
2472,2784
2472,2785
2473,2786
2474,2787
2475,2788
2475,2789
2476,2631
2477,2790
2478,2791
2479,2632
2479,2633
2480,2588
2480,2589
2481,2792
2481,2793
2482,2794
2482,2795
2483,2796
2484,2720
2484,2797
2485,2634
2485,2635
2486,2631
2486,2798
2487,2799
2487,2800
2488,2801
2488,2802
2489,2803
2490,2804
2491,2805
2491,2806
2492,2636
2492,2637
2493,2807
2494,2808
2495,2809
2496,2810
2497,2811
2497,2812
2498,2578
2499,2813
2499,2814
2500,2815
2501,2816
2502,2817
2502,2818
2503,2819
2503,2820
2504,2638
2505,2639
2505,2640
2506,2821
2507,2822
2507,2823
2508,2824
2508,2735
2509,2607
2510,2825
2511,2759
2512,2826
2513,2827
2513,2828
2514,2829
2515,2830
2515,2831
2516,2832
2516,2833
2517,2834
2517,2835
2520,2641
2520,2642
2522,2643
2525,2644
2528,2645
2528,2646
2541,2647
2545,2648
2576,2886
2577,2887
2578,2836
2578,2837
2579,2881
2580,2888
2581,2842
2581,2843
2582,2889
2583,2890
2583,2891
2584,2838
2585,2892
2586,2893
2587,2894
2588,2895
2589,2896
2590,2897
2591,2839
2592,2898
2593,2899
2593,2900
2594,2901
2595,2902
2596,2903
2596,2904
2597,2905
2597,2906
2598,2907
2599,2844
2599,2908
2600,2844
2601,2909
2602,2884
2602,2910
2603,2911
2603,2912
2604,2913
2604,2914
2605,2915
2606,2845
2607,2846
2607,2847
2608,2848
2608,2849
2609,2916
2609,2917
2610,2900
2611,2918
2611,2919
2612,2920
2612,2921
2613,2922
2613,2923
2614,2924
2615,2925
2616,2850
2617,2926
2618,2927
2619,2928
2620,2851
2621,2929
2621,2867
2622,2930
2623,2931
2623,2932
2624,2933
2624,2930
2625,2934
2626,2935
2626,2859
2627,2852
2628,2936
2628,2937
2629,2938
2630,2939
2630,2843
2631,2853
2632,2854
2633,2940
2633,2941
2634,2855
2634,2856
2635,2942
2636,2943
2636,2944
2637,2945
2638,2946
2638,2947
2639,2948
2639,2949
2640,2938
2640,2950
2641,2951
2642,2952
2643,2867
2644,2953
2644,2954
2645,2857
2646,2857
2646,2858
2647,2955
2648,2956
2649,2957
2649,2958
2650,2959
2651,2960
2652,2862
2653,2961
2653,2962
2654,2963
2655,2859
2655,2860
2656,2964
2657,2861
2657,2862
2658,2965
2659,2849
2660,2966
2660,2967
2661,2968
2662,2863
2663,2969
2664,2970
2665,2864
2665,2865
2666,2971
2666,2972
2667,2973
2667,2974
2668,2975
2669,2848
2670,2866
2670,2867
2671,2861
2672,2878
2672,2976
2673,2977
2674,2978
2675,2979
2676,2980
2676,2981
2677,2914
2677,2982
2678,2983
2679,2984
2679,2985
2680,2986
2681,2987
2681,2988
2682,2989
2682,2990
2683,2991
2683,2992
2684,2993
2684,2994
2685,2868
2685,2869
2686,2870
2686,2871
2687,2923
2688,2872
2689,2995
2689,2996
2690,2997
2690,2998
2691,2999
2692,2930
2693,3000
2693,3001
2694,3001
2695,3002
2695,3003
2696,3004
2697,3005
2697,3006
2698,3007
2698,3008
2699,3009
2700,3007
2700,3010
2701,3011
2702,3012
2703,3013
2703,3014
2704,3015
2704,3016
2705,3017
2706,3018
2706,3019
2707,3020
2708,3021
2709,3022
2710,3023
2711,2866
2711,3024
2712,3025
2713,3026
2713,2867
2714,3027
2714,3028
2715,3029
2716,3030
2717,3031
2718,2843
2719,3032
2719,3033
2720,2873
2721,2874
2722,3034
2722,3035
2723,3036
2723,3037
2724,3038
2725,2875
2726,3039
2726,3040
2727,2958
2727,3036
2728,3041
2728,3042
2729,3043
2729,3044
2730,3045
2730,3046
2731,3047
2732,3048
2733,3049
2733,3050
2734,3051
2734,3052
2735,2876
2736,3053
2736,3054
2737,3055
2738,3056
2738,3046
2739,3057
2739,3058
2740,2851
2740,3059
2741,3060
2741,2838
2742,3061
2742,3062
2743,3063
2743,3064
2744,3065
2744,2849
2745,3066
2745,3067
2746,3068
2746,2854
2747,2851
2748,3069
2749,3070
2749,3071
2750,2977
2750,2908
2751,3072
2752,2943
2753,3073
2754,3074
2755,3002
2756,2889
2756,3075
2757,3076
2757,3077
2758,2877
2758,2878
2759,2879
2759,2880
2760,3078
2760,3079
2761,3080
2762,3081
2763,3082
2763,3079
2764,3083
2765,3084
2765,2971
2766,3085
2767,3086
2768,3087
2769,2840
2769,2841
2770,3088
2770,3089
2771,3090
2771,3091
2772,3092
2772,3093
2773,3094
2773,3095
2777,2881
2782,2882
2782,2883
2796,2884
2796,2885
2836,3148
2836,3149
2837,3150
2838,3097
2839,3151
2839,3152
2840,3153
2841,3154
2841,3155
2842,3156
2843,3098
2843,3099
2844,3108
2845,3157
2846,3158
2847,3159
2847,3160
2848,3109
2848,3110
2849,3100
2850,3161
2851,3101
2851,3102
2852,3162
2852,3163
2853,3164
2853,3165
2854,3103
2854,3104
2855,3166
2855,3167
2856,3122
2857,3111
2858,3168
2859,3112
2860,3122
2861,3113
2862,3105
2863,3121
2863,3169
2864,3170
2865,3171
2866,3114
2866,3115
2867,3096
2868,3162
2868,3172
2869,3173
2870,3174
2870,3175
2871,3176
2872,3177
2872,3178
2873,3179
2874,3101
2874,3180
2875,3181
2875,3182
2876,3183
2877,3184
2878,3116
2878,3117
2879,3185
2880,3186
2881,3118
2881,3119
2882,3187
2882,3188
2883,3189
2883,3190
2884,3120
2885,3191
2886,3192
2886,3107
2887,3193
2888,3194
2889,3121
2889,3122
2890,3195
2891,3196
2892,3197
2893,3198
2893,3199
2894,3200
2894,3201
2895,3202
2895,3203
2896,3204
2897,3148
2897,3205
2898,3206
2898,3207
2899,3208
2899,3209
2900,3123
2901,3210
2902,3211
2902,3212
2903,3213
2903,3207
2904,3214
2905,3215
2905,3216
2906,3217
2907,3218
2908,3124
2909,3219
2909,3220
2910,3221
2910,3222
2911,3223
2911,3224
2912,3225
2912,3226
2913,3227
2913,3228
2914,3125
2914,3126
2915,3229
2916,3230
2916,3231
2917,3232
2917,3233
2918,3234
2919,3235
2919,3236
2920,3237
2921,3238
2922,3239
2923,3127
2923,3128
2924,3240
2925,3241
2926,3242
2927,3243
2928,3244
2929,3245
2929,3246
2930,3106
2931,3161
2932,3247
2933,3247
2934,3248
2935,3249
2935,3250
2936,3251
2937,3252
2938,3129
2939,3253
2939,3125
2940,3254
2941,3255
2941,3256
2942,3257
2943,3130
2943,3131
2944,3258
2944,3259
2945,3260
2946,3261
2947,3099
2948,3262
2949,3263
2950,3131
2950,3264
2951,3172
2952,3265
2952,3266
2953,3267
2954,3268
2954,3269
2955,3270
2955,3271
2956,3272
2956,3252
2957,3273
2958,3132
2958,3133
2959,3274
2960,3275
2961,3250
2962,3276
2962,3277
2963,3278
2964,3222
2965,3279
2966,3280
2967,3281
2968,3282
2969,3230
2970,3283
2970,3284
2971,3134
2972,3285
2973,3286
2974,3287
2975,3288
2976,3289
2977,3107
2978,3290
2979,3291
2980,3292
2980,3293
2981,3294
2982,3295
2982,3296
2983,3124
2984,3297
2985,3298
2985,3299
2986,3300
2987,3301
2987,3302
2988,3303
2988,3304
2989,3305
2990,3306
2990,3307
2991,3308
2992,3309
2993,3310
2993,3311
2994,3312
2994,3313
2995,3314
2996,3315
2996,3316
2997,3317
2997,3318
2998,3109
2999,3319
3000,3320
3000,3219
3001,3135
3001,3136
3002,3137
3003,3136
3003,3321
3004,3322
3005,3323
3006,3324
3007,3138
3008,3325
3009,3326
3009,3327
3010,3328
3010,3329
3011,3330
3011,3331
3012,3332
3012,3333
3013,3255
3014,3334
3015,3335
3016,3336
3016,3337
3017,3338
3017,3339
3018,3340
3019,3341
3019,3342
3020,3131
3021,3343
3022,3139
3022,3140
3023,3344
3023,3345
3024,3229
3024,3346
3025,3347
3026,3348
3027,3349
3027,3350
3028,3168
3029,3351
3029,3352
3030,3353
3030,3290
3031,3354
3031,3355
3032,3356
3032,3352
3036,3141
3036,3142
3046,3143
3046,3144
3079,3145
3080,3146
3080,3147
3096,3405
3097,3406
3097,3407
3098,3408
3099,3360
3099,3361
3100,3409
3101,3362
3101,3363
3102,3410
3103,3411
3103,3412
3104,3413
3104,3411
3105,3414
3106,3415
3106,3416
3107,3364
3107,3365
3108,3417
3108,3418
3109,3366
3110,3419
3111,3420
3112,3421
3113,3422
3114,3423
3115,3424
3116,3425
3117,3426
3118,3427
3119,3428
3119,3429
3120,3430
3121,3367
3121,3368
3122,3357
3123,3431
3123,3412
3124,3369
3124,3370
3125,3371
3125,3372
3126,3361
3126,3432
3127,3433
3128,3434
3128,3435
3129,3436
3129,3437
3130,3438
3130,3439
3131,3358
3131,3359
3132,3440
3132,3441
3133,3442
3133,3443
3134,3444
3135,3445
3136,3373
3136,3374
3137,3446
3138,3447
3139,3448
3139,3449
3140,3450
3141,3451
3141,3452
3142,3453
3143,3376
3143,3454
3144,3455
3144,3456
3145,3457
3146,3458
3147,3459
3148,3375
3149,3460
3150,3461
3151,3414
3151,3462
3152,3423
3153,3463
3154,3464
3155,3465
3156,3466
3157,3395
3158,3467
3158,3468
3159,3419
3159,3469
3160,3470
3160,3471
3161,3376
3161,3377
3162,3378
3162,3379
3163,3472
3164,3473
3164,3474
3165,3475
3165,3476
3166,3477
3167,3428
3168,3380
3169,3367
3169,3443
3170,3478
3170,3479
3171,3380
3171,3405
3172,3381
3173,3480
3173,3481
3174,3482
3175,3483
3175,3484
3176,3485
3176,3486
3177,3487
3177,3488
3178,3489
3178,3490
3179,3491
3179,3454
3180,3492
3181,3493
3181,3494
3182,3393
3183,3495
3183,3496
3184,3497
3185,3498
3186,3499
3187,3500
3187,3501
3188,3502
3188,3503
3189,3504
3190,3505
3191,3382
3191,3383
3192,3506
3192,3507
3193,3508
3194,3509
3194,3510
3195,3511
3195,3512
3196,3513
3196,3514
3197,3515
3197,3357
3198,3516
3198,3517
3199,3477
3199,3421
3200,3518
3201,3519
3201,3520
3202,3521
3202,3522
3203,3523
3204,3524
3205,3421
3206,3399
3207,3384
3207,3385
3208,3525
3209,3526
3210,3527
3210,3528
3211,3387
3211,3477
3212,3529
3213,3530
3214,3398
3214,3531
3215,3532
3216,3529
3217,3533
3218,3442
3219,3386
3220,3534
3221,3517
3222,3387
3222,3388
3223,3535
3224,3531
3225,3429
3226,3536
3227,3537
3227,3538
3228,3539
3229,3389
3230,3390
3231,3540
3232,3541
3233,3542
3233,3543
3234,3544
3235,3545
3235,3546
3236,3547
3237,3487
3237,3548
3238,3391
3238,3392
3239,3549
3239,3550
3240,3393
3241,3380
3241,3551
3242,3518
3243,3552
3244,3553
3245,3554
3245,3555
3246,3556
3247,3394
3247,3395
3248,3557
3249,3514
3249,3558
3250,3396
3250,3397
3251,3559
3251,3560
3252,3398
3252,3399
3253,3561
3254,3562
3255,3400
3255,3401
3256,3563
3257,3564
3257,3565
3258,3566
3258,3567
3259,3568
3260,3569
3261,3418
3261,3570
3262,3571
3262,3572
3263,3573
3264,3574
3265,3575
3266,3392
3266,3481
3267,3576
3267,3577
3268,3578
3269,3579
3270,3411
3270,3580
3271,3581
3272,3582
3272,3583
3273,3584
3273,3585
3274,3586
3275,3587
3276,3588
3277,3589
3278,3590
3278,3514
3279,3513
3280,3591
3280,3592
3281,3593
3282,3472
3283,3594
3283,3595
3284,3596
3285,3597
3286,3509
3286,3598
3287,3599
3287,3600
3288,3601
3289,3402
3290,3403
3291,3602
3292,3603
3292,3604
3293,3605
3293,3606
3294,3607
3294,3608
3295,3609
3295,3610
3352,3404
3357,3621
3358,3666
3358,3667
3359,3668
3359,3669
3360,3670
3360,3671
3361,3622
3362,3672
3362,3673
3363,3674
3364,3675
3364,3676
3365,3677
3366,3678
3367,3623
3368,3679
3369,3680
3369,3681
3370,3682
3370,3683
3371,3684
3372,3681
3372,3685
3373,3686
3374,3687
3375,3688
3376,3624
3377,3647
3377,3689
3378,3690
3379,3691
3380,3611
3381,3692
3381,3623
3382,3693
3382,3694
3383,3695
3384,3696
3384,3697
3385,3698
3385,3699
3386,3700
3386,3701
3387,3625
3388,3702
3389,3703
3389,3704
3390,3705
3391,3706
3392,3626
3392,3627
3393,3628
3394,3707
3395,3629
3395,3621
3396,3708
3396,3709
3397,3710
3397,3709
3398,3630
3398,3631
3399,3632
3399,3633
3400,3711
3401,3712
3402,3713
3403,3714
3403,3715
3404,3716
3405,3634
3406,3717
3407,3683
3408,3718
3409,3620
3409,3719
3410,3720
3411,3612
3411,3613
3412,3635
3412,3636
3413,3721
3413,3722
3414,3637
3415,3723
3416,3724
3416,3725
3417,3726
3418,3638
3418,3639
3419,3640
3419,3641
3420,3727
3421,3614
3421,3615
3422,3656
3422,3728
3423,3616
3424,3729
3425,3730
3426,3731
3426,3732
3427,3733
3427,3629
3428,3642
3428,3643
3429,3644
3430,3734
3431,3665
3432,3735
3433,3736
3434,3737
3435,3738
3435,3739
3436,3740
3436,3741
3437,3742
3437,3743
3438,3744
3439,3745
3439,3746
3440,3747
3441,3747
3442,3645
3442,3646
3443,3647
3444,3748
3445,3749
3445,3750
3446,3751
3446,3752
3447,3753
3448,3754
3448,3755
3449,3756
3449,3757
3450,3758
3450,3759
3451,3760
3452,3692
3453,3761
3454,3648
3454,3649
3455,3762
3456,3763
3456,3764
3457,3765
3458,3628
3458,3766
3459,3767
3459,3627
3460,3768
3461,3769
3462,3770
3463,3771
3464,3772
3465,3773
3465,3720
3466,3682
3467,3650
3468,3774
3468,3775
3469,3776
3470,3777
3471,3778
3472,3650
3473,3703
3474,3779
3475,3780
3476,3781
3477,3617
3477,3618
3478,3624
3479,3782
3480,3706
3481,3651
3481,3652
3482,3783
3482,3784
3483,3785
3484,3786
3485,3787
3486,3788
3486,3789
3487,3653
3487,3654
3488,3790
3489,3791
3490,3792
3490,3793
3491,3794
3492,3795
3493,3695
3493,3796
3494,3797
3495,3798
3496,3799
3497,3705
3497,3800
3498,3771
3499,3801
3499,3802
3500,3803
3501,3804
3501,3805
3502,3806
3503,3807
3504,3808
3505,3809
3505,3810
3506,3811
3507,3812
3508,3732
3509,3655
3510,3813
3510,3814
3511,3815
3512,3816
3512,3817
3513,3656
3513,3657
3514,3619
3514,3620
3515,3818
3516,3695
3516,3819
3517,3658
3517,3659
3518,3660
3519,3820
3520,3821
3520,3702
3521,3822
3522,3823
3522,3824
3523,3825
3524,3826
3525,3825
3526,3827
3527,3828
3527,3829
3528,3830
3529,3661
3529,3662
3530,3831
3530,3832
3531,3663
3532,3833
3532,3834
3533,3835
3534,3836
3535,3837
3535,3838
3536,3839
3537,3840
3537,3841
3538,3829
3538,3680
3539,3842
3540,3697
3541,3843
3541,3844
3542,3824
3542,3845
3543,3846
3544,3738
3545,3847
3545,3848
3546,3849
3546,3850
3547,3851
3548,3790
3549,3737
3549,3852
3550,3853
3550,3854
3551,3855
3551,3856
3552,3857
3552,3858
3553,3859
3553,3856
3554,3860
3554,3861
3555,3862
3555,3863
3556,3664
3562,3665
3611,3920
3611,3921
3612,3922
3613,3923
3614,3924
3614,3925
3615,3926
3616,3927
3617,3928
3617,3929
3618,3930
3618,3931
3619,3887
3620,3869
3621,3870
3621,3871
3622,3932
3622,3933
3623,3872
3623,3873
3624,3874
3624,3875
3625,3934
3625,3935
3626,3936
3627,3876
3627,3877
3628,3878
3629,3879
3629,3880
3630,3937
3631,3938
3631,3939
3632,3940
3633,3941
3633,3942
3634,3943
3634,3944
3635,3945
3635,3875
3636,3946
3637,3947
3638,3948
3638,3949
3639,3950
3639,3951
3640,3952
3641,3953
3641,3954
3642,3955
3642,3956
3643,3957
3644,3958
3644,3959
3645,3931
3646,3960
3646,3961
3647,3881
3648,3962
3649,3963
3650,3864
3650,3865
3651,3964
3652,3965
3653,3966
3653,3967
3654,3968
3654,3864
3655,3882
3656,3883
3657,3901
3657,3969
3658,3970
3659,3971
3660,3972
3661,3973
3661,3974
3662,3943
3662,3975
3663,3976
3663,3977
3664,3978
3664,3979
3665,3884
3666,3980
3667,3981
3668,3982
3669,3983
3669,3984
3670,3985
3671,3986
3672,3987
3672,3988
3673,3989
3674,3990
3675,3991
3675,3992
3676,3993
3677,3963
3678,3994
3678,3995
3679,3996
3680,3885
3681,3886
3682,3887
3682,3888
3683,3889
3684,3985
3685,3997
3685,3998
3686,3999
3687,4000
3688,3869
3689,4001
3689,4002
3690,4003
3691,3903
3692,3890
3692,3891
3693,3989
3694,4004
3694,4005
3695,3866
3696,4006
3697,3892
3698,3923
3698,4007
3699,4008
3699,4009
3700,4010
3701,4011
3701,4012
3702,3893
3702,3894
3703,3895
3704,4013
3705,3896
3705,3897
3706,3867
3706,3868
3707,3943
3708,4014
3709,3898
3710,4015
3711,4016
3712,3899
3713,4017
3714,4018
3714,3979
3715,4019
3715,4020
3716,4021
3716,4022
3717,3991
3717,4023
3718,3933
3719,4024
3719,4025
3720,3899
3720,3900
3721,4026
3721,4027
3722,4028
3723,4029
3723,4030
3724,3894
3725,4031
3726,4032
3727,4033
3727,4034
3728,4035
3728,4036
3729,4037
3729,4038
3730,4039
3731,4040
3731,4041
3732,3901
3732,3880
3733,3879
3734,4042
3734,4043
3735,4044
3735,4045
3736,3867
3737,3902
3737,3903
3738,3904
3738,3905
3739,4046
3739,4047
3740,4048
3740,4049
3741,4050
3742,4051
3743,4052
3743,4053
3744,4054
3744,4055
3745,4056
3745,3997
3746,4057
3746,3983
3747,3906
3748,4058
3749,4059
3749,4060
3750,4061
3751,4062
3752,4063
3753,3907
3753,3908
3754,4064
3754,4065
3755,4066
3755,4067
3756,4068
3757,4069
3758,4070
3758,4071
3759,4072
3759,4073
3760,3909
3761,4074
3761,4075
3762,4076
3763,4077
3763,4078
3764,4079
3765,4047
3766,4080
3767,4081
3767,4082
3768,4083
3769,4084
3770,4035
3771,3910
3771,3911
3772,4085
3772,3969
3773,4086
3773,3977
3774,4087
3775,4088
3775,4089
3776,4090
3776,3952
3777,4091
3777,3883
3778,3912
3779,4092
3779,4093
3780,3913
3781,3914
3782,4094
3783,3994
3784,4095
3784,4096
3785,4097
3786,4091
3786,4098
3787,4099
3788,4100
3789,3883
3790,3915
3791,4101
3792,4102
3793,4103
3793,4104
3794,4105
3795,3944
3795,4088
3796,4106
3797,4107
3798,3867
3799,4108
3799,3904
3800,3963
3801,4109
3802,4110
3802,4111
3803,4112
3803,4113
3804,4114
3805,4115
3806,4116
3807,4117
3807,4118
3824,3916
3825,3917
3829,3918
3856,3919
3864,4127
3865,4169
3865,4170
3866,4171
3866,4172
3867,4119
3868,4173
3868,4174
3869,4128
3870,4175
3871,4176
3872,4177
3872,4178
3873,4179
3873,4180
3874,4181
3875,4129
3876,4182
3877,4127
3878,4183
3879,4130
3880,4131
3880,4132
3881,4133
3882,4184
3882,4185
3883,4120
3884,4134
3884,4135
3885,4186
3886,4187
3887,4136
3887,4137
3888,4188
3889,4189
3889,4190
3890,4191
3890,4192
3891,4193
3892,4194
3893,4195
3893,4196
3894,4138
3894,4139
3895,4197
3896,4198
3897,4199
3898,4200
3899,4140
3900,4201
3900,4202
3901,4141
3902,4203
3903,4142
3903,4143
3904,4144
3904,4145
3905,4204
3905,4205
3906,4206
3907,4207
3908,4208
3908,4209
3909,4210
3909,4211
3910,4212
3910,4213
3911,4214
3912,4120
3913,4215
3913,4216
3914,4217
3914,4218
3915,4219
3915,4220
3916,4221
3916,4222
3917,4223
3918,4224
3918,4225
3919,4226
3920,4227
3921,4228
3922,4229
3923,4146
3923,4147
3924,4230
3924,4231
3925,4232
3926,4233
3927,4234
3928,4132
3928,4235
3929,4236
3929,4130
3930,4237
3930,4238
3931,4148
3932,4239
3933,4125
3934,4240
3935,4241
3935,4242
3936,4243
3936,4244
3937,4245
3938,4246
3938,4150
3939,4247
3940,4248
3940,4249
3941,4250
3942,4251
3943,4121
3944,4122
3945,4150
3945,4252
3946,4129
3947,4253
3948,4254
3948,4255
3949,4256
3949,4257
3950,4258
3951,4188
3951,4259
3952,4122
3953,4260
3954,4261
3955,4262
3956,4263
3956,4264
3957,4265
3957,4266
3958,4245
3959,4267
3959,4268
3960,4269
3961,4236
3961,4172
3962,4270
3963,4123
3963,4124
3964,4271
3964,4272
3965,4273
3966,4274
3966,4275
3967,4276
3968,4277
3969,4149
3970,4278
3970,4279
3971,4280
3972,4281
3973,4282
3974,4283
3975,4284
3976,4285
3976,4286
3977,4150
3978,4287
3979,4151
3979,4152
3980,4288
3980,4289
3981,4290
3981,4291
3982,4292
3983,4153
3983,4154
3984,4293
3984,4291
3985,4125
3986,4294
3986,4295
3987,4296
3988,4297
3988,4279
3989,4155
3990,4298
3990,4299
3991,4156
3991,4157
3992,4300
3993,4301
3993,4302
3994,4158
3994,4159
3995,4303
3995,4304
3996,4305
3997,4160
3998,4306
3998,4307
3999,4308
3999,4309
4000,4310
4001,4311
4001,4312
4002,4313
4002,4314
4003,4315
4004,4316
4004,4317
4005,4318
4006,4319
4007,4320
4008,4321
4008,4322
4009,4323
4009,4324
4010,4325
4011,4326
4012,4327
4012,4328
4013,4329
4014,4260
4014,4330
4015,4289
4016,4331
4016,4332
4017,4333
4017,4334
4018,4335
4018,4336
4019,4337
4020,4338
4020,4339
4021,4326
4022,4340
4023,4341
4024,4342
4025,4343
4025,4344
4026,4194
4027,4345
4028,4346
4029,4347
4030,4348
4031,4349
4032,4350
4032,4351
4033,4352
4033,4353
4034,4354
4035,4161
4035,4162
4036,4355
4037,4356
4037,4357
4038,4358
4039,4359
4040,4360
4040,4361
4041,4362
4041,4363
4042,4364
4042,4365
4043,4249
4043,4366
4044,4367
4045,4368
4046,4369
4047,4126
4048,4351
4049,4370
4050,4371
4050,4372
4051,4373
4051,4374
4052,4375
4052,4376
4053,4328
4053,4377
4054,4378
4055,4379
4055,4380
4056,4381
4057,4382
4057,4383
4058,4163
4059,4384
4059,4379
4060,4385
4069,4164
4069,4165
4088,4166
4091,4167
4114,4168
4119,4419
4120,4388
4120,4389
4121,4420
4122,4390
4123,4421
4123,4422
4124,4423
4124,4424
4125,4391
4126,4425
4126,4426
4127,4392
4127,4393
4128,4401
4129,4394
4129,4395
4130,4396
4131,4427
4131,4428
4132,4392
4133,4429
4134,4430
4135,4431
4136,4432
4137,4433
4137,4434
4138,4435
4138,4436
4139,4437
4140,4438
4141,4439
4141,4440
4142,4441
4142,4442
4143,4443
4144,4393
4145,4444
4145,4419
4146,4445
4146,4446
4147,4447
4147,4448
4148,4449
4148,4450
4149,4451
4149,4432
4150,4386
4151,4452
4152,4453
4152,4454
4153,4388
4153,4455
4154,4456
4154,4457
4155,4458
4155,4459
4156,4460
4157,4461
4158,4425
4159,4462
4159,4463
4160,4464
4160,4465
4161,4466
4161,4467
4162,4468
4163,4469
4164,4470
4164,4471
4165,4472
4165,4473
4166,4474
4167,4475
4167,4476
4168,4477
4169,4478
4170,4479
4171,4480
4171,4481
4172,4397
4173,4482
4174,4483
4174,4484
4175,4485
4175,4486
4176,4487
4176,4488
4177,4489
4177,4404
4178,4490
4178,4449
4179,4491
4180,4492
4181,4469
4181,4493
4182,4494
4183,4495
4183,4496
4184,4497
4184,4498
4185,4499
4185,4500
4186,4398
4187,4501
4188,4387
4189,4502
4189,4417
4190,4503
4191,4504
4192,4505
4192,4506
4193,4507
4193,4508
4194,4399
4194,4400
4195,4509
4196,4510
4196,4511
4197,4512
4198,4513
4198,4514
4199,4515
4199,4516
4200,4517
4201,4518
4202,4519
4203,4481
4204,4520
4205,4521
4205,4522
4206,4523
4207,4524
4207,4525
4208,4526
4208,4527
4209,4528
4209,4529
4210,4468
4210,4530
4211,4531
4211,4532
4212,4533
4212,4430
4213,4431
4214,4534
4215,4535
4215,4536
4216,4537
4217,4538
4218,4539
4218,4540
4219,4541
4219,4450
4220,4542
4221,4543
4221,4544
4222,4545
4222,4546
4223,4547
4223,4548
4224,4549
4225,4442
4225,4408
4226,4550
4226,4423
4227,4551
4228,4552
4229,4553
4229,4554
4230,4436
4230,4555
4231,4556
4231,4557
4232,4420
4232,4558
4233,4559
4233,4560
4234,4561
4234,4498
4235,4562
4236,4401
4236,4402
4237,4508
4237,4563
4238,4564
4238,4565
4239,4566
4240,4567
4241,4568
4241,4569
4242,4570
4242,4571
4243,4572
4244,4492
4245,4403
4246,4573
4246,4574
4247,4575
4248,4576
4249,4404
4249,4405
4250,4577
4250,4578
4251,4579
4251,4580
4252,4581
4253,4476
4254,4582
4255,4583
4255,4453
4256,4584
4257,4585
4258,4586
4259,4587
4260,4406
4261,4588
4262,4589
4263,4590
4264,4591
4265,4592
4265,4532
4266,4436
4267,4593
4267,4555
4268,4531
4268,4594
4269,4390
4270,4595
4271,4596
4271,4597
4272,4598
4273,4599
4274,4600
4275,4601
4275,4602
4276,4603
4277,4604
4278,4605
4278,4405
4279,4407
4280,4606
4280,4555
4281,4607
4281,4608
4282,4590
4283,4487
4284,4609
4285,4610
4286,4611
4286,4569
4287,4612
4288,4613
4288,4614
4289,4408
4289,4409
4290,4615
4290,4613
4291,4410
4291,4411
4292,4616
4293,4617
4293,4618
4294,4415
4294,4619
4295,4620
4295,4621
4296,4622
4296,4433
4297,4429
4297,4623
4298,4624
4298,4625
4299,4626
4300,4627
4300,4469
4301,4628
4302,4629
4303,4630
4303,4631
4304,4632
4305,4633
4305,4634
4306,4635
4307,4636
4307,4637
4308,4638
4309,4639
4310,4640
4311,4641
4311,4447
4312,4642
4313,4643
4313,4644
4314,4595
4326,4412
4328,4413
4328,4414
4351,4415
4368,4416
4368,4417
4379,4418
4386,4703
4387,4704
4387,4705
4388,4653
4389,4706
4389,4707
4390,4654
4391,4708
4391,4709
4392,4655
4393,4656
4393,4657
4394,4710
4394,4711
4395,4712
4396,4713
4397,4655
4397,4714
4398,4715
4398,4716
4399,4717
4400,4718
4400,4719
4401,4658
4402,4720
4402,4721
4403,4722
4404,4659
4405,4660
4405,4661
4406,4723
4406,4724
4407,4725
4407,4726
4408,4662
4409,4727
4410,4728
4410,4729
4411,4730
4412,4731
4413,4732
4413,4733
4414,4663
4414,4734
4415,4663
4415,4664
4416,4735
4416,4736
4417,4665
4418,4737
4419,4666
4420,4667
4421,4738
4421,4739
4422,4740
4422,4741
4423,4668
4424,4742
4425,4669
4426,4743
4427,4744
4428,4694
4429,4645
4430,4670
4431,4671
4431,4672
4432,4646
4432,4647
4433,4673
4433,4674
4434,4704
4434,4745
4435,4746
4435,4747
4436,4648
4437,4748
4437,4749
4438,4750
4439,4751
4440,4752
4441,4753
4442,4675
4443,4754
4443,4755
4444,4756
4445,4757
4445,4758
4446,4759
4446,4760
4447,4676
4448,4761
4448,4762
4449,4648
4449,4677
4450,4678
4450,4679
4451,4763
4452,4764
4453,4680
4454,4765
4454,4766
4455,4767
4455,4768
4456,4769
4456,4770
4457,4735
4457,4771
4458,4772
4458,4773
4459,4774
4460,4705
4461,4775
4462,4776
4463,4777
4463,4778
4464,4779
4464,4780
4465,4781
4466,4782
4466,4783
4467,4784
4468,4681
4469,4649
4469,4650
4470,4785
4471,4786
4472,4787
4473,4788
4474,4789
4475,4790
4476,4682
4477,4791
4477,4792
4478,4647
4479,4793
4480,4726
4480,4794
4481,4683
4482,4795
4482,4796
4483,4797
4484,4798
4484,4723
4485,4799
4485,4647
4486,4720
4487,4684
4488,4800
4488,4801
4489,4802
4489,4803
4490,4804
4491,4805
4492,4685
4492,4686
4493,4806
4493,4807
4494,4808
4495,4809
4495,4810
4496,4793
4496,4811
4497,4653
4497,4812
4498,4687
4499,4813
4499,4814
4500,4687
4501,4815
4501,4816
4502,4817
4502,4818
4503,4819
4504,4681
4504,4820
4505,4821
4505,4822
4506,4823
4507,4824
4507,4820
4508,4688
4508,4689
4509,4825
4509,4826
4510,4827
4510,4828
4511,4673
4512,4829
4512,4830
4513,4784
4513,4712
4514,4831
4515,4758
4516,4832
4516,4833
4517,4834
4518,4690
4518,4691
4519,4835
4519,4836
4520,4837
4520,4686
4521,4838
4522,4839
4523,4692
4523,4693
4524,4840
4524,4691
4525,4841
4526,4842
4526,4843
4527,4836
4528,4844
4529,4845
4529,4846
4530,4847
4531,4645
4531,4694
4532,4659
4532,4695
4533,4848
4534,4849
4535,4850
4535,4851
4536,4852
4537,4853
4538,4854
4539,4855
4539,4856
4540,4857
4541,4858
4541,4859
4542,4860
4543,4861
4544,4862
4544,4863
4545,4864
4545,4699
4546,4865
4547,4866
4548,4867
4549,4868
4550,4827
4550,4869
4551,4870
4552,4871
4553,4668
4553,4872
4554,4873
4554,4874
4555,4651
4555,4652
4556,4875
4556,4674
4557,4876
4557,4877
4558,4878
4558,4695
4559,4879
4559,4880
4560,4881
4561,4882
4561,4883
4562,4871
4563,4884
4564,4885
4565,4661
4565,4886
4566,4701
4567,4876
4568,4887
4569,4696
4569,4697
4570,4694
4571,4667
4572,4801
4573,4888
4574,4889
4575,4718
4576,4674
4577,4698
4577,4890
4578,4891
4579,4892
4579,4893
4580,4894
4581,4895
4582,4896
4583,4830
4590,4698
4590,4699
4595,4700
4613,4701
4613,4702
4645,4902
4646,4959
4646,4960
4647,4897
4648,4903
4648,4904
4649,4961
4650,4962
4650,4963
4651,4964
4651,4965
4652,4966
4653,4905
4653,4906
4654,4967
4655,4907
4656,4968
4657,4969
4657,4970
4658,4971
4659,4908
4660,4972
4661,4909
4661,4910
4662,4973
4663,4911
4663,4912
4664,4974
4665,4975
4665,4976
4666,4977
4666,4978
4667,4913
4667,4914
4668,4915
4668,4916
4669,4917
4670,4979
4670,4980
4671,4981
4672,4982
4672,4983
4673,4918
4674,4898
4674,4899
4675,4984
4675,4985
4676,4986
4676,4987
4677,4988
4677,4989
4678,4990
4679,4991
4679,4992
4680,4993
4681,4913
4681,4908
4682,4994
4682,4995
4683,4996
4683,4997
4684,4998
4685,4999
4686,4919
4686,4920
4687,4921
4687,4922
4688,5000
4689,5001
4689,5002
4690,5003
4690,5004
4691,4923
4691,4924
4692,5005
4692,5006
4693,5007
4694,4900
4694,4901
4695,4925
4696,5008
4696,5009
4697,5010
4697,5011
4698,4926
4698,4927
4699,4928
4700,5012
4700,5013
4701,4929
4701,4930
4702,5014
4703,5015
4704,4931
4705,4931
4706,5016
4706,5017
4707,4973
4707,5018
4708,5019
4708,5020
4709,5021
4710,5022
4711,4979
4711,5023
4712,4932
4713,4902
4714,5024
4715,5025
4716,5026
4717,5027
4718,4933
4719,5028
4720,4934
4720,4935
4721,5029
4722,5027
4723,4936
4724,5030
4725,4899
4725,5031
4726,4937
4727,5017
4728,5032
4729,5033
4730,5034
4730,5035
4731,5036
4731,5037
4732,5038
4732,5039
4733,5040
4734,5041
4734,5042
4735,4938
4735,4939
4736,5043
4737,5044
4737,5045
4738,5046
4739,5047
4739,5048
4740,5003
4741,4949
4741,5049
4742,5050
4742,5051
4743,5052
4744,5053
4744,4914
4745,5054
4745,4931
4746,4904
4747,5055
4747,5056
4748,5057
4748,5058
4749,5059
4750,5060
4750,5061
4751,5062
4752,5063
4753,5064
4753,5065
4754,5032
4754,5066
4755,5067
4755,5068
4756,4994
4757,5069
4758,4940
4758,4941
4759,5070
4760,5071
4760,5072
4761,5073
4761,5074
4762,5075
4763,5076
4764,5077
4764,5078
4765,5079
4765,5080
4766,5043
4767,5081
4768,5082
4769,5083
4769,5084
4770,5085
4771,5086
4771,5087
4772,5088
4773,5089
4773,5090
4774,5091
4775,5092
4776,5093
4776,5094
4777,5095
4778,5096
4778,5097
4779,5098
4779,5099
4780,5100
4780,5101
4781,4930
4781,5102
4782,5103
4782,5104
4783,5105
4784,4942
4785,5106
4785,5107
4786,5108
4786,5109
4787,5110
4787,5111
4788,5112
4789,5113
4789,5114
4790,5115
4791,5116
4791,5117
4792,5118
4793,4943
4793,4944
4794,5119
4794,5120
4795,5121
4796,5122
4797,5122
4798,5123
4799,5124
4799,5125
4800,5126
4800,4988
4801,4945
4801,4946
4802,5127
4802,4900
4803,5128
4804,5129
4805,5130
4805,5131
4806,5132
4806,5133
4807,5134
4807,5135
4808,5136
4808,5137
4809,5122
4810,5138
4811,5139
4812,5140
4813,5141
4814,5142
4815,4906
4815,5143
4816,5087
4817,5144
4818,5145
4819,5146
4819,5147
4820,4947
4821,5148
4822,5149
4822,5150
4823,5151
4824,5152
4824,5153
4825,5154
4825,5155
4826,5156
4826,5157
4827,4948
4828,5158
4828,5159
4829,5160
4829,5161
4830,4949
4830,4950
4831,5162
4831,4916
4832,5163
4832,5164
4833,5071
4833,5165
4834,5166
4835,5167
4836,4951
4837,5168
4837,5169
4838,4952
4838,4953
4839,5170
4840,5171
4852,4954
4857,4955
4870,4956
4871,4957
4876,4958
4897,5210
4898,5211
4899,5176
4900,5177
4901,5212
4902,5178
4902,5179
4903,5213
4904,5180
4905,5214
4906,5181
4907,5215
4908,5179
4909,5216
4910,5217
4910,5218
4911,5219
4911,5220
4912,5221
4912,5222
4913,5182
4914,5183
4914,5184
4915,5223
4915,5224
4916,5185
4916,5186
4917,5225
4917,5226
4918,5227
4918,5228
4919,5229
4919,5230
4920,5231
4921,5232
4922,5190
4923,5233
4924,5234
4925,5235
4925,5236
4926,5237
4927,5238
4928,5239
4928,5240
4929,5241
4929,5242
4930,5187
4930,5188
4931,5172
4931,5173
4932,5243
4932,5244
4933,5245
4933,5246
4934,5247
4935,5248
4936,5249
4936,5250
4937,5251
4938,5252
4939,5253
4940,5254
4940,5255
4941,5256
4942,5257
4942,5258
4943,5259
4943,5260
4944,5261
4945,5262
4945,5263
4946,5264
4947,5265
4947,5266
4948,5199
4948,5267
4949,5189
4949,5190
4950,5268
4950,5269
4951,5270
4952,5271
4952,5272
4953,5273
4954,5274
4955,5275
4956,5276
4957,5277
4958,5278
4959,5279
4960,5280
4961,5281
4962,5282
4962,5283
4963,5284
4963,5285
4964,5286
4965,5287
4965,5288
4966,5289
4967,5290
4967,5189
4968,5291
4968,5264
4969,5292
4970,5293
4970,5294
4971,5295
4971,5296
4972,5297
4972,5298
4973,5191
4974,5299
4974,5300
4975,5301
4976,5302
4976,5303
4977,5304
4977,5305
4978,5306
4979,5192
4979,5193
4980,5307
4980,5308
4981,5309
4982,5310
4982,5311
4983,5310
4983,5312
4984,5313
4985,5314
4986,5315
4986,5316
4987,5317
4988,5194
4988,5195
4989,5318
4990,5319
4991,5320
4991,5321
4992,5322
4993,5284
4994,5196
4994,5197
4995,5323
4995,5324
4996,5325
4996,5326
4997,5327
4997,5328
4998,5329
4999,5330
4999,5331
5000,5332
5001,5333
5001,5334
5002,5174
5002,5335
5003,5198
5003,5199
5004,5336
5005,5337
5006,5338
5006,5339
5007,5340
5008,5341
5008,5257
5009,5342
5010,5343
5010,5344
5011,5345
5012,5346
5012,5347
5013,5348
5014,5349
5015,5199
5015,5350
5016,5351
5017,5200
5017,5201
5018,5352
5018,5353
5019,5354
5019,5355
5020,5356
5020,5357
5021,5358
5022,5359
5022,5360
5023,5361
5023,5362
5024,5363
5025,5364
5026,5202
5027,5203
5028,5365
5028,5366
5029,5210
5030,5367
5030,5368
5031,5369
5032,5204
5032,5205
5033,5370
5033,5371
5034,5372
5035,5373
5036,5374
5036,5375
5037,5376
5037,5377
5038,5378
5039,5379
5040,5354
5041,5380
5041,5381
5042,5382
5043,5206
5044,5383
5045,5384
5046,5228
5046,5385
5047,5186
5048,5185
5049,5386
5050,5387
5050,5388
5051,5389
5051,5390
5052,5391
5052,5392
5053,5393
5054,5394
5054,5395
5055,5396
5055,5397
5056,5398
5056,5399
5057,5179
5057,5400
5058,5401
5058,5393
5059,5402
5059,5403
5060,5404
5060,5362
5061,5405
5062,5406
5063,5407
5064,5200
5065,5408
5066,5409
5067,5410
5067,5411
5068,5412
5068,5413
5069,5345
5069,5317
5070,5414
5071,5207
5071,5208
5072,5415
5073,5416
5073,5417
5074,5418
5074,5419
5075,5420
5075,5421
5076,5422
5077,5423
5078,5186
5079,5424
5080,5425
5081,5426
5082,5427
5083,5428
5084,5429
5085,5357
5085,5430
5086,5431
5087,5209
5088,5432
5088,5433
5089,5434
5090,5435
5090,5436
5091,5437
5091,5438
5092,5439
5093,5440
5093,5441
5094,5442
5095,5443
5095,5444
5096,5445
5122,5174
5122,5175
5172,5479
5172,5480
5173,5481
5174,5449
5174,5450
5175,5482
5175,5483
5176,5484
5177,5485
5178,5486
5179,5446
5180,5487
5180,5488
5181,5489
5181,5490
5182,5491
5183,5492
5183,5493
5184,5494
5185,5451
5185,5452
5186,5447
5187,5495
5188,5496
5188,5497
5189,5453
5190,5454
5191,5498
5191,5499
5192,5500
5193,5501
5194,5502
5195,5503
5196,5504
5197,5505
5198,5506
5199,5448
5200,5455
5200,5456
5201,5507
5201,5508
5202,5509
5202,5510
5203,5511
5204,5509
5204,5512
5205,5513
5205,5514
5206,5515
5206,5516
5207,5517
5208,5476
5209,5518
5210,5457
5211,5519
5212,5520
5212,5519
5213,5521
5214,5522
5214,5523
5215,5491
5216,5524
5216,5525
5217,5526
5217,5527
5218,5528
5219,5529
5219,5530
5220,5531
5220,5532
5221,5533
5221,5534
5222,5535
5223,5536
5224,5537
5225,5538
5226,5539
5227,5540
5228,5458
5229,5541
5229,5542
5230,5543
5230,5544
5231,5545
5231,5546
5232,5547
5232,5548
5233,5549
5233,5550
5234,5551
5234,5552
5235,5553
5235,5554
5236,5491
5237,5459
5237,5460
5238,5555
5238,5556
5239,5557
5240,5558
5240,5559
5241,5560
5241,5561
5242,5562
5243,5563
5243,5564
5244,5565
5244,5566
5245,5567
5246,5568
5247,5569
5248,5570
5248,5571
5249,5569
5249,5572
5250,5573
5251,5574
5252,5575
5253,5576
5253,5577
5254,5578
5255,5579
5256,5580
5256,5581
5257,5461
5258,5582
5259,5583
5259,5584
5260,5585
5260,5586
5261,5587
5261,5588
5262,5589
5262,5590
5263,5591
5263,5592
5264,5462
5264,5463
5265,5593
5265,5594
5266,5595
5266,5596
5267,5597
5267,5598
5268,5599
5269,5577
5269,5600
5270,5601
5270,5602
5271,5603
5271,5604
5272,5605
5272,5606
5273,5607
5273,5608
5274,5464
5275,5609
5275,5610
5276,5611
5276,5612
5277,5613
5278,5614
5278,5615
5279,5616
5279,5617
5280,5618
5281,5619
5281,5620
5282,5621
5282,5622
5283,5623
5283,5624
5284,5465
5284,5466
5285,5625
5285,5626
5286,5627
5286,5628
5287,5629
5288,5630
5288,5631
5289,5564
5289,5632
5290,5633
5291,5634
5291,5635
5292,5636
5292,5637
5293,5638
5294,5449
5295,5639
5295,5640
5296,5641
5297,5642
5298,5643
5298,5644
5299,5645
5300,5518
5301,5646
5302,5647
5302,5648
5303,5649
5303,5532
5304,5650
5305,5651
5305,5652
5306,5653
5307,5654
5308,5655
5309,5656
5310,5467
5310,5468
5311,5657
5312,5658
5312,5659
5313,5660
5314,5469
5315,5661
5315,5662
5316,5663
5316,5664
5317,5470
5317,5471
5318,5665
5319,5666
5320,5667
5320,5668
5321,5669
5322,5472
5323,5670
5324,5671
5324,5672
5325,5673
5325,5674
5326,5675
5326,5676
5327,5677
5328,5678
5329,5679
5329,5680
5330,5681
5331,5682
5331,5683
5332,5684
5332,5525
5333,5571
5333,5685
5334,5686
5334,5687
5335,5688
5335,5689
5336,5690
5336,5691
5337,5692
5337,5693
5338,5687
5338,5694
5339,5695
5340,5696
5340,5697
5341,5698
5342,5699
5343,5700
5343,5701
5344,5702
5345,5468
5345,5473
5346,5642
5347,5520
5347,5632
5348,5703
5348,5704
5349,5705
5349,5706
5350,5707
5350,5708
5351,5709
5352,5710
5352,5711
5353,5671
5353,5712
5354,5474
5355,5713
5355,5714
5356,5715
5357,5475
5358,5716
5358,5717
5359,5718
5360,5719
5361,5720
5361,5721
5362,5476
5363,5722
5363,5614
5364,5723
5365,5724
5365,5725
5366,5726
5367,5727
5368,5728
5368,5729
5369,5730
5370,5731
5371,5732
5371,5733
5393,5477
5393,5478
5446,5770
5447,5771
5447,5772
5448,5773
5448,5774
5449,5736
5450,5775
5450,5776
5451,5777
5451,5778
5452,5779
5452,5780
5453,5781
5454,5782
5454,5783
5455,5784
5455,5785
5456,5786
5456,5787
5457,5788
5458,5789
5458,5790
5459,5791
5460,5792
5461,5793
5461,5794
5462,5795
5462,5796
5463,5797
5463,5796
5464,5798
5465,5799
5466,5800
5467,5801
5467,5802
5468,5737
5468,5738
5469,5803
5470,5804
5471,5805
5472,5806
5473,5807
5473,5808
5474,5809
5474,5810
5475,5811
5476,5739
5476,5740
5477,5812
5477,5813
5478,5768
5479,5814
5480,5815
5481,5816
5482,5817
5483,5818
5484,5819
5484,5820
5485,5821
5486,5822
5487,5823
5488,5824
5489,5825
5490,5826
5491,5734
5491,5735
5492,5741
5493,5827
5494,5828
5495,5829
5495,5830
5496,5831
5496,5832
5497,5833
5498,5834
5498,5835
5499,5836
5500,5837
5500,5838
5501,5839
5502,5840
5503,5841
5503,5842
5504,5741
5505,5843
5505,5844
5506,5845
5507,5846
5508,5847
5509,5742
5509,5743
5510,5848
5511,5849
5512,5850
5513,5851
5513,5852
5514,5853
5514,5854
5515,5855
5516,5856
5516,5857
5517,5858
5518,5744
5519,5745
5519,5746
5520,5747
5520,5748
5521,5859
5522,5860
5523,5861
5523,5862
5524,5863
5524,5864
5525,5749
5525,5750
5526,5865
5526,5866
5527,5792
5527,5867
5528,5868
5529,5869
5529,5870
5530,5871
5531,5872
5531,5873
5532,5751
5532,5752
5533,5874
5533,5875
5534,5876
5534,5877
5535,5878
5535,5879
5536,5880
5537,5881
5538,5882
5539,5883
5539,5884
5540,5753
5541,5885
5541,5886
5542,5887
5543,5888
5544,5889
5544,5890
5545,5891
5545,5892
5546,5893
5547,5894
5548,5895
5548,5896
5549,5897
5550,5898
5551,5899
5551,5900
5552,5901
5553,5902
5554,5903
5554,5828
5555,5904
5556,5905
5556,5906
5557,5907
5558,5908
5558,5909
5559,5910
5559,5911
5560,5848
5561,5912
5562,5913
5562,5914
5563,5915
5564,5754
5565,5916
5565,5917
5566,5918
5566,5919
5567,5754
5567,5920
5568,5921
5568,5922
5569,5755
5569,5756
5570,5923
5571,5757
5572,5924
5573,5925
5573,5926
5574,5927
5575,5928
5576,5929
5576,5930
5577,5758
5578,5808
5579,5931
5580,5932
5580,5933
5581,5934
5581,5837
5582,5935
5582,5936
5583,5937
5584,5860
5584,5768
5585,5938
5585,5939
5586,5940
5587,5941
5588,5884
5588,5942
5589,5943
5589,5944
5590,5945
5591,5946
5591,5947
5592,5948
5593,5949
5593,5950
5594,5951
5594,5764
5595,5952
5595,5953
5596,5954
5596,5887
5597,5916
5597,5955
5598,5956
5598,5936
5599,5957
5600,5958
5600,5959
5601,5960
5601,5961
5602,5962
5602,5963
5603,5964
5604,5965
5605,5966
5605,5967
5606,5968
5606,5969
5607,5970
5607,5971
5608,5972
5609,5973
5609,5855
5610,5974
5610,5975
5611,5755
5612,5976
5612,5778
5613,5977
5613,5978
5614,5745
5615,5979
5615,5779
5616,5900
5616,5980
5617,5981
5618,5982
5618,5983
5619,5984
5620,5985
5620,5855
5621,5986
5622,5987
5623,5800
5624,5988
5624,5989
5625,5990
5626,5991
5626,5992
5627,5993
5628,5994
5629,5995
5629,5996
5630,5997
5631,5998
5632,5759
5633,5999
5634,6000
5635,6001
5635,6002
5636,6003
5636,6004
5637,6005
5637,5947
5638,6006
5639,6007
5639,5746
5640,6008
5640,6009
5642,5760
5642,5761
5660,5762
5660,5763
5665,5764
5669,5765
5669,5766
5671,5767
5687,5768
5687,5769
5734,6048
5734,6049
5735,6050
5735,6051
5736,6052
5737,6053
5738,6017
5739,6054
5740,6055
5740,6056
5741,6013
5742,6057
5742,6058
5743,6059
5744,6060
5745,6014
5745,6015
5746,6016
5746,6015
5747,6061
5747,6062
5748,6062
5749,6063
5750,6064
5751,6065
5751,6066
5752,6067
5753,6068
5753,6069
5754,6017
5754,6018
5755,6019
5756,6070
5757,6071
5757,6072
5758,6073
5758,6074
5759,6075
5760,6076
5760,6077
5761,6078
5762,6079
5762,6080
5763,6081
5764,6020
5764,6021
5765,6082
5766,6083
5767,6084
5767,6085
5768,6010
5769,6086
5769,6087
5770,6088
5770,6089
5771,6090
5772,6091
5772,6092
5773,6087
5773,6093
5774,6094
5775,6049
5775,6095
5776,6096
5777,6097
5777,6098
5778,6022
5778,6023
5779,6024
5780,6088
5781,6099
5782,6100
5782,6101
5783,6102
5784,6103
5784,6104
5785,6105
5785,6106
5786,6107
5786,6108
5787,6109
5787,6107
5788,6110
5788,6111
5789,6112
5790,6113
5791,6114
5791,6115
5792,6025
5792,6026
5793,6116
5793,6117
5794,6118
5795,6119
5796,6027
5797,6120
5798,6121
5798,6122
5799,6123
5799,6124
5800,6028
5801,6125
5802,6126
5802,6127
5803,6059
5804,6128
5804,6129
5805,6130
5806,6131
5806,6132
5807,6133
5808,6029
5809,6134
5809,6135
5810,6058
5811,6136
5812,6137
5812,6138
5813,6139
5814,6140
5814,6141
5815,6142
5815,6143
5816,6144
5816,6145
5817,6146
5817,6147
5818,6148
5819,6149
5819,6089
5820,6150
5820,6051
5821,6151
5821,6152
5822,6153
5822,6154
5823,6155
5824,6156
5825,6060
5825,6157
5826,6158
5827,6110
5828,6030
5828,6031
5829,6159
5830,6160
5831,6161
5831,6162
5832,6163
5832,6164
5833,6136
5834,6070
5834,6165
5835,6166
5836,6167
5836,6168
5837,6032
5837,6033
5838,6169
5838,6170
5839,6171
5840,6048
5841,6172
5841,6173
5842,6174
5842,6175
5843,6176
5843,6177
5844,6178
5845,6069
5845,6179
5846,6035
5847,6034
5847,6035
5848,6036
5849,6180
5850,6181
5850,6182
5851,6106
5852,6183
5852,6184
5853,6185
5853,6186
5854,6187
5854,6188
5855,6011
5855,6012
5856,6189
5857,6190
5858,6037
5858,6038
5859,6031
5860,6039
5861,6191
5862,6192
5862,6193
5863,6194
5864,6195
5864,6196
5865,6197
5866,6198
5866,6199
5867,6194
5867,6200
5868,6201
5868,6202
5869,6203
5869,6204
5870,6205
5871,6206
5872,6205
5872,6207
5873,6208
5873,6209
5874,6210
5875,6211
5875,6212
5876,6213
5876,6214
5877,6215
5878,6216
5879,6217
5880,6218
5881,6219
5882,6220
5883,6221
5884,6040
5884,6041
5885,6095
5885,6146
5886,6222
5887,6042
5888,6153
5888,6061
5889,6223
5890,6224
5890,6072
5891,6225
5892,6071
5892,6226
5893,6227
5893,6228
5894,6229
5894,6230
5895,6231
5896,6030
5897,6232
5898,6092
5898,6233
5899,6234
5899,6235
5900,6043
5901,6236
5901,6237
5902,6153
5903,6238
5904,6239
5904,6240
5905,6241
5906,6242
5906,6243
5907,6244
5907,6245
5908,6199
5909,6246
5909,6247
5910,6248
5911,6249
5911,6250
5912,6251
5912,6252
5913,6253
5914,6254
5914,6255
5915,6256
5915,6257
5916,6044
5917,6258
5918,6179
5918,6259
5919,6260
5919,6261
5920,6017
5920,6262
5921,6263
5922,6264
5922,6265
5923,6266
5924,6267
5924,6268
5925,6269
5925,6102
5926,6270
5927,6271
5928,6272
5928,6273
5929,6274
5929,6275
5930,6276
5930,6277
5931,6278
5932,6279
5932,6280
5936,6045
5947,6046
5947,6047
6010,6331
6011,6332
6011,6333
6012,6334
6012,6335
6013,6336
6014,6287
6014,6337
6015,6284
6016,6338
6017,6281
6018,6339
6019,6340
6019,6341
6020,6342
6020,6343
6021,6344
6022,6345
6023,6346
6023,6347
6024,6348
6024,6349
6025,6350
6025,6351
6026,6352
6027,6353
6027,6354
6028,6355
6028,6356
6029,6357
6029,6358
6030,6285
6030,6286
6031,6287
6031,6288
6032,6359
6033,6360
6033,6361
6034,6362
6034,6363
6035,6289
6035,6290
6036,6364
6036,6297
6037,6365
6038,6366
6038,6367
6039,6368
6039,6317
6040,6369
6041,6370
6041,6371
6042,6372
6043,6373
6044,6374
6045,6375
6046,6376
6046,6377
6047,6378
6048,6291
6048,6292
6049,6293
6050,6379
6050,6380
6051,6294
6052,6381
6053,6382
6054,6383
6054,6384
6055,6385
6056,6386
6056,6387
6057,6388
6058,6295
6058,6296
6059,6297
6059,6298
6060,6299
6061,6300
6061,6301
6062,6302
6063,6389
6063,6390
6064,6391
6064,6392
6065,6393
6065,6394
6066,6395
6066,6396
6067,6397
6067,6398
6068,6399
6069,6303
6070,6304
6071,6305
6071,6306
6072,6307
6072,6308
6073,6400
6073,6401
6074,6402
6074,6403
6075,6404
6075,6323
6076,6405
6077,6406
6077,6407
6078,6408
6079,6409
6080,6410
6081,6411
6082,6412
6083,6309
6083,6310
6084,6413
6084,6414
6085,6415
6086,6416
6086,6417
6087,6311
6087,6312
6088,6313
6089,6314
6090,6418
6091,6419
6092,6315
6093,6420
6094,6421
6094,6422
6095,6316
6095,6317
6096,6423
6097,6424
6097,6425
6098,6426
6099,6427
6099,6428
6100,6429
6100,6430
6101,6431
6102,6318
6102,6319
6103,6432
6104,6433
6105,6434
6106,6320
6107,6321
6107,6322
6108,6435
6108,6436
6109,6437
6109,6438
6110,6323
6111,6419
6111,6439
6112,6440
6112,6441
6113,6442
6114,6443
6115,6444
6115,6445
6116,6367
6116,6446
6117,6447
6117,6339
6118,6448
6119,6449
6120,6450
6121,6451
6122,6452
6122,6453
6123,6454
6123,6455
6124,6456
6124,6457
6125,6458
6125,6459
6126,6460
6127,6461
6128,6462
6129,6463
6129,6464
6130,6465
6130,6466
6131,6467
6131,6468
6132,6469
6132,6470
6133,6471
6134,6472
6134,6473
6135,6474
6135,6475
6136,6324
6136,6325
6137,6476
6137,6344
6138,6477
6138,6478
6139,6479
6139,6480
6140,6481
6141,6482
6141,6483
6142,6484
6143,6485
6144,6486
6145,6487
6146,6326
6146,6327
6147,6488
6147,6489
6148,6490
6148,6491
6149,6492
6149,6493
6150,6368
6150,6494
6151,6495
6151,6496
6152,6488
6153,6282
6153,6283
6154,6497
6154,6498
6155,6499
6156,6500
6157,6501
6158,6502
6159,6503
6159,6504
6160,6505
6160,6506
6161,6507
6162,6508
6162,6509
6163,6510
6163,6511
6164,6512
6165,6513
6165,6514
6166,6515
6167,6516
6167,6517
6168,6518
6168,6519
6169,6520
6169,6521
6170,6522
6171,6523
6172,6524
6173,6376
6173,6525
6174,6526
6174,6527
6175,6528
6175,6529
6176,6530
6176,6531
6177,6532
6177,6533
6178,6534
6178,6432
6179,6328
6180,6535
6180,6536
6181,6537
6182,6538
6183,6539
6183,6540
6184,6303
6185,6541
6186,6436
6187,6542
6188,6543
6189,6544
6190,6544
6190,6334
6191,6545
6191,6546
6192,6547
6192,6548
6193,6549
6193,6550
6194,6329
6195,6551
6196,6552
6197,6553
6197,6554
6198,6555
6198,6293
6199,6288
6200,6392
6201,6556
6202,6557
6203,6558
6203,6559
6204,6560
6205,6330
6206,6561
6207,6562
6208,6563
6209,6394
6210,6564
6281,6602
6281,6603
6282,6604
6283,6605
6283,6606
6284,6565
6284,6566
6285,6607
6285,6608
6286,6609
6286,6610
6287,6567
6288,6568
6288,6569
6289,6611
6290,6612
6291,6613
6291,6614
6292,6615
6292,6616
6293,6570
6294,6617
6295,6618
6296,6619
6296,6620
6297,6571
6297,6572
6298,6621
6298,6622
6299,6623
6300,6624
6300,6625
6301,6626
6302,6627
6302,6628
6303,6573
6303,6574
6304,6629
6305,6630
6305,6631
6306,6632
6307,6633
6307,6634
6308,6635
6308,6636
6309,6637
6309,6638
6310,6639
6311,6640
6311,6641
6312,6642
6313,6575
6313,6576
6314,6643
6314,6574
6315,6644
6316,6645
6317,6577
6318,6646
6318,6647
6319,6648
6319,6649
6320,6650
6320,6651
6321,6652
6322,6653
6323,6578
6324,6654
6324,6655
6325,6656
6326,6657
6326,6658
6327,6659
6327,6660
6328,6661
6329,6627
6330,6662
6331,6663
6331,6664
6332,6665
6332,6666
6333,6667
6334,6579
6335,6668
6335,6669
6336,6670
6337,6671
6337,6624
6338,6672
6339,6580
6339,6581
6340,6673
6340,6674
6341,6675
6342,6676
6343,6677
6344,6582
6344,6583
6345,6678
6346,6642
6347,6581
6348,6679
6349,6680
6349,6681
6350,6609
6350,6682
6351,6683
6352,6684
6352,6682
6353,6685
6354,6686
6355,6687
6355,6688
6356,6689
6357,6690
6358,6691
6358,6692
6359,6693
6360,6694
6360,6695
6361,6696
6361,6697
6362,6698
6363,6699
6364,6700
6364,6701
6365,6702
6366,6703
6367,6584
6367,6585
6368,6574
6368,6586
6369,6704
6369,6705
6370,6706
6370,6707
6371,6708
6372,6709
6373,6710
6373,6711
6374,6712
6375,6713
6375,6714
6376,6587
6377,6715
6377,6716
6378,6717
6378,6718
6379,6719
6380,6720
6380,6721
6381,6722
6382,6723
6383,6724
6384,6725
6385,6726
6386,6727
6387,6728
6388,6588
6389,6729
6389,6730
6390,6627
6391,6731
6391,6732
6392,6589
6392,6590
6393,6733
6393,6734
6394,6591
6394,6592
6395,6735
6395,6736
6396,6737
6397,6738
6398,6739
6398,6740
6399,6741
6399,6742
6400,6743
6400,6744
6401,6745
6402,6746
6402,6747
6403,6748
6403,6749
6404,6750
6404,6751
6405,6752
6406,6589
6406,6753
6407,6754
6407,6755
6408,6756
6409,6757
6410,6758
6410,6759
6411,6760
6412,6761
6413,6762
6414,6763
6414,6764
6415,6593
6416,6605
6416,6765
6417,6766
6417,6767
6418,6768
6418,6769
6419,6594
6420,6770
6421,6771
6421,6772
6422,6773
6423,6774
6424,6775
6425,6643
6425,6776
6426,6777
6427,6778
6428,6779
6428,6780
6429,6649
6430,6781
6431,6710
6432,6595
6432,6596
6433,6782
6434,6618
6435,6597
6435,6783
6436,6597
6436,6598
6437,6784
6438,6785
6438,6786
6439,6787
6439,6750
6440,6788
6440,6789
6441,6790
6441,6791
6442,6792
6442,6793
6443,6627
6444,6794
6444,6795
6445,6796
6445,6797
6446,6798
6446,6799
6447,6800
6447,6801
6448,6802
6449,6803
6449,6670
6450,6804
6450,6805
6451,6806
6452,6807
6453,6808
6453,6809
6454,6810
6454,6811
6455,6812
6456,6813
6457,6814
6457,6792
6458,6815
6458,6816
6459,6817
6460,6818
6460,6819
6461,6820
6461,6702
6462,6821
6462,6822
6463,6823
6463,6824
6464,6825
6465,6826
6466,6827
6466,6802
6467,6828
6467,6829
6468,6830
6469,6831
6470,6832
6471,6833
6471,6834
6472,6835
6473,6836
6474,6837
6474,6838
6475,6839
6475,6840
6476,6841
6476,6842
6477,6843
6477,6844
6478,6821
6478,6845
6479,6755
6488,6599
6544,6600
6544,6601
6565,6879
6565,6880
6566,6881
6567,6882
6567,6883
6568,6884
6569,6885
6570,6886
6571,6887
6571,6888
6572,6889
6573,6890
6574,6847
6575,6891
6576,6892
6576,6893
6577,6894
6577,6895
6578,6896
6578,6897
6579,6898
6580,6899
6581,6848
6582,6900
6583,6901
6583,6902
6584,6903
6585,6904
6586,6905
6587,6906
6587,6907
6588,6908
6589,6849
6589,6850
6590,6909
6590,6910
6591,6911
6591,6912
6592,6913
6592,6914
6593,6915
6594,6916
6595,6917
6595,6918
6596,6919
6596,6920
6597,6851
6598,6921
6598,6922
6599,6923
6600,6924
6600,6925
6601,6926
6602,6904
6603,6927
6604,6928
6605,6852
6605,6853
6606,6929
6607,6930
6608,6931
6609,6854
6609,6855
6610,6932
6611,6933
6612,6934
6613,6935
6613,6936
6614,6937
6614,6938
6615,6939
6616,6940
6617,6941
6617,6942
6618,6856
6619,6943
6620,6944
6620,6945
6621,6946
6622,6947
6622,6948
6623,6949
6623,6950
6624,6857
6624,6858
6625,6951
6625,6952
6626,6953
6627,6846
6628,6954
6628,6955
6629,6956
6630,6957
6631,6958
6631,6959
6632,6960
6633,6961
6634,6873
6634,6962
6635,6963
6635,6964
6636,6965
6636,6959
6637,6966
6637,6967
6638,6964
6639,6935
6639,6968
6640,6969
6640,6970
6641,6971
6641,6972
6642,6859
6642,6860
6643,6861
6644,6973
6644,6974
6645,6862
6645,6863
6646,6975
6647,6891
6648,6976
6649,6864
6649,6865
6650,6977
6651,6978
6652,6979
6652,6980
6653,6981
6654,6982
6654,6983
6655,6984
6656,6985
6657,6986
6658,6987
6659,6988
6660,6989
6661,6990
6662,6866
6663,6991
6663,6868
6664,6992
6665,6993
6666,6994
6666,6995
6667,6996
6667,6997
6668,6998
6668,6999
6669,7000
6670,6867
6671,7001
6672,7002
6672,7003
6673,7004
6673,7005
6674,7006
6675,7007
6675,7008
6676,7009
6676,7010
6677,7011
6677,6964
6678,7012
6679,7013
6680,7014
6681,7015
6682,6868
6683,7016
6683,7017
6684,7018
6685,7019
6686,7020
6687,7021
6687,7022
6688,7023
6688,7024
6689,7025
6690,7026
6691,7027
6691,7028
6692,7029
6692,7030
6693,7031
6693,7032
6694,7033
6695,7034
6696,7035
6696,7036
6697,7037
6698,7038
6699,7039
6700,7040
6701,7041
6702,6869
6703,7042
6703,7043
6704,7044
6705,7045
6705,7046
6706,7047
6707,7048
6708,7049
6708,7050
6709,7051
6709,7052
6710,6870
6711,7053
6712,7054
6712,7055
6713,7056
6713,7057
6714,7058
6715,7059
6716,7060
6717,6961
6717,7061
6718,7062
6718,7063
6719,7064
6719,7001
6720,6855
6720,7065
6721,7066
6722,7067
6722,6971
6723,7068
6724,7069
6725,7070
6725,7071
6726,7072
6727,7073
6728,7074
6728,7075
6729,7076
6730,7077
6730,7078
6731,7079
6731,7080
6732,7081
6733,7082
6733,7083
6734,7084
6735,7085
6736,7086
6737,7087
6737,7088
6738,7089
6738,7090
6739,7091
6740,7092
6740,7093
6741,7094
6742,7095
6742,6975
6743,7096
6744,7097
6745,7098
6745,7099
6746,7100
6746,7101
6747,7092
6747,7102
6748,7091
6748,7103
6749,7104
6749,7105
6750,6871
6750,6872
6751,6975
6752,7106
6752,7107
6753,7108
6753,6966
6754,7109
6754,7110
6755,6873
6756,7111
6756,7112
6757,7113
6758,6996
6758,7114
6759,7115
6760,7116
6761,7117
6761,7118
6762,6856
6762,7119
6792,6874
6792,6875
6802,6876
6802,6877
6821,6878
6846,7147
6847,7148
6848,7149
6848,7150
6849,7135
6849,7151
6850,7152
6850,7153
6851,7154
6852,7155
6852,7156
6853,7157
6853,7158
6854,7159
6854,7160
6855,7124
6856,7125
6857,7161
6858,7162
6859,7163
6859,7164
6860,7165
6861,7166
6861,7167
6862,7168
6862,7169
6863,7170
6863,7171
6864,7172
6865,7173
6866,7174
6867,7175
6867,7176
6868,7126
6869,7177
6869,7178
6870,7179
6870,7180
6871,7181
6871,7182
6872,7183
6873,7127
6873,7128
6874,7184
6875,7185
6875,7186
6876,7187
6877,7188
6878,7189
6879,7190
6880,7191
6881,7192
6882,7150
6883,7193
6883,7194
6884,7195
6884,7196
6885,7197
6886,7198
6887,7199
6888,7200
6889,7201
6890,7202
6890,7125
6891,7120
6892,7203
6893,7185
6893,7204
6894,7205
6894,7206
6895,7207
6896,7208
6896,7209
6897,7210
6897,7211
6898,7212
6898,7213
6899,7130
6900,7214
6900,7215
6901,7216
6901,7175
6902,7217
6903,7218
6903,7219
6904,7129
6904,7130
6905,7220
6906,7221
6907,7222
6908,7223
6908,7224
6909,7225
6909,7226
6910,7227
6911,7228
6912,7229
6913,7230
6914,7231
6915,7232
6916,7233
6917,7234
6917,7235
6918,7236
6919,7237
6919,7238
6920,7239
6921,7240
6921,7241
6922,7242
6922,7243
6923,7244
6924,7245
6925,7246
6926,7247
6926,7248
6927,7249
6927,7250
6928,7251
6928,7252
6929,7253
6930,7254
6931,7255
6932,7256
6932,7257
6933,7258
6934,7259
6935,7131
6936,7198
6937,7260
6938,7261
6939,7262
6940,7263
6940,7264
6941,7265
6942,7266
6943,7267
6944,7268
6945,7269
6945,7270
6946,7271
6947,7272
6947,7273
6948,7274
6949,7275
6950,7276
6951,7277
6951,7278
6952,7279
6953,7280
6954,7281
6954,7282
6955,7283
6956,7220
6956,7255
6957,7284
6957,7285
6958,7286
6958,7131
6959,7132
6959,7133
6960,7287
6960,7288
6961,7134
6962,7289
6963,7290
6963,7291
6964,7121
6965,7292
6966,7135
6967,7293
6967,7294
6968,7295
6969,7296
6969,7216
6970,7297
6970,7298
6971,7136
6972,7299
6972,7300
6973,7301
6973,7302
6974,7303
6974,7304
6975,7122
6975,7123
6976,7305
6976,7306
6977,7307
6978,7308
6979,7309
6979,7310
6980,7311
6981,7312
6982,7313
6983,7314
6984,7315
6985,7316
6986,7317
6987,7137
6987,7138
6988,7318
6988,7319
6989,7320
6990,7321
6991,7322
6992,7323
6993,7324
6994,7325
6995,7326
6996,7139
6996,7140
6997,7149
6997,7327
6998,7328
6998,7329
6999,7330
7000,7185
7000,7331
7001,7141
7001,7142
7002,7332
7003,7333
7004,7240
7005,7334
7005,7335
7006,7336
7007,7337
7008,7338
7008,7339
7009,7340
7009,7341
7010,7342
7010,7343
7011,7344
7011,7294
7012,7143
7013,7345
7013,7346
7014,7347
7014,7348
7015,7349
7016,7350
7016,7351
7017,7352
7018,7353
7018,7354
7019,7355
7019,7356
7020,7357
7021,7358
7022,7329
7023,7359
7023,7360
7024,7361
7024,7362
7025,7363
7025,7364
7026,7365
7026,7366
7027,7367
7027,7368
7028,7369
7029,7370
7030,7371
7030,7372
7031,7373
7032,7374
7032,7375
7033,7376
7033,7377
7034,7378
7034,7379
7035,7380
7036,7381
7036,7382
7037,7383
7037,7384
7038,7385
7039,7386
7040,7307
7040,7224
7041,7387
7042,7388
7042,7389
7043,7390
7044,7391
7091,7144
7092,7145
7092,7146
7120,7419
7121,7420
7122,7421
7122,7422
7123,7423
7124,7424
7125,7393
7126,7425
7127,7426
7127,7427
7128,7428
7128,7429
7129,7430
7130,7394
7130,7395
7131,7396
7132,7431
7133,7432
7133,7433
7134,7434
7135,7397
7136,7435
7137,7436
7138,7437
7139,7438
7140,7422
7140,7439
7141,7440
7141,7441
7142,7442
7142,7443
7143,7398
7144,7444
7145,7445
7145,7446
7146,7447
7147,7448
7148,7449
7148,7450
7149,7399
7150,7400
7150,7401
7151,7451
7151,7452
7152,7453
7153,7454
7154,7455
7154,7456
7155,7457
7155,7458
7156,7459
7157,7460
7157,7443
7158,7461
7158,7462
7159,7463
7159,7464
7160,7465
7161,7466
7162,7467
7163,7468
7164,7469
7165,7470
7165,7471
7166,7472
7167,7473
7168,7474
7169,7475
7169,7476
7170,7477
7171,7478
7172,7479
7172,7480
7173,7481
7174,7482
7175,7402
7176,7483
7177,7484
7177,7485
7178,7486
7179,7487
7179,7488
7180,7489
7180,7490
7181,7491
7181,7492
7182,7493
7182,7494
7183,7495
7183,7496
7184,7497
7184,7498
7185,7392
7186,7499
7186,7500
7187,7501
7187,7502
7188,7503
7189,7504
7190,7505
7191,7506
7191,7507
7192,7508
7193,7509
7194,7510
7195,7511
7196,7512
7197,7513
7198,7403
7199,7514
7200,7515
7200,7516
7201,7517
7202,7518
7202,7519
7203,7520
7204,7521
7204,7522
7205,7523
7205,7524
7206,7525
7206,7464
7207,7526
7207,7527
7208,7528
7209,7529
7209,7530
7210,7531
7210,7532
7211,7533
7211,7534
7212,7535
7213,7536
7213,7537
7214,7538
7214,7539
7215,7540
7216,7404
7216,7405
7217,7396
7217,7541
7218,7542
7219,7543
7219,7544
7220,7406
7221,7545
7221,7546
7222,7547
7222,7548
7223,7549
7223,7550
7224,7407
7224,7408
7225,7551
7226,7552
7227,7553
7228,7554
7229,7555
7229,7556
7230,7557
7231,7558
7232,7559
7233,7560
7233,7561
7234,7470
7234,7562
7235,7563
7235,7564
7236,7565
7236,7566
7237,7567
7237,7568
7238,7569
7239,7564
7240,7409
7240,7410
7241,7570
7241,7571
7242,7572
7242,7573
7243,7574
7244,7575
7244,7576
7245,7577
7246,7578
7247,7579
7247,7580
7248,7581
7248,7582
7249,7583
7249,7584
7250,7585
7250,7586
7251,7587
7251,7588
7252,7589
7252,7460
7253,7590
7254,7591
7254,7592
7255,7411
7255,7412
7256,7593
7257,7594
7258,7595
7258,7596
7259,7597
7259,7598
7260,7599
7260,7600
7261,7601
7262,7602
7262,7603
7263,7604
7263,7605
7264,7606
7265,7469
7266,7607
7266,7608
7267,7417
7268,7609
7268,7610
7269,7611
7269,7595
7270,7417
7271,7612
7271,7613
7272,7614
7272,7615
7273,7616
7274,7617
7275,7618
7275,7619
7276,7620
7277,7621
7277,7622
7278,7623
7279,7624
7279,7625
7280,7626
7280,7627
7281,7628
7282,7629
7282,7486
7283,7630
7283,7631
7284,7632
7284,7633
7285,7634
7286,7635
7287,7636
7288,7633
7289,7524
7290,7396
7290,7508
7291,7637
7291,7638
7292,7563
7293,7639
7293,7640
7294,7413
7295,7414
7295,7415
7296,7641
7297,7642
7297,7643
7298,7428
7299,7644
7300,7645
7300,7646
7301,7647
7302,7536
7302,7648
7303,7595
7303,7649
7304,7650
7305,7651
7305,7652
7306,7653
7306,7654
7307,7416
7308,7655
7308,7656
7309,7657
7310,7494
7310,7658
7311,7659
7311,7660
7312,7506
7312,7661
7313,7662
7314,7663
7315,7664
7316,7665
7316,7666
7317,7667
7317,7668
7318,7669
7318,7670
7319,7671
7329,7417
7329,7418
7392,7701
7393,7702
7394,7703
7395,7704
7395,7705
7396,7672
7397,7706
7398,7707
7399,7708
7400,7709
7401,7710
7402,7711
7403,7712
7404,7713
7405,7714
7405,7715
7406,7716
7407,7717
7408,7718
7408,7719
7409,7719
7410,7720
7411,7721
7412,7722
7413,7723
7413,7724
7414,7725
7414,7726
7415,7727
7416,7728
7417,7673
7418,7729
7419,7730
7419,7731
7420,7732
7420,7733
7421,7734
7422,7676
7422,7677
7423,7735
7423,7736
7424,7737
7425,7738
7425,7739
7426,7740
7427,7741
7427,7742
7428,7678
7428,7679
7429,7743
7429,7744
7430,7745
7430,7746
7431,7747
7431,7748
7432,7749
7432,7750
7433,7751
7433,7752
7434,7683
7435,7682
7436,7711
7436,7753
7437,7754
7438,7755
7439,7756
7440,7757
7441,7758
7442,7759
7443,7680
7444,7760
7445,7761
7446,7762
7446,7763
7447,7764
7448,7765
7449,7766
7449,7767
7450,7768
7451,7769
7451,7770
7452,7771
7453,7772
7453,7773
7454,7774
7454,7775
7455,7776
7456,7777
7456,7778
7457,7779
7457,7780
7458,7781
7459,7782
7460,7681
7461,7783
7462,7758
7463,7784
7464,7682
7465,7785
7466,7786
7466,7787
7467,7788
7467,7789
7468,7790
7468,7791
7469,7683
7469,7684
7470,7685
7471,7792
7472,7742
7472,7793
7473,7794
7474,7795
7475,7796
7476,7797
7476,7798
7477,7799
7478,7800
7479,7801
7480,7802
7481,7803
7481,7804
7482,7805
7483,7806
7484,7807
7484,7808
7485,7809
7486,7686
7487,7810
7488,7811
7489,7812
7489,7813
7490,7814
7491,7815
7492,7816
7493,7817
7493,7818
7494,7687
7495,7819
7495,7820
7496,7821
7496,7822
7497,7823
7498,7824
7499,7825
7499,7826
7500,7827
7501,7828
7502,7829
7503,7830
7503,7831
7504,7832
7504,7833
7505,7711
7505,7834
7506,7688
7506,7689
7507,7835
7508,7690
7509,7836
7510,7691
7511,7837
7512,7838
7513,7839
7514,7677
7515,7840
7516,7841
7517,7842
7518,7843
7519,7844
7520,7845
7521,7846
7522,7847
7522,7848
7523,7849
7524,7692
7524,7693
7525,7850
7526,7851
7527,7852
7528,7853
7529,7854
7530,7855
7530,7856
7531,7844
7531,7857
7532,7858
7533,7859
7534,7859
7535,7860
7536,7694
7536,7695
7537,7861
7537,7862
7538,7863
7538,7864
7539,7865
7540,7866
7540,7867
7541,7868
7542,7869
7543,7870
7543,7871
7544,7872
7545,7873
7546,7874
7546,7875
7547,7876
7547,7877
7548,7741
7548,7712
7549,7878
7549,7879
7550,7880
7551,7881
7552,7882
7552,7883
7553,7884
7553,7885
7554,7886
7554,7887
7555,7888
7555,7889
7556,7762
7556,7890
7557,7891
7558,7892
7559,7826
7559,7893
7560,7894
7560,7895
7561,7896
7562,7897
7563,7696
7564,7697
7564,7698
7565,7898
7565,7899
7566,7900
7567,7901
7568,7902
7568,7903
7569,7904
7570,7905
7570,7906
7571,7907
7572,7908
7573,7909
7573,7910
7574,7675
7575,7911
7575,7912
7576,7913
7577,7914
7577,7915
7578,7916
7579,7917
7580,7918
7580,7919
7581,7920
7582,7921
7582,7922
7583,7923
7583,7691
7584,7924
7584,7925
7585,7926
7586,7927
7586,7928
7587,7929
7587,7930
7588,7931
7589,7932
7589,7933
7590,7934
7590,7935
7595,7674
7595,7675
7633,7699
7633,7700
7672,7966
7673,7967
7674,7968
7675,7939
7675,7940
7676,7969
7676,7970
7677,7941
7678,7971
7679,7972
7680,7973
7681,7974
7682,7942
7682,7943
7683,7944
7684,7975
7684,7976
7685,7977
7685,7978
7686,7979
7687,7980
7688,7981
7689,7982
7690,7945
7691,7946
7692,7983
7692,7984
7693,7985
7693,7986
7694,7987
7695,7988
7695,7989
7696,7990
7696,7991
7697,7992
7697,7993
7698,7994
7698,7995
7699,7996
7699,7997
7700,7998
7701,7999
7702,7947
7702,7948
7703,8000
7704,8001
7705,8002
7706,8003
7706,8004
7707,8005
7707,8006
7708,8007
7708,8008
7709,8008
7710,8009
7711,7936
7712,7949
7713,8010
7713,8011
7714,8012
7714,8013
7715,8014
7716,8015
7716,8016
7717,8017
7718,8018
7718,8019
7719,7937
7719,7938
7720,8020
7721,8021
7722,8022
7722,8023
7723,8024
7723,8025
7724,8026
7725,8007
7725,8027
7726,8028
7727,8029
7728,8030
7729,8031
7730,8032
7731,8033
7731,8034
7732,8035
7733,8026
7734,8036
7735,8037
7735,8038
7736,8039
7736,8040
7737,8041
7737,8042
7738,8043
7738,8044
7739,7971
7739,8045
7740,8046
7740,8047
7741,7950
7742,7951
7742,7952
7743,8048
7744,8049
7744,8050
7745,8001
7746,8051
7746,8052
7747,8053
7748,8054
7749,8055
7749,8056
7750,8057
7751,8016
7751,8058
7752,8059
7752,8060
7753,8061
7753,8062
7754,8063
7754,8064
7755,8065
7756,8066
7757,8067
7758,7953
7758,7954
7759,8068
7760,8069
7761,8070
7761,8071
7762,7955
7762,7956
7763,8072
7764,8073
7765,8074
7766,8075
7766,8046
7767,8076
7767,8077
7768,8078
7769,8079
7770,8080
7771,8081
7772,8082
7773,8083
7773,8084
7774,8085
7775,8086
7775,8087
7776,8088
7777,8089
7778,7963
7778,8090
7779,8091
7780,8092
7781,7957
7781,7958
7782,8024
7783,8093
7784,8094
7784,8095
7785,8096
7785,8097
7786,8098
7787,8099
7788,8077
7788,7973
7789,8100
7790,7990
7791,8014
7792,8101
7792,8102
7793,8103
7793,8104
7794,8105
7795,8106
7795,8107
7796,8108
7797,8109
7798,8110
7798,8111
7799,7980
7800,8112
7800,8113
7801,8114
7802,8115
7802,8116
7803,8117
7803,8118
7804,8119
7805,8120
7805,8121
7806,8122
7806,8123
7807,8124
7807,8125
7808,8126
7808,8127
7809,8128
7810,8129
7810,8130
7811,8131
7811,8132
7812,8133
7813,8134
7814,8135
7814,8136
7815,8122
7815,8137
7816,8138
7816,8139
7817,8140
7818,8141
7818,8142
7819,8143
7819,8144
7820,8145
7820,8146
7821,7963
7821,8147
7822,8148
7823,7959
7824,8149
7825,8150
7826,7960
7826,7961
7827,8151
7828,8152
7828,8153
7829,8154
7829,8155
7830,8001
7830,8156
7831,8157
7832,8158
7833,8159
7834,8160
7835,8161
7836,8162
7836,8163
7837,8164
7838,8165
7838,8166
7839,8167
7839,8168
7840,8169
7841,8170
7841,8171
7842,8172
7843,8132
7843,8173
7844,7962
7845,8174
7845,8175
7846,8176
7847,8177
7847,8178
7848,8179
7849,8180
7850,8181
7850,8182
7851,8183
7851,8181
7852,8184
7852,8185
7853,8186
7854,8187
7854,8188
7855,8189
7856,8190
7856,8191
7857,8063
7857,8192
7858,8193
7859,7963
7860,8194
7861,8195
7862,8196
7862,8197
7863,8198
7863,8199
7864,8200
7864,8093
7865,8201
7866,8202
7866,8203
7867,8204
7867,8205
7868,8206
7869,8137
7869,8207
7870,8208
7870,8209
7871,8210
7871,8162
7896,7964
7896,7965
7936,8248
7937,8249
7938,8250
7939,8251
7940,8252
7940,8253
7941,8254
7941,8255
7942,8256
7942,8257
7943,8258
7943,8259
7944,8260
7944,8261
7945,8262
7946,8263
7947,8264
7948,8265
7949,8266
7950,8267
7951,8268
7952,8269
7952,8270
7953,8271
7953,8272
7954,8273
7955,8274
7955,8275
7956,8276
7957,8277
7958,8278
7958,8279
7959,8280
7960,8281
7961,8282
7962,8283
7963,8211
7963,8212
7964,8284
7964,8285
7965,8286
7965,8287
7966,8288
7967,8289
7968,8290
7968,8291
7969,8292
7970,8293
7971,8214
7971,8215
7972,8294
7973,8216
7973,8217
7974,8295
7975,8296
7975,8297
7976,8298
7977,8299
7978,8300
7979,8301
7980,8218
7981,8302
7981,8303
7982,8304
7983,8305
7984,8306
7984,8307
7985,8308
7985,8309
7986,8310
7986,8230
7987,8311
7987,8312
7988,8313
7988,8314
7989,8315
7990,8219
7991,8316
7991,8317
7992,8318
7993,8319
7994,8320
7995,8321
7995,8322
7996,8323
7997,8324
7998,8325
7999,8326
7999,8327
8000,8280
8000,8328
8001,8213
8002,8329
8003,8330
8004,8331
8004,8332
8005,8333
8005,8334
8006,8335
8006,8336
8007,8220
8007,8221
8008,8222
8009,8337
8009,8338
8010,8339
8010,8340
8011,8341
8012,8342
8013,8343
8014,8223
8015,8344
8016,8224
8017,8345
8017,8346
8018,8347
8018,8348
8019,8349
8020,8350
8021,8351
8022,8352
8022,8353
8023,8354
8024,8225
8024,8226
8025,8355
8026,8227
8026,8228
8027,8356
8027,8357
8028,8358
8028,8233
8029,8308
8030,8359
8030,8360
8031,8361
8031,8362
8032,8363
8032,8364
8033,8365
8034,8366
8034,8367
8035,8368
8035,8369
8036,8370
8037,8371
8037,8372
8038,8373
8038,8374
8039,8375
8039,8212
8040,8376
8041,8338
8041,8377
8042,8378
8043,8379
8043,8380
8044,8381
8045,8382
8046,8229
8046,8230
8047,8383
8048,8384
8048,8385
8049,8386
8049,8387
8050,8388
8051,8389
8051,8390
8052,8382
8052,8391
8053,8392
8053,8393
8054,8394
8055,8395
8056,8396
8056,8397
8057,8398
8058,8399
8059,8400
8060,8401
8060,8402
8061,8403
8062,8404
8063,8231
8064,8405
8064,8406
8065,8407
8066,8408
8066,8409
8067,8410
8067,8411
8068,8412
8069,8413
8070,8414
8071,8415
8071,8416
8072,8417
8072,8418
8073,8419
8073,8420
8074,8421
8074,8216
8075,8422
8076,8423
8077,8232
8078,8233
8078,8234
8079,8424
8080,8235
8081,8425
8082,8426
8082,8427
8083,8428
8083,8429
8084,8430
8085,8431
8086,8432
8086,8433
8087,8434
8087,8435
8088,8436
8089,8437
8089,8438
8090,8291
8090,8439
8091,8440
8091,8217
8092,8441
8092,8330
8093,8236
8093,8237
8094,8442
8094,8271
8095,8443
8095,8444
8096,8441
8097,8445
8097,8446
8098,8447
8099,8448
8099,8449
8100,8450
8100,8451
8101,8452
8102,8453
8102,8454
8103,8455
8103,8456
8104,8457
8105,8458
8106,8459
8106,8460
8107,8306
8108,8461
8109,8238
8110,8462
8110,8300
8111,8463
8112,8297
8113,8464
8113,8451
8114,8417
8115,8465
8115,8466
8116,8467
8117,8468
8118,8469
8119,8470
8120,8471
8121,8472
8121,8473
8122,8239
8123,8474
8124,8475
8125,8476
8126,8477
8127,8478
8127,8479
8128,8480
8129,8481
8130,8482
8131,8483
8131,8484
8132,8240
8132,8241
8137,8242
8160,8243
8160,8244
8162,8245
8181,8246
8181,8247
8211,8521
8212,8485
8212,8486
8213,8522
8214,8523
8214,8524
8215,8525
8215,8526
8216,8487
8216,8488
8217,8489
8217,8490
8218,8527
8219,8528
8219,8529
8220,8530
8221,8531
8221,8532
8222,8533
8222,8534
8223,8535
8224,8536
8224,8537
8225,8538
8225,8539
8226,8540
8227,8541
8227,8542
8228,8543
8229,8544
8229,8545
8230,8491
8230,8492
8231,8546
8231,8547
8232,8548
8232,8549
8233,8493
8233,8494
8234,8550
8234,8551
8235,8552
8235,8553
8236,8554
8237,8555
8238,8495
8238,8496
8239,8556
8240,8557
8241,8558
8242,8559
8243,8560
8244,8561
8245,8562
8246,8563
8246,8564
8247,8510
8247,8565
8248,8566
8249,8567
8250,8497
8250,8498
8251,8568
8252,8569
8252,8570
8253,8571
8253,8572
8254,8573
8254,8574
8255,8575
8256,8576
8257,8577
8258,8578
8259,8578
8260,8579
8261,8545
8261,8580
8262,8581
8262,8582
8263,8544
8264,8583
8265,8584
8265,8585
8266,8586
8267,8539
8268,8587
8268,8588
8269,8589
8270,8590
8270,8564
8271,8499
8272,8591
8273,8533
8273,8592
8274,8593
8275,8594
8276,8595
8276,8596
8277,8597
8277,8598
8278,8526
8279,8599
8279,8600
8280,8500
8281,8601
8282,8500
8282,8602
8283,8603
8283,8604
8284,8605
8284,8606
8285,8607
8286,8608
8286,8609
8287,8610
8288,8611
8289,8612
8290,8613
8291,8501
8291,8502
8292,8614
8292,8615
8293,8616
8293,8617
8294,8618
8295,8619
8296,8620
8297,8503
8298,8621
8299,8622
8300,8504
8301,8623
8302,8624
8303,8625
8304,8626
8304,8627
8305,8628
8306,8505
8306,8506
8307,8629
8307,8630
8308,8507
8308,8508
8309,8631
8310,8632
8311,8633
8312,8634
8313,8635
8313,8636
8314,8637
8314,8638
8315,8639
8316,8640
8317,8641
8318,8642
8318,8643
8319,8644
8319,8645
8320,8646
8321,8644
8321,8647
8322,8648
8323,8576
8324,8649
8325,8650
8326,8651
8327,8652
8327,8653
8328,8654
8328,8655
8329,8656
8330,8509
8330,8510
8331,8657
8331,8658
8332,8659
8332,8660
8333,8661
8333,8662
8334,8663
8334,8664
8335,8665
8335,8666
8336,8667
8336,8668
8337,8669
8338,8511
8338,8512
8339,8670
8340,8671
8341,8672
8341,8673
8342,8674
8342,8584
8343,8585
8343,8675
8344,8653
8344,8676
8345,8677
8345,8678
8346,8679
8346,8680
8347,8604
8347,8681
8348,8682
8348,8683
8349,8684
8349,8685
8350,8686
8350,8687
8351,8688
8351,8689
8352,8690
8353,8691
8353,8692
8354,8693
8355,8694
8356,8695
8357,8696
8358,8697
8358,8698
8359,8699
8360,8700
8361,8701
8362,8702
8362,8703
8363,8704
8364,8705
8365,8706
8365,8707
8366,8708
8367,8709
8367,8710
8368,8711
8368,8712
8369,8713
8369,8714
8370,8715
8370,8716
8371,8717
8371,8718
8372,8719
8372,8720
8373,8721
8374,8610
8374,8722
8375,8723
8375,8724
8376,8725
8376,8726
8377,8727
8378,8728
8378,8729
8379,8730
8380,8731
8380,8732
8381,8733
8382,8513
8382,8514
8383,8734
8384,8735
8385,8611
8386,8736
8387,8737
8388,8738
8388,8739
8389,8740
8389,8741
8390,8742
8390,8743
8391,8744
8391,8745
8392,8746
8393,8747
8394,8748
8395,8499
8396,8749
8397,8750
8398,8504
8398,8751
8399,8752
8399,8753
8400,8485
8400,8754
8401,8755
8402,8756
8403,8757
8403,8758
8404,8759
8405,8760
8406,8761
8406,8762
8407,8604
8408,8763
8408,8708
8417,8515
8417,8516
8441,8517
8441,8518
8451,8519
8451,8520
8485,8767
8486,8799
8487,8800
8487,8801
8488,8802
8488,8803
8489,8804
8489,8805
8490,8804
8490,8806
8491,8807
8491,8808
8492,8809
8493,8810
8493,8811
8494,8812
8494,8813
8495,8814
8495,8815
8496,8816
8496,8817
8497,8818
8497,8819
8498,8795
8498,8820
8499,8768
8499,8769
8500,8770
8500,8771
8501,8821
8501,8822
8502,8823
8502,8824
8503,8825
8503,8826
8504,8772
8505,8827
8506,8828
8507,8829
8507,8830
8508,8831
8508,8832
8509,8833
8509,8834
8510,8773
8510,8774
8511,8835
8511,8836
8512,8837
8512,8838
8513,8839
8514,8840
8514,8841
8515,8842
8516,8843
8516,8844
8517,8845
8517,8846
8518,8847
8518,8766
8519,8848
8519,8849
8520,8850
8520,8783
8521,8851
8522,8852
8523,8853
8523,8854
8524,8855
8524,8856
8525,8857
8525,8858
8526,8775
8526,8776
8527,8859
8527,8860
8528,8861
8529,8790
8530,8862
8530,8863
8531,8864
8532,8865
8533,8777
8534,8866
8535,8867
8536,8868
8537,8848
8537,8869
8538,8870
8539,8778
8539,8779
8540,8871
8540,8872
8541,8830
8542,8773
8543,8873
8544,8780
8544,8781
8545,8782
8545,8783
8546,8874
8547,8875
8547,8876
8548,8877
8549,8878
8549,8879
8550,8880
8551,8881
8551,8882
8552,8883
8552,8884
8553,8885
8553,8886
8554,8887
8555,8888
8555,8889
8556,8890
8556,8891
8557,8892
8558,8893
8559,8894
8560,8895
8561,8774
8561,8896
8562,8897
8563,8898
8563,8899
8564,8784
8565,8900
8566,8901
8566,8902
8567,8903
8567,8904
8568,8905
8568,8906
8569,8907
8570,8908
8570,8909
8571,8910
8571,8911
8572,8912
8573,8913
8573,8914
8574,8915
8575,8785
8576,8786
8576,8787
8577,8916
8578,8788
8578,8789
8579,8917
8580,8918
8580,8919
8581,8920
8582,8815
8583,8921
8583,8922
8584,8790
8585,8791
8586,8923
8587,8924
8588,8777
8589,8925
8590,8926
8590,8927
8591,8928
8592,8929
8593,8930
8593,8931
8594,8932
8594,8933
8595,8934
8595,8935
8596,8936
8596,8937
8597,8938
8598,8939
8598,8940
8599,8941
8599,8942
8600,8784
8601,8943
8602,8944
8603,8945
8604,8764
8604,8765
8605,8946
8605,8947
8606,8948
8606,8949
8607,8950
8608,8951
8609,8952
8610,8792
8610,8793
8611,8766
8612,8953
8612,8954
8613,8955
8613,8956
8614,8957
8615,8958
8615,8959
8616,8960
8617,8767
8617,8961
8618,8962
8619,8963
8620,8964
8621,8965
8622,8794
8623,8966
8624,8967
8625,8968
8625,8969
8626,8970
8626,8795
8627,8971
8627,8972
8628,8868
8629,8973
8629,8974
8630,8975
8630,8976
8631,8977
8632,8978
8632,8979
8633,8980
8634,8981
8635,8982
8636,8797
8637,8983
8638,8984
8639,8985
8639,8986
8640,8987
8640,8988
8641,8989
8641,8990
8642,8991
8642,8992
8643,8993
8643,8994
8644,8795
8645,8818
8645,8995
8646,8996
8647,8997
8648,8998
8648,8999
8649,9000
8650,9001
8650,9002
8651,9003
8652,9004
8653,8796
8654,9005
8654,9006
8655,9007
8655,9008
8656,9009
8656,9010
8657,9011
8657,9012
8658,9013
8659,9014
8660,9015
8660,9016
8661,9017
8661,9018
8662,9019
8662,9020
8663,9021
8663,9022
8664,9023
8665,9024
8666,9025
8667,9026
8667,9027
8668,8782
8669,8798
8670,9028
8670,9029
8671,9030
8672,9031
8672,9032
8673,9033
8673,9034
8674,9035
8675,9036
8676,9037
8677,8793
8678,9038
8678,9039
8679,9040
8679,9041
8680,9042
8680,9043
8681,9044
8682,9045
8682,9046
8683,9047
8683,8955
8684,9048
8684,9049
8708,8797
8708,8798
8764,9078
8765,9079
8766,9053
8767,9054
8768,9080
8768,9081
8769,9082
8769,9058
8770,9083
8770,9084
8771,9083
8772,9085
8772,9086
8773,9055
8774,9056
8775,9087
8775,9088
8776,9089
8777,9057
8778,9090
8778,9091
8779,9092
8780,9093
8781,9094
8782,9050
8783,9058
8783,9059
8784,9060
8785,9095
8786,9096
8786,9097
8787,9098
8788,9099
8789,9100
8790,9061
8790,9062
8791,9101
8791,9102
8792,9103
8793,9063
8793,9064
8794,9104
8795,9051
8795,9052
8796,9105
8796,9106
8797,9065
8798,9066
8799,9107
8800,9108
8800,9109
8801,9110
8802,9111
8803,9112
8804,9067
8805,9113
8806,9114
8806,9115
8807,9116
8808,9117
8808,9118
8809,9119
8809,9120
8810,9121
8811,9122
8811,9123
8812,9121
8813,9124
8813,9125
8814,9107
8815,9068
8816,9126
8817,9127
8818,9069
8818,9070
8819,9128
8820,9129
8820,9130
8821,9131
8822,9132
8822,9133
8823,9134
8823,9135
8824,9136
8825,9137
8826,9138
8827,9139
8828,9140
8829,9141
8829,9142
8830,9071
8830,9072
8831,9143
8831,9144
8832,9145
8832,9102
8833,9146
8833,9147
8834,9148
8834,9149
8835,9150
8835,9151
8836,9152
8836,9153
8837,9154
8837,9155
8838,9156
8838,9157
8839,9158
8840,9159
8841,9160
8841,9161
8842,9162
8843,9163
8844,9164
8845,9165
8846,9166
8846,9167
8847,9168
8848,9073
8848,9074
8849,9169
8849,9144
8850,9170
8851,9171
8851,9069
8852,9172
8853,9173
8854,9115
8854,9174
8855,9175
8855,9176
8856,9177
8856,9178
8857,9179
8858,9180
8859,9181
8859,9182
8860,9183
8861,9184
8862,9185
8862,9186
8863,9187
8863,9188
8864,9189
8864,9190
8865,9191
8866,9192
8866,9090
8867,9193
8867,9139
8868,9075
8869,9194
8869,9195
8870,9196
8871,9197
8872,9198
8872,9199
8873,9200
8873,9201
8874,9202
8874,9203
8875,9204
8876,9181
8876,9205
8877,9076
8878,9206
8878,9207
8879,9208
8880,9209
8880,9210
8881,9211
8882,9212
8883,9213
8884,9214
8885,9215
8885,9216
8886,9217
8887,9218
8888,9219
8889,9220
8890,9221
8890,9222
8891,9127
8892,9223
8893,9224
8894,9225
8895,9226
8896,9227
8896,9228
8897,9229
8897,9230
8898,9231
8898,9232
8899,9233
8899,9234
8900,9235
8900,9236
8901,9237
8902,9221
8902,9238
8903,9239
8904,9240
8904,9241
8905,9242
8906,9243
8906,9244
8907,9136
8907,9245
8908,9203
8908,9246
8909,9247
8910,9248
8911,9249
8912,9250
8913,9251
8914,9252
8914,9253
8915,9095
8915,9134
8916,9254
8916,9255
8917,9256
8917,9257
8918,9258
8918,9259
8919,9260
8919,9261
8920,9262
8920,9263
8921,9264
8921,9265
8922,9266
8923,9267
8923,9268
8924,9269
8924,9270
8925,9271
8925,9272
8926,9273
8926,9274
8927,9275
8928,9276
8928,9277
8929,9278
8930,9279
8930,9280
8931,9281
8931,9282
8932,9283
8932,9284
8933,9285
8933,9286
8934,9287
8935,9288
8936,9289
8936,9290
8937,9291
8938,9292
8939,9293
8939,9294
8940,9295
8940,9296
8941,9269
8941,9297
8942,9298
8943,9299
8944,9300
8944,9301
8945,9256
8946,9302
8947,9303
8947,9289
8948,9304
8949,9153
8949,9305
8950,9306
8951,9307
8952,9308
8952,9309
8953,9310
8953,9311
8954,9312
8954,9313
8955,9077
8956,9314
8957,9315
8958,9316
8958,9317
8959,9318
8960,9277
8961,9319
8962,9320
8962,9321
8963,9322
8964,9323
9050,9324
9051,9359
9051,9360
9052,9361
9053,9362
9053,9363
9054,9364
9055,9365
9056,9366
9057,9367
9057,9368
9058,9325
9059,9369
9060,9370
9061,9371
9061,9372
9062,9373
9063,9374
9064,9375
9064,9376
9065,9377
9065,9378
9066,9379
9067,9380
9067,9381
9068,9382
9069,9326
9069,9327
9070,9383
9070,9384
9071,9385
9072,9386
9072,9387
9073,9388
9074,9389
9075,9390
9075,9391
9076,9392
9077,9393
9078,9394
9078,9395
9079,9396
9079,9397
9080,9398
9081,9399
9081,9400
9082,9401
9082,9402
9083,9328
9083,9329
9084,9403
9084,9404
9085,9405
9086,9406
9086,9407
9087,9408
9088,9409
9089,9410
9090,9330
9091,9411
9091,9412
9092,9413
9092,9414
9093,9415
9093,9416
9094,9417
9095,9331
9096,9418
9097,9419
9098,9420
9098,9421
9099,9345
9099,9422
9100,9423
9101,9424
9102,9332
9103,9425
9104,9370
9105,9426
9106,9427
9107,9333
9107,9334
9108,9428
9108,9429
9109,9430
9110,9431
9110,9432
9111,9433
9111,9434
9112,9435
9112,9355
9113,9335
9114,9436
9115,9336
9115,9337
9116,9338
9117,9412
9118,9437
9119,9438
9120,9439
9121,9339
9121,9340
9122,9440
9123,9441
9123,9442
9124,9443
9125,9444
9126,9445
9127,9341
9128,9446
9128,9447
9129,9448
9130,9449
9131,9450
9131,9451
9132,9452
9132,9453
9133,9454
9133,9455
9134,9342
9135,9456
9136,9343
9137,9457
9138,9458
9138,9459
9139,9344
9139,9345
9140,9460
9141,9461
9142,9462
9143,9463
9143,9464
9144,9346
9144,9347
9145,9361
9145,9465
9146,9466
9147,9467
9148,9468
9148,9469
9149,9470
9150,9471
9151,9472
9152,9473
9152,9474
9153,9348
9153,9349
9154,9475
9154,9476
9155,9477
9156,9412
9157,9478
9158,9479
9158,9346
9159,9480
9160,9481
9161,9482
9162,9483
9163,9484
9164,9485
9165,9486
9166,9487
9167,9488
9168,9489
9169,9490
9170,9491
9171,9492
9171,9493
9172,9494
9173,9495
9173,9496
9174,9497
9174,9498
9175,9499
9175,9500
9176,9501
9176,9502
9177,9503
9177,9504
9178,9505
9179,9506
9180,9507
9181,9350
9182,9508
9182,9509
9183,9510
9183,9511
9184,9512
9185,9513
9185,9514
9186,9515
9186,9439
9187,9516
9187,9517
9188,9476
9188,9518
9189,9519
9190,9520
9190,9521
9191,9522
9192,9523
9193,9420
9194,9524
9194,9525
9195,9526
9195,9527
9196,9528
9197,9529
9198,9530
9198,9531
9199,9532
9200,9533
9201,9534
9202,9535
9202,9536
9203,9351
9203,9352
9204,9537
9205,9538
9206,9539
9207,9540
9208,9541
9208,9542
9209,9543
9210,9544
9211,9545
9211,9546
9212,9547
9212,9548
9213,9549
9214,9550
9215,9551
9216,9552
9217,9553
9218,9554
9219,9555
9220,9556
9221,9353
9221,9354
9222,9557
9223,9558
9223,9559
9224,9560
9224,9561
9225,9457
9226,9562
9227,9413
9228,9563
9229,9564
9229,9565
9230,9566
9231,9443
9232,9567
9232,9568
9233,9569
9234,9570
9235,9571
9235,9572
9236,9573
9237,9574
9238,9420
9238,9575
9239,9576
9240,9577
9241,9578
9242,9579
9243,9580
9244,9580
9245,9342
9256,9355
9269,9337
9275,9356
9277,9334
9277,9357
9289,9358
9324,9607
9325,9608
9325,9609
9326,9610
9326,9611
9327,9612
9327,9613
9328,9614
9328,9615
9329,9616
9330,9617
9331,9618
9332,9619
9333,9620
9333,9621
9334,9583
9335,9622
9336,9622
9336,9623
9337,9584
9338,9624
9338,9625
9339,9626
9340,9627
9341,9628
9342,9585
9342,9586
9343,9629
9343,9630
9344,9631
9345,9587
9345,9588
9346,9589
9347,9632
9347,9633
9348,9634
9348,9635
9349,9636
9349,9637
9350,9583
9351,9638
9352,9639
9352,9640
9353,9641
9353,9642
9354,9643
9355,9590
9355,9591
9356,9644
9356,9645
9357,9646
9357,9647
9358,9648
9358,9649
9359,9650
9360,9651
9360,9652
9361,9592
9361,9593
9362,9653
9362,9654
9363,9655
9364,9656
9365,9657
9366,9658
9366,9659
9367,9660
9367,9661
9368,9662
9369,9663
9370,9594
9370,9595
9371,9664
9371,9665
9372,9666
9373,9667
9374,9668
9375,9669
9376,9670
9377,9671
9378,9672
9379,9673
9379,9674
9380,9675
9380,9676
9381,9677
9382,9678
9383,9679
9383,9680
9384,9681
9384,9682
9385,9683
9386,9684
9386,9685
9387,9686
9388,9687
9388,9688
9389,9689
9389,9690
9390,9691
9391,9692
9392,9693
9393,9694
9393,9695
9394,9696
9395,9697
9396,9698
9396,9699
9397,9700
9397,9701
9398,9691
9398,9702
9399,9703
9399,9704
9400,9705
9401,9706
9401,9707
9402,9708
9403,9709
9403,9710
9404,9711
9404,9712
9405,9596
9406,9596
9407,9713
9408,9714
9408,9715
9409,9716
9410,9717
9410,9718
9411,9719
9412,9581
9413,9597
9414,9720
9415,9721
9416,9687
9417,9722
9417,9723
9418,9724
9418,9725
9419,9726
9419,9727
9420,9582
9421,9728
9421,9729
9422,9730
9422,9731
9423,9732
9423,9733
9424,9734
9424,9735
9425,9736
9426,9737
9426,9738
9427,9739
9427,9740
9428,9741
9428,9742
9429,9743
9429,9744
9430,9745
9430,9746
9431,9747
9432,9748
9432,9749
9433,9750
9433,9751
9434,9752
9435,9753
9436,9754
9436,9755
9437,9756
9438,9757
9439,9598
9439,9599
9440,9758
9440,9759
9441,9760
9441,9761
9442,9762
9443,9600
9443,9601
9444,9763
9444,9764
9445,9765
9445,9766
9446,9767
9446,9768
9447,9769
9447,9770
9448,9771
9448,9772
9449,9773
9449,9774
9450,9775
9451,9776
9452,9777
9453,9778
9454,9779
9454,9780
9455,9781
9456,9782
9456,9783
9457,9602
9457,9603
9458,9784
9459,9785
9459,9786
9460,9787
9460,9788
9461,9789
9462,9790
9463,9791
9463,9792
9464,9793
9465,9794
9465,9795
9466,9796
9467,9797
9468,9798
9468,9799
9469,9800
9469,9683
9470,9801
9470,9802
9471,9803
9472,9804
9472,9805
9473,9806
9474,9807
9474,9808
9475,9809
9476,9604
9477,9810
9478,9811
9478,9812
9479,9756
9479,9813
9480,9814
9481,9815
9481,9816
9482,9817
9483,9818
9484,9819
9485,9820
9485,9821
9486,9822
9487,9823
9487,9824
9488,9825
9489,9826
9489,9827
9490,9828
9491,9829
9492,9830
9493,9831
9494,9832
9495,9833
9496,9834
9497,9835
9497,9836
9498,9837
9498,9838
9499,9839
9500,9840
9500,9841
9501,9842
9501,9843
9502,9844
9503,9845
9504,9846
9505,9847
9505,9848
9506,9849
9506,9760
9507,9850
9508,9851
9509,9852
9509,9741
9510,9853
9510,9854
9511,9855
9511,9856
9512,9857
9513,9858
9514,9859
9514,9860
9515,9861
9516,9861
9516,9862
9517,9863
9518,9707
9519,9645
9520,9864
9521,9865
9522,9866
9523,9867
9523,9868
9580,9605
9580,9606
9581,9893
9582,9894
9582,9895
9583,9869
9584,9896
9585,9897
9586,9898
9586,9899
9587,9900
9587,9901
9588,9902
9589,9903
9589,9904
9590,9905
9591,9906
9592,9907
9592,9908
9593,9909
9594,9910
9594,9911
9595,9912
9596,9870
9596,9871
9597,9913
9598,9914
9598,9915
9599,9916
9600,9917
9600,9918
9601,9919
9602,9920
9602,9921
9603,9922
9603,9923
9604,9924
9604,9925
9605,9926
9605,9927
9606,9928
9607,9929
9607,9930
9608,9931
9608,9932
9609,9933
9609,9934
9610,9935
9611,9936
9611,9937
9612,9938
9612,9939
9613,9940
9613,9941
9614,9942
9615,9943
9616,9944
9617,9945
9617,9946
9618,9947
9618,9948
9619,9949
9620,9950
9621,9951
9622,9872
9623,9952
9624,9953
9624,9954
9625,9955
9626,9956
9626,9957
9627,9958
9628,9959
9629,9960
9629,9961
9630,9962
9631,9963
9631,9964
9632,9965
9633,9966
9634,9967
9635,9968
9635,9969
9636,9970
9636,9971
9637,9972
9638,9973
9638,9974
9639,9975
9639,9976
9640,9977
9641,9978
9641,9979
9642,9980
9643,9981
9644,9982
9645,9873
9645,9874
9646,9983
9647,9984
9648,9985
9649,9986
9649,9987
9650,9988
9651,9989
9652,9990
9652,9991
9653,9992
9654,9993
9654,9994
9655,9995
9656,9996
9656,9997
9657,9998
9657,9999
9658,10000
9659,10001
9659,10002
9660,10003
9660,10004
9661,10005
9662,10006
9662,10007
9663,10008
9663,10009
9664,10010
9664,10011
9665,10012
9666,10013
9666,10014
9667,10015
9667,10016
9668,10017
9668,10018
9669,10019
9669,10020
9670,10021
9670,10022
9671,10023
9672,10024
9673,10025
9674,10026
9675,10027
9675,10028
9676,10029
9677,9875
9678,10030
9679,10031
9679,10032
9680,10033
9680,10034
9681,10035
9681,10036
9682,10037
9682,10038
9683,9876
9683,9877
9684,10039
9684,10040
9685,10041
9686,10042
9686,10043
9687,9878
9687,9879
9688,10044
9689,10045
9690,10046
9690,10047
9691,9880
9691,9881
9692,10048
9692,10049
9693,10050
9694,10051
9694,10052
9695,10053
9696,10054
9696,10055
9697,10056
9698,10052
9698,10057
9699,10058
9700,10059
9700,10060
9701,10061
9702,9953
9702,10062
9703,10063
9704,10064
9705,10065
9705,10066
9706,10007
9706,10067
9707,9882
9707,9883
9708,10068
9708,10069
9709,10070
9710,10071
9711,10072
9712,10073
9712,10074
9713,10075
9713,10076
9714,9902
9715,10077
9715,10078
9716,10079
9716,10080
9717,10081
9718,10003
9719,10082
9720,9930
9721,10083
9721,10084
9722,10085
9723,10086
9724,10087
9725,10088
9726,10089
9726,10090
9727,10091
9728,10092
9729,10001
9730,10093
9731,9905
9731,10013
9732,10094
9732,10095
9733,10096
9733,10097
9734,10098
9735,10099
9735,10100
9736,10101
9736,10102
9737,10103
9738,10104
9738,10105
9739,10106
9740,10107
9740,10108
9741,9884
9741,9885
9742,10109
9743,10110
9743,10111
9744,10112
9745,10113
9746,10114
9747,10115
9747,10116
9748,10081
9749,10117
9750,10118
9751,9893
9752,10119
9753,9916
9754,10120
9755,10121
9756,9886
9757,10122
9757,10123
9758,9953
9759,10124
9759,10125
9760,9887
9760,9888
9761,10126
9761,10127
9762,10070
9762,10128
9763,10129
9763,10071
9764,10130
9764,10131
9765,9884
9766,10132
9766,10133
9767,10134
9767,10135
9768,10136
9769,10137
9769,10138
9770,10139
9771,10140
9771,10102
9772,10141
9772,10142
9773,10143
9773,10144
9774,10145
9774,10146
9775,10147
9775,10148
9776,10149
9776,10150
9777,10151
9778,10152
9779,10153
9779,10154
9839,9889
9839,9890
9861,9891
9861,9892
9869,10177
9869,10178
9870,10179
9871,10180
9872,10181
9872,10182
9873,10183
9873,10184
9874,10185
9875,10186
9876,10187
9876,10188
9877,10189
9878,10190
9878,10191
9879,10192
9879,10193
9880,10194
9880,10195
9881,10196
9882,10197
9882,10198
9883,10199
9884,10158
9884,10159
9885,10200
9885,10201
9886,10202
9887,10203
9887,10204
9888,10205
9888,10206
9889,10207
9889,10208
9890,10209
9890,10210
9891,10211
9892,10212
9893,10160
9894,10213
9895,10214
9896,10215
9896,10216
9897,10217
9897,10218
9898,10219
9899,10220
9900,10221
9900,10222
9901,10223
9901,10224
9902,10161
9902,10162
9903,10225
9904,10226
9905,10163
9906,10227
9906,10228
9907,10229
9907,10230
9908,10231
9908,10232
9909,10233
9909,10234
9910,10235
9910,10236
9911,10237
9912,10238
9913,10239
9914,10240
9914,10241
9915,10242
9915,10243
9916,10164
9916,10165
9917,10244
9917,10245
9918,10246
9919,10174
9920,10247
9921,10248
9922,10249
9922,10250
9923,10251
9923,10225
9924,10252
9925,10252
9926,10253
9926,10254
9927,10255
9928,10256
9928,10257
9929,10258
9929,10259
9930,10166
9931,10260
9931,10261
9932,10262
9932,10263
9933,10264
9933,10265
9934,10266
9935,10267
9936,10268
9936,10269
9937,10270
9938,10271
9939,10272
9939,10273
9940,10274
9940,10275
9941,10276
9942,10277
9943,10278
9943,10279
9944,10280
9945,10281
9946,10241
9946,10282
9947,10283
9947,10284
9948,10285
9949,10286
9949,10287
9950,10288
9951,10289
9952,10290
9953,10155
9954,10291
9954,10292
9955,10293
9955,10227
9956,10294
9957,10295
9957,10296
9958,10297
9958,10298
9959,10299
9960,10300
9960,10301
9961,10302
9962,10303
9963,10304
9964,10305
9965,10306
9965,10307
9966,10308
9966,10309
9967,10310
9968,10311
9968,10312
9969,10313
9969,10314
9970,10315
9971,10316
9971,10310
9972,10317
9972,10318
9973,10199
9973,10319
9974,10320
9975,10321
9976,10322
9976,10323
9977,10324
9978,10325
9978,10326
9979,10327
9980,10274
9981,10264
9981,10328
9982,10329
9983,10330
9983,10331
9984,10332
9985,10333
9985,10334
9986,10219
9986,10335
9987,10336
9988,10337
9988,10338
9989,10339
9989,10340
9990,10341
9991,10342
9992,10343
9992,10344
9993,10345
9994,10346
9994,10262
9995,10347
9996,10348
9997,10349
9998,10350
9998,10351
9999,10352
9999,10353
10000,10354
10001,10167
10002,10355
10003,10168
10003,10169
10004,10356
10004,10357
10005,10358
10006,10359
10007,10170
10008,10360
10008,10361
10009,10362
10009,10363
10010,10364
10010,10365
10011,10366
10012,10367
10012,10368
10013,10171
10013,10172
10014,10369
10014,10370
10015,10371
10016,10372
10016,10373
10017,10374
10017,10375
10018,10376
10019,10377
10019,10378
10020,10379
10021,10380
10022,10381
10023,10382
10024,10383
10025,10384
10025,10255
10026,10385
10027,10386
10027,10387
10028,10388
10028,10389
10029,10390
10029,10391
10030,10392
10030,10165
10031,10393
10031,10394
10032,10395
10033,10396
10034,10397
10035,10398
10036,10399
10037,10400
10037,10401
10038,10402
10038,10403
10039,10404
10039,10405
10040,10406
10040,10407
10041,10408
10041,10409
10042,10410
10043,10411
10044,10412
10045,10406
10046,10413
10046,10414
10047,10415
10048,10416
10048,10417
10049,10418
10049,10419
10050,10420
10051,10421
10052,10173
10053,10422
10054,10423
10054,10424
10055,10263
10055,10425
10056,10347
10057,10426
10058,10427
10058,10428
10059,10429
10059,10430
10060,10431
10061,10432
10062,10433
10062,10434
10063,10435
10063,10436
10064,10437
10065,10438
10070,10174
10071,10156
10071,10157
10081,10175
10102,10176
10155,10463
10155,10464
10156,10465
10157,10466
10157,10467
10158,10468
10159,10469
10159,10470
10160,10471
10160,10472
10161,10473
10161,10474
10162,10475
10162,10476
10163,10477
10163,10478
10164,10479
10165,10439
10165,10440
10166,10480
10167,10481
10168,10482
10168,10483
10169,10484
10169,10485
10170,10486
10171,10487
10171,10488
10172,10489
10172,10490
10173,10491
10174,10441
10175,10492
10175,10493
10176,10494
10176,10495
10177,10496
10177,10497
10178,10498
10178,10499
10179,10500
10179,10501
10180,10502
10181,10503
10182,10504
10183,10505
10184,10506
10184,10507
10185,10508
10186,10509
10186,10510
10187,10511
10187,10512
10188,10513
10189,10514
10190,10515
10191,10516
10191,10517
10192,10518
10193,10519
10194,10520
10195,10521
10195,10522
10196,10523
10197,10524
10198,10525
10199,10442
10199,10443
10200,10526
10200,10527
10201,10528
10201,10478
10202,10529
10202,10530
10203,10531
10203,10532
10204,10533
10204,10532
10205,10534
10206,10535
10207,10536
10208,10537
10209,10538
10209,10539
10210,10540
10210,10541
10211,10542
10212,10543
10212,10544
10213,10545
10213,10546
10214,10547
10215,10548
10216,10549
10216,10550
10217,10551
10218,10552
10218,10553
10219,10444
10219,10445
10220,10554
10221,10555
10221,10556
10222,10557
10223,10558
10223,10514
10224,10559
10225,10446
10226,10560
10226,10486
10227,10447
10228,10561
10229,10562
10229,10563
10230,10564
10231,10565
10231,10566
10232,10567
10233,10568
10234,10569
10234,10570
10235,10571
10235,10572
10236,10573
10237,10574
10238,10575
10239,10576
10240,10577
10240,10454
10241,10448
10242,10578
10243,10579
10244,10580
10245,10581
10245,10582
10246,10583
10247,10584
10248,10585
10249,10586
10250,10587
10250,10588
10251,10589
10252,10449
10253,10590
10253,10591
10254,10592
10255,10450
10255,10451
10256,10593
10257,10594
10258,10595
10258,10596
10259,10597
10259,10598
10260,10526
10260,10599
10261,10600
10261,10601
10262,10452
10263,10453
10264,10454
10265,10602
10265,10603
10266,10604
10266,10605
10267,10606
10268,10607
10269,10608
10270,10479
10271,10609
10271,10610
10272,10611
10273,10610
10273,10612
10274,10455
10275,10613
10276,10612
10277,10614
10277,10615
10278,10616
10278,10471
10279,10617
10280,10618
10280,10619
10281,10620
10281,10621
10282,10453
10283,10622
10283,10623
10284,10624
10285,10625
10286,10500
10286,10626
10287,10627
10288,10628
10288,10629
10289,10630
10290,10631
10290,10632
10291,10633
10291,10634
10292,10635
10292,10471
10293,10636
10294,10637
10295,10638
10295,10639
10296,10640
10296,10641
10297,10642
10298,10643
10299,10644
10300,10645
10301,10646
10301,10647
10302,10648
10303,10649
10303,10650
10304,10651
10304,10652
10305,10653
10305,10654
10306,10655
10307,10656
10307,10657
10308,10658
10309,10478
10309,10481
10310,10456
10310,10457
10311,10659
10312,10660
10312,10661
10313,10662
10313,10592
10314,10663
10314,10664
10315,10665
10316,10666
10316,10667
10317,10668
10318,10669
10319,10670
10320,10592
10321,10671
10322,10672
10323,10673
10323,10674
10324,10675
10324,10676
10325,10677
10325,10678
10326,10679
10327,10680
10328,10681
10329,10682
10330,10683
10331,10684
10331,10685
10332,10686
10333,10687
10333,10688
10334,10689
10335,10690
10336,10691
10337,10692
10337,10693
10338,10694
10339,10695
10340,10696
10340,10697
10341,10698
10342,10699
10343,10700
10343,10701
10344,10506
10345,10702
10345,10703
10346,10704
10347,10458
10348,10705
10348,10706
10349,10707
10350,10708
10350,10709
10351,10469
10352,10710
10353,10523
10397,10459
10397,10460
10406,10461
10406,10462
10439,10733
10440,10734
10440,10735
10441,10714
10442,10736
10442,10737
10443,10738
10443,10739
10444,10740
10445,10741
10446,10742
10446,10743
10447,10744
10448,10745
10449,10746
10450,10747
10450,10748
10451,10749
10451,10750
10452,10751
10452,10752
10453,10715
10454,10716
10455,10753
10455,10754
10456,10755
10456,10756
10457,10757
10457,10758
10458,10759
10459,10760
10460,10761
10461,10762
10462,10763
10462,10764
10463,10765
10464,10766
10464,10767
10465,10768
10465,10769
10466,10770
10467,10771
10467,10772
10468,10773
10468,10774
10469,10717
10470,10775
10471,10711
10472,10776
10473,10777
10473,10778
10474,10779
10474,10780
10475,10781
10476,10782
10477,10783
10478,10712
10479,10718
10480,10784
10481,10719
10482,10785
10483,10786
10483,10787
10484,10788
10485,10783
10486,10720
10487,10789
10488,10790
10489,10791
10489,10792
10490,10793
10491,10794
10492,10795
10492,10796
10493,10797
10494,10798
10495,10799
10496,10800
10497,10801
10497,10802
10498,10803
10499,10804
10499,10805
10500,10721
10500,10722
10501,10806
10501,10807
10502,10808
10502,10809
10503,10810
10503,10811
10504,10812
10505,10778
10506,10723
10506,10724
10507,10813
10508,10791
10509,10814
10510,10815
10510,10816
10511,10817
10512,10818
10512,10819
10513,10820
10513,10821
10514,10725
10515,10822
10516,10823
10516,10824
10517,10825
10518,10826
10518,10827
10519,10828
10519,10829
10520,10830
10520,10831
10521,10832
10522,10833
10522,10834
10523,10726
10524,10835
10524,10836
10525,10837
10525,10838
10526,10727
10526,10728
10527,10839
10528,10840
10529,10841
10529,10842
10530,10843
10530,10844
10531,10845
10532,10729
10532,10730
10533,10846
10534,10847
10535,10848
10535,10849
10536,10850
10536,10851
10537,10852
10537,10853
10538,10854
10538,10855
10539,10856
10539,10857
10540,10858
10540,10859
10541,10860
10541,10861
10542,10862
10543,10863
10544,10864
10544,10865
10545,10866
10546,10867
10547,10743
10548,10868
10548,10869
10549,10870
10549,10871
10550,10872
10551,10873
10552,10874
10552,10875
10553,10876
10553,10877
10554,10878
10554,10879
10555,10880
10556,10797
10556,10881
10557,10882
10557,10883
10558,10884
10558,10885
10559,10886
10560,10887
10560,10888
10561,10889
10561,10890
10562,10891
10562,10892
10563,10893
10564,10894
10564,10895
10565,10896
10565,10897
10566,10898
10566,10899
10567,10900
10567,10901
10568,10902
10568,10903
10569,10904
10569,10905
10570,10906
10570,10907
10571,10908
10572,10909
10572,10735
10573,10910
10574,10911
10575,10912
10575,10724
10576,10892
10576,10913
10577,10914
10577,10915
10578,10916
10578,10917
10579,10918
10579,10919
10580,10920
10580,10921
10581,10922
10581,10923
10582,10924
10583,10925
10583,10926
10584,10927
10584,10928
10585,10929
10585,10930
10586,10931
10586,10932
10587,10933
10588,10934
10589,10935
10590,10936
10590,10937
10591,10938
10591,10939
10592,10713
10593,10940
10594,10941
10594,10942
10595,10943
10595,10944
10596,10945
10596,10946
10597,10947
10598,10948
10598,10949
10599,10950
10600,10951
10601,10952
10601,10953
10602,10954
10602,10955
10603,10808
10604,10956
10604,10957
10605,10958
10605,10959
10606,10960
10607,10961
10608,10962
10608,10963
10609,10964
10609,10965
10610,10731
10611,10966
10612,10732
10613,10967
10613,10968
10614,10969
10614,10970
10615,10971
10616,10972
10617,10973
10617,10974
10618,10975
10618,10976
10619,10977
10620,10978
10620,10979
10621,10980
10622,10981
10623,10982
10624,10983
10624,10984
10625,10985
10626,10838
10627,10986
10627,10987
10628,10909
10628,10988
10629,10907
10629,10989
10630,10990
10631,10991
10631,10992
10632,10993
10633,10994
10634,10995
10634,10996
10635,10997
10635,10998
10636,10893
10636,10999
10637,11000
10637,11001
10638,10841
10639,11002
10639,11003
10711,11022
10711,11023
10712,11024
10712,11025
10713,11026
10714,11027
10714,11028
10715,11029
10716,11030
10717,11031
10718,11032
10718,11033
10719,11034
10719,11035
10720,11036
10720,11037
10721,11038
10722,11039
10723,11040
10723,11041
10724,11004
10725,11042
10726,11043
10726,11044
10727,11045
10728,11046
10729,11047
10729,11048
10730,11049
10730,11050
10731,11051
10731,11052
10732,11053
10733,11054
10734,11055
10734,11056
10735,11005
10735,11006
10736,11057
10736,11058
10737,11059
10737,11060
10738,11061
10739,11062
10739,11063
10740,11064
10740,11065
10741,11066
10742,11067
10743,11007
10744,11068
10745,11069
10746,11070
10747,11071
10747,11072
10748,11073
10749,11074
10749,11075
10750,11076
10750,11077
10751,11078
10751,11079
10752,11080
10752,11081
10753,11082
10753,11083
10754,11041
10754,11084
10755,11085
10755,11086
10756,11087
10757,11088
10758,11089
10758,11090
10759,11030
10760,11091
10761,11092
10762,11093
10762,11094
10763,11095
10764,11096
10764,11097
10765,11098
10766,11099
10766,11100
10767,11101
10768,11102
10769,11103
10769,11104
10770,11105
10771,11106
10772,11107
10772,11108
10773,11109
10773,11110
10774,11111
10774,11112
10775,11113
10775,11114
10776,11115
10776,11116
10777,11117
10778,11008
10778,11009
10779,11118
10779,11119
10780,11120
10781,11121
10781,11122
10782,11123
10782,11124
10783,11010
10783,11011
10784,11042
10785,11125
10786,11126
10786,11127
10787,11128
10788,11129
10788,11130
10789,11131
10789,11132
10790,11133
10790,11134
10791,11012
10791,11013
10792,11013
10793,11135
10793,11136
10794,11137
10794,11138
10795,11139
10795,11140
10796,11141
10797,11014
10798,11142
10798,11143
10799,11144
10800,11145
10801,11146
10802,11147
10803,11148
10803,11149
10804,11150
10804,11151
10805,11152
10805,11153
10806,11015
10806,11154
10807,11155
10807,11156
10808,11004
10809,11157
10810,11115
10811,11158
10812,11159
10812,11160
10813,11161
10814,11162
10815,11163
10815,11164
10816,11165
10817,11166
10817,11167
10818,11168
10818,11169
10819,11049
10820,11170
10821,11171
10822,11172
10822,11173
10823,11174
10823,11175
10824,11176
10824,11177
10825,11178
10825,11179
10826,11180
10826,11181
10827,11182
10828,11183
10828,11184
10829,11185
10829,11186
10830,11187
10831,11188
10831,11189
10832,11190
10833,11191
10834,11192
10834,11193
10835,11194
10835,11195
10836,11196
10837,11197
10837,11198
10838,11015
10839,11199
10840,11200
10840,11201
10841,11016
10842,11202
10842,11203
10843,11204
10844,11205
10845,11206
10845,11207
10846,11130
10847,11208
10848,11209
10849,11210
10849,11211
10850,11212
10851,11213
10852,11214
10852,11215
10853,11216
10854,11217
10855,11218
10856,11219
10857,11220
10858,11221
10859,11222
10860,11223
10860,11224
10861,11225
10861,11226
10862,11227
10862,11228
10863,11229
10864,11230
10864,11231
10865,11232
10865,11233
10866,11234
10867,11235
10868,11236
10869,11237
10869,11238
10870,11239
10871,11240
10871,11241
10872,11242
10873,11243
10873,11244
10874,11245
10874,11246
10875,11247
10875,11248
10876,11249
10876,11250
10877,11251
10878,11252
10879,11253
10879,11254
10880,11255
10880,11256
10881,11257
10881,11258
10882,11259
10882,11260
10883,11261
10883,11262
10884,11263
10885,11264
10886,11265
10887,11266
10888,11267
10889,11268
10890,11269
10891,11270
10892,11017
10892,11018
10893,11019
10894,11271
10894,11013
10895,11272
10895,11273
10896,11274
10897,11275
10897,11276
10898,11277
10899,11278
10900,11279
10901,11280
10901,11281
10902,11282
10903,11283
10903,11284
10904,11285
10905,11286
10906,11287
10906,11288
10907,11020
10908,11289
10908,11290
10909,11021
10910,11291
10910,11292
10911,11293
11004,11296
11004,11297
11005,11307
11006,11308
11007,11309
11008,11310
11009,11311
11010,11312
11010,11313
11011,11314
11012,11315
11013,11294
11014,11316
11015,11295
11016,11317
11016,11318
11017,11319
11017,11320
11018,11321
11018,11322
11019,11323
11019,11324
11020,11325
11021,11326
11022,11327
11022,11328
11023,11329
11024,11330
11025,11331
11026,11332
11026,11333
11027,11334
11027,11335
11028,11336
11028,11337
11029,11338
11029,11339
11030,11298
11031,11340
11031,11341
11032,11342
11032,11343
11033,11344
11033,11345
11034,11346
11035,11347
11036,11348
11037,11349
11038,11350
11038,11351
11039,11352
11040,11353
11041,11299
11042,11300
11043,11354
11043,11355
11044,11356
11044,11357
11045,11358
11045,11359
11046,11360
11046,11361
11047,11362
11047,11363
11048,11364
11048,11365
11049,11301
11049,11302
11050,11366
11051,11367
11052,11321
11053,11368
11053,11369
11054,11370
11055,11371
11055,11342
11056,11372
11056,11373
11057,11374
11058,11375
11059,11376
11060,11377
11060,11378
11061,11379
11061,11380
11062,11381
11063,11382
11063,11383
11064,11384
11064,11385
11065,11386
11066,11387
11067,11388
11067,11389
11068,11390
11068,11391
11069,11303
11070,11392
11070,11393
11071,11394
11071,11395
11072,11396
11073,11397
11073,11398
11074,11399
11075,11400
11076,11401
11077,11402
11078,11403
11078,11404
11079,11306
11080,11335
11080,11405
11081,11406
11082,11407
11083,11408
11084,11409
11085,11410
11086,11411
11086,11412
11087,11413
11087,11414
11088,11415
11088,11416
11089,11417
11089,11418
11090,11419
11091,11420
11092,11421
11092,11422
11093,11423
11093,11424
11094,11425
11095,11426
11095,11427
11096,11428
11097,11429
11098,11430
11099,11431
11100,11432
11100,11433
11101,11414
11101,11434
11102,11435
11103,11436
11104,11437
11105,11438
11105,11439
11106,11440
11106,11441
11107,11442
11108,11443
11109,11444
11109,11445
11110,11446
11111,11447
11111,11448
11112,11449
11113,11450
11114,11451
11114,11452
11115,11304
11116,11453
11117,11454
11118,11455
11119,11456
11120,11457
11120,11458
11121,11459
11122,11460
11122,11461
11123,11462
11124,11463
11124,11464
11125,11465
11126,11466
11127,11467
11128,11468
11129,11454
11129,11469
11130,11305
11130,11306
11131,11470
11132,11471
11132,11472
11133,11473
11133,11474
11134,11475
11135,11476
11136,11477
11137,11478
11138,11479
11139,11480
11140,11481
11141,11482
11142,11483
11143,11484
11144,11485
11145,11486
11145,11487
11146,11488
11147,11489
11148,11452
11148,11490
11149,11491
11150,11492
11151,11493
11151,11494
11152,11495
11152,11496
11153,11497
11154,11498
11155,11499
11155,11500
11156,11501
11157,11502
11158,11503
11158,11504
11159,11505
11160,11506
11160,11507
11161,11508
11162,11509
11163,11491
11164,11510
11165,11511
11166,11512
11167,11513
11168,11514
11169,11515
11169,11516
11170,11517
11171,11518
11172,11519
11172,11520
11173,11521
11174,11522
11175,11523
11175,11524
11176,11525
11177,11526
11178,11527
11178,11528
11179,11529
11179,11530
11180,11531
11181,11532
11181,11533
11182,11534
11182,11348
11183,11535
11183,11536
11184,11537
11184,11538
11185,11539
11186,11540
11186,11541
11187,11542
11187,11543
11188,11544
11188,11545
11189,11546
11189,11547
11190,11548
11190,11549
11191,11550
11192,11551
11193,11552
11194,11553
11194,11554
11195,11555
11196,11556
11196,11557
11197,11558
11198,11559
11199,11560
11200,11561
11201,11562
11201,11544
11202,11563
11202,11564
11203,11565
11203,11566
11204,11567
11204,11568
11294,11583
11294,11584
11295,11585
11296,11586
11296,11587
11297,11588
11298,11589
11299,11590
11300,11591
11301,11592
11302,11593
11302,11594
11303,11595
11303,11596
11304,11597
11305,11598
11305,11599
11306,11569
11306,11570
11307,11600
11307,11601
11308,11602
11308,11603
11309,11604
11310,11605
11310,11606
11311,11607
11311,11608
11312,11609
11313,11610
11313,11611
11314,11612
11314,11613
11315,11614
11315,11615
11316,11616
11317,11617
11317,11618
11318,11619
11318,11620
11319,11621
11320,11622
11321,11571
11321,11572
11322,11623
11322,11624
11323,11625
11323,11626
11324,11627
11325,11628
11325,11629
11326,11630
11326,11631
11327,11632
11328,11633
11329,11634
11330,11635
11330,11636
11331,11637
11332,11638
11332,11639
11333,11640
11333,11641
11334,11642
11334,11643
11335,11573
11336,11644
11337,11645
11338,11646
11339,11647
11339,11648
11340,11649
11341,11650
11342,11574
11343,11651
11343,11652
11344,11653
11345,11654
11345,11655
11346,11656
11346,11657
11347,11658
11348,11575
11349,11659
11349,11660
11350,11661
11351,11662
11352,11663
11353,11664
11353,11626
11354,11665
11355,11606
11355,11666
11356,11667
11357,11668
11357,11669
11358,11670
11359,11671
11359,11672
11360,11673
11361,11674
11361,11675
11362,11676
11362,11677
11363,11678
11363,11679
11364,11680
11365,11681
11366,11682
11366,11683
11367,11684
11367,11685
11368,11686
11368,11687
11369,11688
11370,11689
11371,11690
11371,11691
11372,11692
11372,11693
11373,11694
11373,11695
11374,11696
11374,11697
11375,11698
11376,11699
11377,11700
11377,11701
11378,11702
11378,11703
11379,11704
11380,11705
11380,11706
11381,11707
11382,11708
11382,11709
11383,11710
11384,11711
11385,11712
11385,11713
11386,11714
11387,11715
11388,11716
11389,11717
11390,11718
11391,11697
11392,11719
11393,11720
11394,11721
11395,11722
11396,11723
11396,11724
11397,11725
11398,11726
11399,11727
11400,11728
11401,11729
11402,11730
11402,11731
11403,11732
11403,11733
11404,11734
11404,11735
11405,11736
11406,11737
11406,11738
11407,11739
11407,11740
11408,11741
11409,11742
11409,11743
11410,11744
11410,11745
11411,11746
11411,11747
11412,11748
11412,11749
11413,11750
11413,11751
11414,11576
11414,11577
11415,11752
11416,11753
11416,11754
11417,11755
11418,11756
11418,11757
11419,11758
11419,11759
11420,11760
11421,11761
11422,11762
11422,11763
11423,11764
11424,11625
11424,11765
11425,11766
11425,11767
11426,11768
11426,11769
11427,11770
11427,11650
11428,11771
11428,11772
11429,11773
11429,11774
11430,11775
11431,11776
11432,11777
11432,11778
11433,11779
11433,11780
11434,11781
11434,11782
11435,11783
11436,11784
11437,11785
11438,11786
11439,11787
11440,11788
11440,11789
11441,11790
11442,11791
11442,11792
11443,11793
11443,11794
11444,11795
11445,11796
11446,11797
11447,11798
11447,11799
11448,11800
11448,11591
11449,11801
11449,11802
11450,11803
11450,11804
11451,11805
11452,11578
11452,11579
11453,11806
11454,11580
11455,11807
11455,11808
11456,11809
11456,11810
11457,11811
11457,11812
11458,11813
11458,11814
11459,11815
11460,11816
11460,11817
11461,11818
11461,11819
11462,11820
11462,11821
11463,11822
11464,11823
11465,11824
11465,11825
11466,11826
11467,11827
11468,11828
11468,11829
11469,11830
11470,11831
11471,11832
11472,11833
11473,11834
11473,11835
11474,11836
11475,11837
11476,11838
11477,11839
11478,11840
11479,11841
11479,11842
11480,11843
11480,11844
11481,11845
11481,11846
11482,11717
11483,11847
11483,11848
11484,11849
11485,11850
11486,11851
11487,11852
11487,11853
11488,11854
11488,11855
11489,11856
11489,11753
11490,11857
11491,11581
11492,11858
11493,11859
11544,11582
11569,11874
11570,11875
11570,11876
11571,11877
11572,11878
11572,11879
11573,11880
11573,11881
11574,11882
11574,11883
11575,11884
11576,11885
11576,11886
11577,11887
11577,11888
11578,11889
11578,11890
11579,11891
11579,11892
11580,11893
11581,11890
11582,11894
11582,11895
11583,11896
11584,11897
11585,11898
11585,11899
11586,11900
11587,11901
11588,11902
11589,11903
11589,11904
11590,11905
11590,11906
11591,11860
11592,11907
11592,11908
11593,11909
11593,11910
11594,11911
11595,11912
11596,11913
11597,11914
11598,11915
11598,11916
11599,11917
11599,11918
11600,11919
11600,11920
11601,11921
11602,11906
11602,11922
11603,11923
11603,11924
11604,11925
11605,11926
11606,11861
11607,11927
11608,11928
11609,11929
11609,11930
11610,11931
11610,11932
11611,11933
11611,11934
11612,11935
11612,11936
11613,11937
11614,11938
11614,11939
11615,11940
11615,11941
11616,11942
11617,11943
11618,11944
11619,11945
11620,11946
11621,11947
11621,11948
11622,11949
11623,11950
11624,11951
11624,11952
11625,11862
11625,11863
11626,11864
11626,11865
11627,11953
11628,11954
11629,11955
11629,11956
11630,11957
11631,11958
11631,11959
11632,11960
11632,11961
11633,11962
11633,11963
11634,11964
11635,11965
11635,11966
11636,11967
11637,11968
11638,11969
11638,11970
11639,11971
11639,11972
11640,11973
11641,11974
11642,11975
11642,11976
11643,11977
11644,11978
11645,11979
11645,11980
11646,11981
11647,11982
11648,11983
11648,11984
11649,11985
11649,11986
11650,11866
11650,11867
11651,11987
11651,11988
11652,11989
11652,11990
11653,11991
11654,11992
11655,11993
11656,11994
11657,11995
11657,11996
11658,11997
11659,11998
11660,11999
11661,12000
11662,12001
11663,12002
11664,12003
11665,12004
11665,12005
11666,12006
11667,12007
11667,12008
11668,12009
11668,12010
11669,12011
11670,12012
11671,12013
11671,12014
11672,12015
11673,12016
11674,12017
11675,12018
11675,12019
11676,12020
11676,12021
11677,12022
11678,12023
11679,12024
11680,12025
11680,12026
11681,12027
11681,12028
11682,12029
11682,12030
11683,12031
11684,12032
11685,12033
11685,12034
11686,12035
11686,12036
11687,12037
11688,12038
11688,12039
11689,12040
11689,12041
11690,12042
11691,12043
11692,12044
11692,12012
11693,12045
11694,12046
11694,12047
11695,12048
11695,12049
11696,12050
11697,11868
11698,12051
11699,12052
11699,12053
11700,12054
11700,12055
11701,12056
11702,12057
11702,12058
11703,12059
11704,12060
11704,12061
11705,12062
11706,12063
11706,12064
11707,12065
11707,12066
11708,12067
11708,12068
11709,12069
11710,12070
11711,12071
11712,12072
11713,12073
11713,12074
11714,12075
11715,12076
11716,12077
11717,11869
11717,11870
11718,12078
11719,12079
11719,12080
11720,12081
11721,12082
11722,12083
11722,12084
11723,12085
11724,12086
11724,12087
11725,12088
11726,12089
11726,12090
11727,12091
11728,12092
11728,12093
11729,12094
11730,12095
11730,12096
11731,12097
11731,12098
11732,12099
11732,12100
11733,12101
11734,12102
11735,12103
11735,12104
11736,12105
11736,12106
11737,12107
11737,12108
11738,12107
11738,12109
11739,12110
11739,12111
11740,11993
11741,12112
11741,12113
11742,12114
11742,12115
11743,12116
11743,12117
11744,12118
11745,12119
11745,12120
11746,12121
11747,12122
11748,12123
11748,12124
11749,12125
11749,12126
11750,12127
11750,12128
11751,12129
11751,12130
11752,12131
11752,12132
11753,11871
11754,12133
11755,12134
11755,12135
11756,12136
11756,12137
11757,12138
11758,12139
11759,12140
11760,12129
11760,12141
11761,12142
11762,12143
11762,12144
11763,12145
11764,12146
11764,12147
11765,12148
11766,12149
11766,12150
11767,12151
11767,12152
11768,12153
11768,12154
11790,11872
11790,11873
11860,12165
11860,12166
11861,12167
11861,12168
11862,12169
11862,12170
11863,12171
11864,12172
11864,12173
11865,12174
11866,12175
11867,12176
11867,12177
11868,12178
11869,12179
11870,12180
11871,12181
11871,12182
11872,12183
11873,12184
11874,12185
11874,12186
11875,12187
11876,12188
11877,12189
11877,12190
11878,12191
11879,12192
11879,12193
11880,12194
11880,12195
11881,12196
11881,12197
11882,12198
11882,12199
11883,12200
11884,12201
11885,12202
11886,12203
11887,12204
11887,12205
11888,12206
11889,12207
11889,12208
11890,12155
11890,12156
11891,12209
11891,12210
11892,12211
11893,12212
11893,12213
11894,12214
11894,12215
11895,12216
11896,12217
11897,12218
11898,12219
11899,12220
11900,12221
11900,12222
11901,12223
11902,12224
11903,12225
11904,12226
11905,12227
11906,12157
11906,12158
11907,12228
11907,12229
11908,12230
11909,12231
11909,12232
11910,12233
11910,12208
11911,12234
11911,12235
11912,12236
11912,12237
11913,12238
11913,12239
11914,12240
11915,12241
11915,12242
11916,12243
11917,12244
11918,12245
11919,12246
11920,12247
11921,12248
11922,12249
11922,12250
11923,12251
11923,12252
11924,12253
11924,12254
11925,12255
11926,12256
11927,12171
11928,12257
11928,12258
11929,12259
11929,12260
11930,12233
11931,12261
11931,12262
11932,12263
11933,12264
11934,12265
11935,12266
11935,12267
11936,12268
11936,12269
11937,12270
11937,12271
11938,12272
11938,12273
11939,12274
11940,12275
11940,12276
11941,12277
11941,12278
11942,12279
11943,12280
11944,12281
11944,12282
11945,12283
11946,12284
11946,12285
11947,12286
11948,12287
11948,12288
11949,12289
11950,12290
11951,12291
11951,12292
11952,12293
11952,12294
11953,12295
11954,12296
11955,12297
11955,12298
11956,12299
11957,12300
11957,12301
11958,12302
11959,12303
11959,12304
11960,12305
11961,12306
11961,12307
11962,12308
11963,12309
11964,12310
11965,12311
11965,12222
11966,12312
11967,12159
11968,12313
11968,12314
11969,12315
11970,12316
11970,12317
11971,12318
11971,12319
11972,12320
11973,12321
11973,12322
11974,12323
11974,12324
11975,12325
11975,12326
11976,12327
11976,12328
11977,12329
11978,12330
11979,12331
11980,12332
11981,12333
11981,12334
11982,12335
11983,12336
11984,12337
11985,12338
11986,12339
11986,12340
11987,12341
11987,12342
11988,12343
11988,12344
11989,12345
11990,12346
11991,12347
11991,12337
11992,12348
11992,12349
11993,12160
11994,12350
11995,12180
11995,12351
11996,12352
11997,12353
11998,12354
11999,12355
11999,12356
12000,12357
12001,12358
12001,12359
12002,12360
12003,12361
12004,12362
12005,12265
12006,12363
12007,12364
12007,12365
12008,12366
12009,12367
12010,12368
12010,12369
12011,12370
12011,12371
12012,12161
12013,12372
12013,12373
12014,12374
12015,12375
12016,12376
12017,12377
12017,12378
12018,12379
12019,12380
12020,12381
12020,12382
12021,12383
12021,12384
12022,12385
12022,12386
12023,12387
12024,12388
12024,12389
12025,12390
12025,12391
12026,12392
12027,12393
12027,12394
12028,12395
12028,12396
12029,12397
12029,12398
12030,12399
12030,12400
12031,12401
12031,12402
12032,12403
12033,12404
12034,12405
12034,12406
12035,12407
12035,12408
12036,12409
12036,12410
12037,12411
12038,12412
12038,12413
12039,12414
12039,12415
12040,12416
12041,12417
12042,12418
12042,12419
12043,12190
12043,12174
12044,12420
12045,12421
12046,12422
12046,12423
12047,12424
12047,12425
12048,12426
12048,12427
12049,12428
12050,12429
12051,12430
12051,12431
12052,12432
12052,12433
12053,12434
12054,12345
12054,12435
12055,12436
12055,12437
12056,12438
12057,12439
12058,12440
12107,12162
12107,12163
12129,12164
12155,12455
12155,12456
12156,12457
12156,12458
12157,12459
12157,12460
12158,12461
12158,12462
12159,12463
12160,12464
12160,12465
12161,12466
12162,12467
12163,12468
12163,12469
12164,12470
12164,12471
12165,12472
12165,12473
12166,12474
12167,12475
12167,12476
12168,12477
12168,12478
12169,12479
12170,12480
12171,12441
12171,12442
12172,12481
12173,12482
12173,12483
12174,12443
12174,12444
12175,12484
12175,12485
12176,12486
12176,12487
12177,12488
12177,12489
12178,12490
12179,12491
12179,12492
12180,12445
12181,12493
12181,12494
12182,12495
12182,12496
12183,12497
12183,12498
12184,12499
12184,12500
12185,12501
12186,12502
12187,12503
12188,12468
12189,12504
12189,12505
12190,12446
12191,12506
12191,12507
12192,12508
12192,12509
12193,12510
12194,12511
12195,12512
12195,12513
12196,12514
12196,12515
12197,12516
12197,12517
12198,12518
12199,12519
12199,12520
12200,12521
12200,12522
12201,12523
12201,12524
12202,12525
12203,12526
12203,12527
12204,12528
12205,12529
12206,12530
12207,12531
12207,12532
12208,12447
12209,12533
12209,12534
12210,12535
12211,12536
12211,12537
12212,12538
12212,12539
12213,12540
12214,12541
12215,12542
12216,12543
12216,12544
12217,12545
12217,12546
12218,12547
12219,12548
12220,12448
12221,12549
12222,12449
12223,12550
12223,12551
12224,12552
12224,12553
12225,12554
12226,12555
12227,12556
12228,12557
12229,12558
12229,12559
12230,12560
12230,12561
12231,12562
12231,12563
12232,12564
12233,12450
12234,12565
12234,12566
12235,12567
12236,12568
12236,12569
12237,12570
12237,12571
12238,12535
12239,12572
12240,12573
12241,12574
12241,12575
12242,12576
12242,12577
12243,12578
12244,12579
12244,12580
12245,12581
12246,12582
12246,12583
12247,12584
12248,12585
12248,12586
12249,12587
12249,12588
12250,12589
12250,12590
12251,12591
12252,12592
12253,12593
12254,12594
12255,12595
12255,12596
12256,12597
12257,12598
12258,12599
12259,12600
12259,12601
12260,12602
12260,12603
12261,12604
12261,12605
12262,12606
12263,12607
12264,12608
12264,12609
12265,12451
12266,12488
12267,12610
12267,12611
12268,12598
12268,12612
12269,12613
12270,12569
12270,12614
12271,12615
12271,12616
12272,12617
12273,12618
12274,12581
12275,12619
12276,12620
12277,12621
12277,12459
12278,12622
12279,12623
12280,12624
12280,12625
12281,12626
12282,12627
12283,12628
12284,12629
12285,12630
12285,12631
12286,12632
12286,12633
12287,12634
12287,12635
12288,12636
12288,12637
12289,12638
12290,12639
12290,12640
12291,12641
12292,12642
12293,12643
12294,12644
12294,12645
12295,12646
12295,12647
12296,12648
12296,12649
12297,12650
12297,12651
12298,12652
12298,12653
12299,12654
12299,12655
12300,12656
12301,12657
12302,12658
12303,12659
12303,12660
12304,12661
12305,12662
12306,12663
12307,12664
12307,12665
12308,12666
12309,12667
12310,12668
12311,12669
12311,12670
12312,12671
12312,12672
12313,12673
12313,12674
12314,12675
12314,12676
12315,12677
12315,12678
12316,12679
12317,12680
12318,12681
12318,12682
12319,12683
12319,12684
12320,12685
12321,12686
12322,12687
12323,12688
12323,12689
12324,12453
12325,12690
12326,12608
12327,12691
12327,12692
12328,12693
12329,12694
12330,12695
12330,12696
12331,12697
12332,12698
12332,12699
12333,12700
12333,12701
12334,12702
12334,12703
12335,12704
12335,12705
12336,12650
12336,12706
12337,12452
12337,12453
12338,12707
12339,12708
12340,12709
12340,12710
12341,12711
12342,12712
12343,12713
12343,12553
12344,12714
12344,12715
12345,12454
12346,12716
12346,12717
12347,12718
12347,12719
12348,12719
12348,12647
12349,12720
12349,12721
12350,12722
12351,12723
12351,12724
12352,12725
12352,12726
12353,12727
12353,12728
12354,12729
12354,12730
12355,12731
12355,12732
12441,12756
12441,12757
12442,12758
12442,12759
12443,12760
12443,12761
12444,12762
12444,12763
12445,12764
12445,12765
12446,12766
12447,12767
12447,12768
12448,12769
12449,12770
12449,12771
12450,12772
12450,12773
12451,12774
12452,12775
12452,12776
12453,12733
12453,12734
12454,12777
12454,12778
12455,12779
12455,12748
12456,12780
12457,12781
12458,12782
12459,12735
12460,12783
12460,12784
12461,12785
12462,12786
12462,12787
12463,12788
12463,12789
12464,12790
12465,12791
12465,12792
12466,12793
12467,12794
12468,12736
12468,12737
12469,12795
12470,12796
12470,12797
12471,12798
12471,12799
12472,12800
12473,12801
12474,12802
12474,12803
12475,12804
12475,12805
12476,12806
12477,12807
12478,12808
12479,12809
12480,12810
12480,12811
12481,12812
12482,12813
12483,12814
12483,12815
12484,12816
12484,12817
12485,12818
12486,12819
12487,12820
12488,12738
12488,12739
12489,12821
12490,12822
12491,12823
12491,12824
12492,12825
12492,12826
12493,12827
12494,12828
12495,12829
12496,12830
12496,12831
12497,12832
12498,12833
12498,12834
12499,12835
12499,12836
12500,12837
12500,12838
12501,12839
12502,12840
12502,12841
12503,12842
12503,12843
12504,12844
12504,12845
12505,12846
12505,12847
12506,12848
12506,12849
12507,12850
12508,12851
12508,12852
12509,12853
12510,12854
12511,12855
12511,12856
12512,12857
12513,12858
12514,12859
12514,12860
12515,12861
12515,12862
12516,12863
12516,12864
12517,12865
12517,12866
12518,12740
12519,12867
12520,12868
12521,12869
12522,12870
12523,12871
12524,12872
12524,12873
12525,12874
12525,12875
12526,12876
12526,12877
12527,12878
12528,12879
12529,12880
12530,12881
12530,12882
12531,12883
12531,12884
12532,12885
12533,12886
12533,12887
12534,12888
12535,12741
12536,12889
12537,12890
12538,12749
12538,12891
12539,12892
12539,12893
12540,12894
12540,12895
12541,12896
12542,12897
12543,12898
12544,12899
12544,12900
12545,12901
12546,12902
12547,12903
12547,12904
12548,12905
12549,12906
12549,12907
12550,12908
12551,12909
12552,12910
12553,12742
12554,12911
12555,12912
12555,12913
12556,12914
12556,12915
12557,12916
12558,12917
12558,12918
12559,12919
12560,12920
12560,12921
12561,12922
12561,12923
12562,12924
12563,12925
12564,12926
12564,12927
12565,12928
12566,12929
12566,12930
12567,12931
12568,12932
12569,12743
12569,12744
12570,12933
12571,12934
12571,12935
12572,12936
12572,12937
12573,12938
12574,12939
12574,12940
12575,12941
12575,12942
12576,12943
12576,12944
12577,12945
12577,12946
12578,12947
12579,12948
12579,12949
12580,12950
12580,12896
12581,12745
12581,12746
12582,12951
12582,12952
12583,12953
12583,12954
12584,12955
12585,12956
12586,12957
12586,12958
12587,12959
12588,12960
12589,12961
12590,12962
12591,12963
12591,12964
12592,12965
12593,12966
12593,12967
12594,12968
12594,12969
12595,12970
12595,12971
12596,12972
12597,12973
12597,12974
12598,12747
12598,12748
12599,12975
12599,12976
12600,12977
12601,12978
12602,12979
12602,12980
12603,12981
12604,12982
12605,12983
12605,12984
12606,12985
12606,12986
12607,12987
12608,12749
12608,12750
12609,12817
12610,12988
12611,12989
12612,12990
12612,12991
12613,12992
12614,12940
12615,12993
12616,12994
12617,12995
12617,12996
12618,12997
12618,12998
12619,12999
12620,13000
12621,13001
12622,13002
12622,13003
12623,13004
12624,13005
12625,13006
12625,13007
12626,13008
12626,13009
12627,13010
12628,13011
12628,13012
12629,13013
12629,13014
12630,13015
12630,13016
12631,13017
12631,13018
12632,13019
12633,13020
12634,12965
12635,13021
12636,13022
12637,13023
12637,13024
12647,12751
12650,12752
12650,12753
12658,12754
12719,12755
12733,13037
12734,13038
12734,13039
12735,13040
12735,13041
12736,13042
12737,13043
12738,13044
12739,13045
12739,13046
12740,13047
12740,13048
12741,13049
12741,13050
12742,13051
12743,13052
12743,13053
12744,13054
12744,13055
12745,13056
12745,13057
12746,13058
12746,13059
12747,13060
12748,13025
12749,13026
12749,13027
12750,13061
12750,13062
12751,13063
12751,13064
12752,13065
12753,13066
12753,13067
12754,13068
12754,13069
12755,13070
12756,13071
12757,13072
12757,13073
12758,13074
12758,13075
12759,13076
12760,13077
12761,13078
12761,13079
12762,13080
12762,13081
12763,13082
12763,13083
12764,13084
12765,13085
12765,13086
12766,13087
12767,13088
12767,13089
12768,13090
12769,13091
12769,13092
12770,13093
12771,13094
12772,13095
12773,13096
12773,13097
12774,13098
12775,13099
12775,13100
12776,13101
12776,13102
12777,13103
12778,13104
12778,13105
12779,13106
12779,13107
12780,13108
12781,13109
12782,13110
12782,13111
12783,13112
12783,13113
12784,13114
12785,13115
12786,13116
12786,13117
12787,13118
12788,13119
12789,13120
12790,13121
12790,13122
12791,13123
12792,13124
12793,13028
12794,13125
12794,13126
12795,13127
12796,13128
12796,13129
12797,13130
12798,13131
12798,13132
12799,13131
12799,13133
12800,13134
12801,13135
12802,13136
12802,13137
12803,13138
12804,13139
12805,13140
12806,13141
12807,13142
12807,13143
12808,13144
12808,13145
12809,13146
12809,13147
12810,13148
12811,13149
12811,13150
12812,13151
12812,13152
12813,13153
12814,13154
12814,13155
12815,13036
12815,13156
12816,13157
12817,13029
12818,13158
12819,13159
12819,13160
12820,13161
12821,13162
12822,13163
12823,13164
12823,13165
12824,13166
12825,13167
12826,13168
12826,13169
12827,13170
12828,13171
12828,13172
12829,13173
12829,13174
12830,13175
12830,13176
12831,13177
12831,13178
12832,13179
12832,13180
12833,13181
12834,13182
12835,13183
12836,13184
12836,13185
12837,13186
12838,13187
12838,13188
12839,13189
12839,13190
12840,13191
12840,13192
12841,13193
12841,13194
12842,13195
12843,13196
12843,13197
12844,13198
12844,13199
12845,13102
12845,13200
12846,13201
12846,13202
12847,13203
12848,13204
12848,13205
12849,13206
12849,13207
12850,13208
12851,13209
12852,13210
12852,13211
12853,13212
12853,13213
12854,13214
12854,13215
12855,13216
12855,13217
12856,13218
12856,13219
12857,13220
12858,13221
12858,13222
12859,13223
12859,13224
12860,13225
12861,13226
12862,13227
12862,13228
12863,13229
12863,13098
12864,13230
12865,13231
12866,13232
12867,13233
12867,13234
12868,13235
12869,13117
12869,13236
12870,13237
12870,13238
12871,13239
12872,13240
12872,13241
12873,13242
12873,13243
12874,13244
12875,13245
12875,13246
12876,13247
12877,13248
12878,13249
12879,13250
12879,13251
12880,13252
12881,13253
12881,13254
12882,13255
12882,13256
12883,13257
12883,13258
12884,13259
12885,13260
12886,13261
12886,13262
12887,13263
12888,13264
12889,13125
12889,13265
12890,13266
12890,13267
12891,13268
12892,13269
12892,13270
12893,13119
12894,13271
12895,13272
12895,13273
12896,13030
12896,13031
12897,13274
12898,13275
12898,13276
12899,13277
12900,13278
12900,13279
12901,13280
12902,13281
12902,13282
12903,13283
12904,13284
12905,13285
12906,13286
12906,13287
12907,13288
12908,13289
12909,13290
12909,13291
12910,13292
12911,13293
12911,13294
12912,13295
12913,13296
12914,13297
12915,13298
12916,13299
12917,13300
12918,13301
12919,13302
12919,13303
12920,13304
12921,13305
12921,13306
12922,13152
12923,13307
12923,13308
12924,13309
12925,13310
12926,13311
12927,13312
12927,13313
12928,13314
12929,13315
12929,13316
12930,13317
12933,13032
12940,13033
12940,13034
12965,13035
12965,13036
13025,13330
13025,13331
13026,13332
13026,13333
13027,13334
13027,13335
13028,13336
13028,13337
13029,13338
13029,13339
13030,13340
13031,13341
13032,13342
13033,13343
13033,13344
13034,13345
13034,13346
13035,13347
13036,13318
13036,13319
13037,13348
13038,13349
13039,13350
13039,13351
13040,13352
13041,13353
13042,13354
13043,13355
13044,13356
13044,13357
13045,13358
13046,13359
13046,13360
13047,13361
13048,13362
13049,13363
13049,13364
13050,13365
13051,13366
13051,13367
13052,13368
13052,13369
13053,13370
13054,13371
13055,13372
13055,13373
13056,13374
13056,13375
13057,13376
13058,13377
13058,13378
13059,13379
13060,13380
13061,13381
13061,13382
13062,13383
13063,13384
13063,13385
13064,13386
13065,13387
13065,13388
13066,13389
13066,13390
13067,13391
13068,13392
13068,13393
13069,13394
13070,13395
13070,13396
13071,13397
13071,13398
13072,13399
13073,13400
13073,13401
13074,13402
13074,13403
13075,13404
13076,13405
13077,13406
13078,13407
13079,13408
13080,13409
13080,13410
13081,13411
13081,13412
13082,13413
13082,13414
13083,13415
13084,13416
13084,13417
13085,13418
13085,13419
13086,13420
13086,13421
13087,13422
13088,13423
13089,13424
13090,13425
13091,13426
13091,13427
13092,13428
13092,13429
13093,13430
13093,13431
13094,13432
13095,13433
13095,13434
13096,13435
13097,13436
13097,13378
13098,13320
13099,13437
13099,13337
13100,13438
13100,13439
13101,13440
13102,13321
13102,13322
13103,13441
13103,13442
13104,13443
13104,13444
13105,13445
13105,13446
13106,13447
13106,13448
13107,13449
13107,13450
13108,13451
13108,13452
13109,13453
13109,13454
13110,13455
13110,13456
13111,13457
13111,13458
13112,13459
13112,13460
13113,13461
13113,13462
13114,13463
13115,13464
13116,13465
13116,13466
13117,13323
13118,13467
13118,13468
13119,13324
13120,13469
13121,13470
13121,13471
13122,13472
13122,13473
13123,13474
13123,13475
13124,13476
13124,13477
13125,13325
13125,13326
13126,13478
13126,13479
13127,13480
13128,13481
13128,13482
13129,13483
13130,13484
13131,13327
13132,13485
13132,13486
13133,13487
13134,13488
13135,13489
13135,13490
13136,13491
13136,13492
13137,13493
13138,13494
13138,13495
13139,13496
13140,13497
13141,13328
13142,13498
13142,13499
13143,13500
13143,13501
13144,13502
13144,13503
13145,13504
13146,13505
13147,13506
13147,13507
13148,13508
13149,13509
13149,13510
13150,13511
13150,13512
13151,13513
13152,13329
13153,13514
13154,13515
13155,13516
13156,13517
13156,13518
13157,13519
13157,13520
13158,13521
13158,13522
13159,13523
13160,13524
13160,13525
13161,13526
13161,13413
13162,13527
13163,13528
13163,13529
13164,13530
13164,13531
13165,13532
13166,13533
13166,13359
13167,13534
13168,13535
13169,13335
13170,13536
13171,13537
13171,13538
13172,13539
13172,13540
13173,13541
13173,13542
13174,13543
13175,13544
13176,13545
13176,13546
13177,13547
13178,13548
13179,13549
13179,13550
13180,13551
13180,13552
13181,13553
13182,13554
13183,13555
13184,13556
13184,13557
13185,13558
13185,13559
13186,13560
13187,13561
13188,13562
13189,13563
13189,13564
13190,13565
13190,13566
13191,13567
13191,13568
13192,13569
13192,13570
13193,13571
13194,13572
13194,13573
13195,13574
13195,13575
13196,13576
13197,13577
13197,13578
13198,13579
13198,13580
13199,13581
13200,13582
13201,13583
13202,13584
13203,13585
13204,13586
13205,13587
13206,13588
13206,13589
13207,13438
13208,13590
13208,13591
13209,13592
13209,13593
13210,13594
13210,13595
13211,13596
13211,13512
13212,13597
13212,13598
13213,13599
13213,13600
13214,13601
13215,13602
13215,13603
13216,13604
13216,13605
13217,13606
13217,13607
13218,13608
13219,13609
13220,13610
13221,13611
13221,13612
13222,13613
13222,13614
13223,13615
13224,13616
13225,13617
13225,13618
13318,13632
13319,13633
13320,13634
13321,13635
13322,13636
13322,13637
13323,13638
13324,13639
13324,13640
13325,13641
13325,13642
13326,13643
13327,13644
13327,13645
13328,13646
13329,13647
13330,13648
13331,13649
13331,13650
13332,13651
13332,13652
13333,13653
13334,13654
13334,13655
13335,13619
13336,13656
13337,13620
13338,13657
13339,13658
13340,13659
13340,13660
13341,13661
13342,13662
13343,13663
13344,13664
13345,13665
13345,13666
13346,13667
13346,13668
13347,13669
13347,13670
13348,13621
13348,13622
13349,13671
13350,13672
13351,13673
13351,13674
13352,13675
13353,13676
13354,13677
13355,13678
13355,13679
13356,13680
13357,13681
13358,13682
13359,13623
13359,13624
13360,13683
13360,13684
13361,13685
13361,13686
13362,13687
13362,13688
13363,13689
13363,13690
13364,13691
13364,13692
13365,13693
13366,13694
13367,13695
13367,13696
13368,13697
13368,13698
13369,13699
13369,13700
13370,13701
13370,13702
13371,13703
13372,13704
13373,13705
13373,13706
13374,13707
13375,13708
13376,13709
13376,13710
13377,13711
13378,13625
13378,13626
13379,13712
13380,13713
13381,13714
13381,13715
13382,13716
13382,13717
13383,13718
13384,13719
13384,13720
13385,13721
13385,13722
13386,13723
13387,13724
13387,13725
13388,13726
13388,13727
13389,13728
13389,13729
13390,13730
13390,13731
13391,13732
13391,13733
13392,13625
13392,13734
13393,13735
13394,13736
13395,13737
13395,13738
13396,13739
13397,13736
13398,13740
13398,13736
13399,13741
13400,13742
13401,13743
13401,13744
13402,13745
13403,13746
13403,13747
13404,13748
13404,13749
13405,13750
13406,13751
13407,13752
13407,13753
13408,13754
13409,13755
13410,13756
13410,13757
13411,13758
13412,13759
13412,13760
13413,13627
13413,13628
13414,13761
13415,13762
13416,13763
13416,13764
13417,13765
13418,13766
13419,13767
13419,13768
13420,13769
13420,13770
13421,13771
13421,13623
13422,13772
13422,13773
13423,13774
13424,13775
13425,13776
13425,13777
13426,13778
13426,13779
13427,13780
13428,13781
13428,13782
13429,13783
13430,13784
13430,13785
13431,13786
13431,13787
13432,13788
13433,13789
13434,13790
13434,13791
13435,13792
13436,13677
13436,13793
13437,13794
13437,13795
13438,13629
13439,13796
13439,13752
13440,13797
13441,13798
13441,13799
13442,13800
13442,13801
13443,13802
13443,13803
13444,13804
13445,13805
13445,13806
13446,13807
13446,13808
13447,13809
13447,13810
13448,13811
13449,13812
13450,13813
13450,13814
13451,13815
13451,13816
13452,13817
13453,13637
13453,13818
13454,13819
13455,13820
13455,13821
13456,13822
13456,13823
13457,13824
13458,13825
13459,13826
13460,13631
13460,13827
13461,13828
13462,13829
13462,13830
13463,13630
13464,13831
13465,13832
13466,13666
13467,13833
13468,13790
13469,13834
13470,13835
13470,13836
13471,13837
13472,13838
13472,13839
13473,13840
13473,13841
13474,13842
13475,13843
13475,13844
13476,13845
13477,13846
13478,13847
13478,13848
13479,13849
13480,13850
13480,13851
13481,13852
13481,13853
13482,13854
13482,13855
13483,13856
13483,13857
13484,13858
13484,13859
13485,13860
13485,13861
13486,13862
13486,13863
13487,13864
13487,13644
13488,13865
13488,13866
13489,13867
13490,13868
13490,13806
13491,13869
13491,13870
13492,13871
13493,13872
13493,13873
13494,13874
13495,13875
13496,13876
13496,13877
13497,13878
13497,13879
13498,13880
13499,13881
13500,13882
13501,13883
13502,13816
13502,13884
13503,13885
13503,13886
13504,13887
13504,13888
13505,13889
13505,13890
13506,13891
13506,13892
13507,13893
13507,13715
13508,13894
13509,13895
13510,13896
13510,13897
13511,13898
13512,13631
13513,13899
13514,13900
13514,13901
13515,13902
13515,13903
13516,13904
13516,13905
13517,13906
13518,13907
13619,13933
13620,13934
13621,13935
13622,13936
13622,13937
13623,13910
13623,13911
13624,13938
13624,13939
13625,13912
13625,13913
13626,13940
13626,13941
13627,13942
13628,13943
13629,13944
13629,13945
13630,13946
13630,13947
13631,13914
13632,13948
13632,13949
13633,13950
13634,13951
13635,13952
13635,13953
13636,13954
13637,13915
13638,13955
13638,13956
13639,13957
13640,13958
13640,13959
13641,13960
13642,13961
13642,13962
13643,13963
13643,13964
13644,13916
13644,13917
13645,13965
13646,13966
13646,13967
13647,13968
13647,13969
13648,13970
13649,13971
13650,13972
13650,13973
13651,13974
13652,13975
13652,13976
13653,13977
13653,13978
13654,13979
13655,13980
13656,13981
13656,13982
13657,13983
13657,13984
13658,13985
13658,13986
13659,13987
13660,13988
13661,13989
13662,13990
13662,13991
13663,13992
13663,13993
13664,13994
13664,13995
13665,13996
13666,13918
13666,13919
13667,13997
13667,13998
13668,13999
13669,14000
13669,14001
13670,14002
13671,14003
13672,13920
13672,13921
13673,14004
13674,14005
13675,14006
13676,14007
13677,13922
13677,13923
13678,14008
13679,14009
13679,14010
13680,14011
13680,14012
13681,14013
13682,14014
13683,14015
13684,14016
13684,14017
13685,14018
13686,14019
13687,14020
13687,14021
13688,14022
13689,14023
13689,14024
13690,14025
13691,14026
13692,14027
13692,14028
13693,14029
13693,14030
13694,14031
13694,14032
13695,14033
13696,14034
13697,14035
13697,14036
13698,14037
13698,14038
13699,14039
13699,14040
13700,14041
13701,14042
13701,14043
13702,14044
13703,14045
13704,14046
13705,14047
13706,14048
13706,14049
13707,14050
13707,14051
13708,14052
13709,14053
13710,14054
13710,14055
13711,14056
13712,14057
13712,14058
13713,14059
13713,14060
13714,14061
13714,14062
13715,13924
13715,13925
13716,14063
13717,14064
13718,14065
13718,14066
13719,14067
13720,14068
13720,14069
13721,14070
13722,14071
13723,14072
13724,14073
13725,14074
13726,14075
13726,14076
13727,14077
13728,14078
13729,14079
13730,14080
13730,14081
13731,14082
13731,14083
13732,14084
13733,14085
13734,14086
13734,14087
13735,14088
13735,14089
13736,13908
13736,13909
13737,14090
13738,14091
13738,14092
13739,14093
13739,14094
13740,14056
13741,14095
13741,14096
13742,14097
13743,14098
13744,14099
13745,14100
13746,14101
13747,14102
13748,14103
13749,14104
13749,14105
13750,14106
13750,14107
13751,14108
13752,13926
13752,13927
13753,14109
13753,14110
13754,14111
13754,14112
13755,14113
13755,14114
13756,14115
13757,14116
13757,14117
13758,14118
13759,14119
13760,14120
13760,14121
13761,14122
13762,14123
13763,14124
13764,14125
13764,14126
13765,14127
13765,14128
13766,14129
13766,14130
13767,14131
13768,14132
13768,14133
13769,14134
13770,14135
13770,14136
13771,14137
13771,14138
13772,14139
13773,14140
13774,14141
13774,14142
13775,14143
13775,13911
13776,14144
13776,14145
13777,14146
13778,14147
13778,14148
13779,14149
13779,14150
13780,14151
13781,14152
13781,14151
13782,14153
13782,14154
13783,14155
13783,14156
13784,14157
13785,14158
13786,14159
13787,13944
13787,14160
13788,14161
13788,14162
13789,14163
13790,13928
13790,13929
13791,14164
13792,14165
13793,14166
13793,14167
13794,14168
13795,14169
13796,14170
13796,14171
13797,14172
13798,14173
13798,14174
13799,14175
13800,14176
13800,14177
13801,14178
13802,14179
13803,14180
13804,14181
13805,14182
13806,13930
13806,13931
13807,14183
13808,14184
13808,14185
13809,14186
13810,14187
13810,14188
13811,14189
13811,14190
13812,14191
13812,14192
13813,14193
13814,14194
13814,14195
13815,14196
13815,14197
13816,13932
13817,14198
13818,14199
13818,14200
13819,14201
13819,14202
13908,14209
13909,14210
13909,14211
13910,14212
13911,14203
13911,14204
13912,14213
13912,14214
13913,14215
13913,14216
13914,14217
13915,14218
13916,14219
13916,14220
13917,14221
13917,14222
13918,14223
13919,14224
13919,14225
13920,14226
13920,14227
13921,14228
13921,14229
13922,14230
13923,14231
13924,14232
13924,14233
13925,14234
13926,14235
13927,14236
13927,14237
13928,14238
13929,14239
13929,14240
13930,14241
13931,14242
13931,14243
13932,14244
13933,14245
13934,14246
13934,14247
13935,14248
13935,14249
13936,14250
13937,14251
13938,14252
13938,14253
13939,14254
13939,14255
13940,14256
13940,14257
13941,14258
13942,14259
13942,14260
13943,14261
13944,14205
13945,14262
13945,14263
13946,14264
13947,14265
13947,14266
13948,14267
13948,14268
13949,14269
13949,14270
13950,14271
13951,14272
13952,14273
13952,14274
13953,14275
13953,14276
13954,14277
13954,14278
13955,14279
13956,14280
13956,14281
13957,14282
13957,14283
13958,14284
13958,14285
13959,14286
13960,14287
13960,14288
13961,14289
13961,14290
13962,14291
13963,14292
13964,14293
13965,14294
13965,14295
13966,14296
13967,14297
13968,14298
13968,14299
13969,14300
13970,14301
13970,14302
13971,14303
13971,14304
13972,14305
13973,14306
13973,14307
13974,14308
13975,14309
13975,14310
13976,14311
13977,14312
13978,14313
13978,14314
13979,14315
13980,14316
13980,14317
13981,14318
13981,14319
13982,14320
13983,14321
13983,14322
13984,14323
13985,14324
13986,14287
13986,14325
13987,14326
13988,14327
13988,14328
13989,14329
13990,14330
13991,14331
13991,14318
13992,14332
13992,14333
13993,14334
13994,14335
13994,14336
13995,14337
13995,14338
13996,14339
13997,14340
13997,14341
13998,14342
13999,14290
14000,14343
14001,14344
14001,14345
14002,14346
14003,14347
14003,14348
14004,14349
14004,14350
14005,14351
14006,14352
14006,14353
14007,14354
14008,14355
14008,14356
14009,14357
14009,14358
14010,14359
14011,14360
14012,14361
14013,14362
14013,14363
14014,14364
14014,14365
14015,14366
14015,14367
14016,14368
14017,14369
14017,14370
14018,14371
14018,14372
14019,14373
14020,14374
14021,14375
14022,14206
14023,14376
14023,14377
14024,14378
14024,14341
14025,14379
14026,14380
14026,14381
14027,14382
14027,14383
14028,14384
14028,14385
14029,14386
14030,14387
14030,14388
14031,14389
14032,14390
14033,14391
14034,14392
14035,14393
14036,14394
14037,14395
14037,14396
14038,14397
14039,14398
14039,14399
14040,14398
14041,14400
14042,14401
14043,14402
14043,14403
14044,14404
14044,14405
14045,14406
14045,14407
14046,14408
14046,14409
14047,14410
14047,14411
14048,14412
14049,14413
14050,14414
14050,14415
14051,14416
14052,14417
14053,14418
14053,14419
14054,14420
14055,14421
14055,14422
14056,14207
14057,14423
14057,14424
14058,14425
14059,14253
14060,14426
14060,14427
14061,14428
14061,14429
14062,14430
14063,14431
14064,14432
14064,14433
14065,14434
14066,14435
14066,14436
14067,14437
14067,14438
14068,14439
14068,14440
14069,14441
14069,14442
14070,14443
14070,14444
14071,14445
14072,14446
14072,14447
14073,14448
14074,14449
14075,14450
14076,14451
14076,14452
14077,14453
14077,14454
14078,14455
14078,14456
14079,14457
14080,14458
14081,14459
14082,14460
14082,14461
14083,14462
14084,14463
14084,14464
14085,14465
14085,14466
14086,14467
14086,14468
14087,14469
14088,14470
14089,14471
14090,14472
14091,14473
14092,14474
14092,14475
14093,14476
14093,14477
14094,14478
14095,14479
14096,14480
14097,14481
14097,14317
14098,14482
14098,14483
14099,14484
14099,14485
14100,14486
14100,14274
14101,14487
14101,14488
14102,14489
14103,14490
14103,14491
14104,14492
14104,14493
14105,14494
14105,14495
14106,14496
14106,14497
14107,14366
14107,14498
14151,14208
14203,14519
14203,14520
14204,14521
14204,14522
14205,14523
14206,14524
14207,14525
14208,14526
14209,14527
14209,14528
14210,14529
14211,14530
14211,14531
14212,14532
14212,14533
14213,14534
14213,14535
14214,14536
14215,14537
14216,14538
14217,14539
14217,14540
14218,14541
14218,14542
14219,14543
14219,14544
14220,14545
14220,14546
14221,14547
14222,14548
14223,14549
14223,14550
14224,14551
14224,14552
14225,14553
14225,14554
14226,14555
14226,14556
14227,14557
14227,14558
14228,14559
14229,14560
14230,14561
14230,14562
14231,14563
14232,14564
14233,14565
14234,14566
14235,14567
14236,14568
14236,14569
14237,14570
14237,14571
14238,14572
14238,14573
14239,14574
14239,14575
14240,14576
14241,14577
14242,14578
14243,14579
14244,14580
14244,14581
14245,14582
14246,14583
14247,14584
14247,14585
14248,14586
14248,14587
14249,14588
14249,14589
14250,14590
14250,14591
14251,14592
14252,14593
14252,14594
14253,14499
14253,14500
14254,14595
14254,14596
14255,14597
14256,14598
14256,14599
14257,14600
14257,14601
14258,14602
14259,14603
14260,14604
14260,14605
14261,14606
14262,14607
14263,14608
14264,14609
14264,14610
14265,14611
14265,14612
14266,14613
14266,14614
14267,14615
14267,14616
14268,14617
14269,14618
14269,14619
14270,14620
14271,14621
14272,14622
14272,14623
14273,14624
14274,14501
14274,14502
14275,14535
14275,14625
14276,14626
14276,14627
14277,14628
14278,14629
14279,14630
14280,14631
14281,14632
14281,14633
14282,14634
14283,14635
14284,14636
14285,14637
14286,14638
14287,14503
14287,14504
14288,14639
14288,14640
14289,14641
14290,14505
14290,14506
14291,14642
14292,14643
14293,14644
14293,14637
14294,14645
14294,14646
14295,14647
14296,14648
14297,14649
14298,14650
14298,14651
14299,14652
14299,14653
14300,14654
14300,14655
14301,14656
14302,14657
14302,14658
14303,14659
14304,14660
14305,14661
14306,14662
14307,14663
14308,14664
14309,14665
14310,14666
14311,14504
14311,14667
14312,14507
14312,14508
14313,14668
14314,14669
14314,14670
14315,14671
14315,14672
14316,14673
14316,14674
14317,14509
14317,14510
14318,14511
14318,14512
14319,14675
14320,14676
14320,14677
14321,14678
14321,14679
14322,14641
14323,14680
14323,14681
14324,14682
14325,14683
14326,14684
14326,14685
14327,14686
14327,14687
14328,14688
14329,14689
14329,14690
14330,14691
14330,14692
14331,14693
14332,14694
14332,14695
14333,14696
14333,14697
14334,14698
14335,14699
14335,14700
14336,14701
14337,14702
14337,14703
14338,14704
14339,14705
14340,14706
14340,14707
14341,14513
14341,14514
14342,14708
14342,14649
14343,14709
14344,14710
14344,14711
14345,14712
14345,14713
14346,14714
14346,14715
14347,14610
14347,14716
14348,14717
14348,14718
14349,14719
14349,14720
14350,14721
14350,14722
14351,14723
14351,14724
14352,14725
14353,14726
14353,14727
14354,14728
14354,14729
14355,14730
14355,14731
14356,14681
14357,14732
14358,14733
14359,14734
14359,14735
14360,14736
14361,14737
14361,14738
14362,14739
14362,14740
14363,14741
14363,14742
14364,14743
14364,14744
14365,14745
14365,14746
14366,14515
14366,14516
14367,14747
14367,14748
14368,14691
14368,14749
14369,14750
14369,14751
14370,14752
14370,14753
14371,14728
14372,14754
14372,14755
14373,14756
14373,14568
14374,14757
14374,14758
14375,14759
14376,14760
14377,14761
14378,14762
14379,14763
14380,14764
14380,14765
14381,14766
14381,14767
14382,14768
14382,14769
14383,14770
14383,14771
14384,14772
14384,14631
14385,14773
14386,14774
14387,14775
14387,14776
14388,14777
14388,14778
14389,14779
14389,14780
14390,14781
14390,14782
14391,14783
14392,14784
14392,14785
14393,14786
14393,14787
14394,14788
14394,14789
14395,14790
14395,14791
14396,14792
14396,14793
14397,14794
14397,14795
14398,14517
14398,14518
14399,14796
14400,14797
14401,14798
14402,14799
14403,14800
14403,14801
14499,14818
14500,14819
14501,14820
14501,14821
14502,14822
14503,14823
14504,14803
14504,14804
14505,14824
14505,14825
14506,14826
14507,14827
14508,14828
14509,14829
14509,14830
14510,14831
14511,14832
14512,14833
14513,14834
14514,14835
14514,14836
14515,14837
14515,14838
14516,14839
14516,14840
14517,14841
14518,14842
14519,14843
14519,14844
14520,14845
14521,14846
14522,14847
14523,14848
14523,14849
14524,14850
14524,14851
14525,14852
14525,14853
14526,14854
14527,14855
14528,14856
14528,14857
14529,14858
14530,14859
14530,14860
14531,14861
14532,14862
14532,14863
14533,14864
14533,14865
14534,14866
14534,14867
14535,14805
14535,14806
14536,14868
14537,14869
14538,14870
14538,14871
14539,14872
14540,14873
14541,14874
14541,14875
14542,14876
14542,14877
14543,14878
14543,14879
14544,14880
14544,14881
14545,14882
14546,14883
14547,14884
14548,14885
14549,14886
14550,14887
14550,14888
14551,14889
14552,14890
14553,14891
14553,14892
14554,14893
14554,14894
14555,14895
14556,14896
14556,14897
14557,14898
14557,14899
14558,14900
14558,14901
14559,14902
14559,14903
14560,14904
14561,14905
14562,14906
14563,14907
14564,14908
14564,14909
14565,14910
14566,14911
14566,14912
14567,14913
14567,14914
14568,14807
14568,14808
14569,14915
14569,14916
14570,14917
14571,14918
14571,14919
14572,14920
14572,14921
14573,14922
14573,14923
14574,14924
14575,14925
14575,14926
14576,14927
14577,14928
14578,14929
14578,14930
14579,14931
14580,14932
14581,14933
14582,14934
14582,14935
14583,14936
14584,14937
14585,14938
14585,14939
14586,14940
14587,14941
14588,14942
14588,14943
14589,14944
14589,14945
14590,14946
14590,14947
14591,14948
14591,14949
14592,14950
14592,14951
14593,14952
14593,14953
14594,14824
14594,14954
14595,14955
14595,14956
14596,14957
14596,14958
14597,14959
14597,14960
14598,14961
14598,14962
14599,14963
14599,14964
14600,14965
14600,14966
14601,14967
14601,14968
14602,14969
14602,14970
14603,14971
14604,14972
14604,14973
14605,14974
14606,14975
14607,14976
14608,14977
14609,14978
14610,14809
14611,14979
14611,14980
14612,14981
14612,14982
14613,14983
14613,14984
14614,14985
14615,14986
14615,14987
14616,14988
14617,14989
14617,14990
14618,14991
14619,14992
14620,14993
14621,14994
14621,14995
14622,14996
14623,14997
14624,14998
14625,14999
14625,15000
14626,15001
14626,15002
14627,15003
14628,15004
14629,15005
14629,15006
14630,15007
14630,15008
14631,14810
14632,15009
14632,15010
14633,15011
14634,15012
14634,15013
14635,15014
14636,15015
14636,15016
14637,14811
14638,15017
14638,15018
14639,15019
14640,15020
14640,15021
14641,14802
14642,15022
14642,15023
14643,15024
14644,15025
14644,15026
14645,15027
14645,15028
14646,15029
14647,15030
14647,15031
14648,15032
14648,15033
14649,14812
14650,14809
14650,15034
14651,15035
14652,15036
14653,15037
14654,15038
14654,15039
14655,15040
14655,15041
14656,15042
14657,14823
14658,15043
14659,15044
14660,15045
14661,15046
14662,15047
14662,15048
14663,15049
14663,15050
14664,14847
14665,15051
14665,15052
14666,15053
14666,15054
14667,15055
14667,15056
14668,15057
14668,15058
14669,15059
14669,15060
14670,15061
14671,15062
14672,15063
14672,15064
14673,15065
14673,15066
14674,15067
14674,15068
14675,15069
14676,15070
14676,15071
14677,14925
14677,15072
14678,15073
14678,15074
14679,15075
14680,15076
14680,15077
14681,14813
14682,15078
14683,15079
14683,14931
14684,15080
14685,15081
14686,15082
14687,15083
14688,15084
14688,15085
14689,15086
14690,15087
14690,15088
14691,14814
14692,15089
14692,15090
14693,15091
14694,15092
14695,15093
14696,15094
14696,15095
14697,15096
14697,15097
14701,14815
14728,14816
14728,14817
14802,15107
14803,15108
14804,15109
14805,15110
14805,15111
14806,15112
14807,15113
14808,15114
14808,15115
14809,15098
14810,15116
14811,15117
14811,15118
14812,15119
14812,15120
14813,15121
14813,15122
14814,15123
14814,15124
14815,15125
14816,15126
14816,15127
14817,15128
14818,15129
14819,15130
14820,15131
14821,15132
14821,15133
14822,15134
14822,15135
14823,15099
14824,15100
14824,15101
14825,15136
14826,15137
14827,15138
14827,15139
14828,15140
14828,15141
14829,15142
14830,15143
14830,15144
14831,15145
14832,15146
14833,15147
14834,15148
14834,15149
14835,15150
14835,15151
14836,15152
14836,15153
14837,15154
14838,15155
14838,15156
14839,15157
14839,15158
14840,15159
14841,15160
14842,15161
14843,15162
14843,15163
14844,15164
14844,15165
14845,15166
14845,15167
14846,15168
14846,15169
14847,15102
14847,15103
14848,15170
14849,15171
14849,15172
14850,15173
14851,15174
14851,15175
14852,15176
14853,15177
14854,15178
14855,15179
14856,15180
14856,15181
14857,15182
14858,15183
14858,15184
14859,15185
14859,15186
14860,15187
14861,15188
14862,15189
14863,15190
14864,15191
14864,15192
14865,15193
14865,15194
14866,15195
14867,15196
14867,15197
14868,15198
14869,15199
14870,15200
14871,15201
14872,15202
14873,15203
14874,15204
14874,15205
14875,15206
14876,15207
14877,15208
14877,15209
14878,15210
14879,15211
14880,15212
14880,15213
14881,15214
14882,15215
14883,15216
14884,15217
14884,15218
14885,15219
14885,15220
14886,15221
14886,15222
14887,15223
14888,15224
14889,15225
14890,15226
14891,15227
14892,15228
14893,15229
14893,15230
14894,15231
14895,15232
14896,15233
14897,15234
14897,15235
14898,15236
14898,15237
14899,15238
14900,15239
14901,15240
14902,15241
14902,15242
14903,15243
14904,15244
14904,15245
14905,15246
14905,15247
14906,15248
14906,15249
14907,15250
14908,15251
14908,15252
14909,15188
14909,15253
14910,15254
14911,15255
14911,15256
14912,15257
14913,15258
14913,15259
14914,15213
14914,15260
14915,15261
14916,15262
14917,15263
14917,15264
14918,15265
14918,15266
14919,15267
14920,15268
14921,15269
14922,15270
14922,15271
14923,15272
14924,15273
14924,15274
14925,15104
14926,15275
14927,15276
14927,15277
14928,15278
14929,15279
14929,15280
14930,15281
14931,15105
14931,15106
14932,15282
14932,15283
14933,15284
14933,15285
14934,15286
14935,15287
14935,15288
14936,15289
14936,15290
14937,15291
14938,15292
14939,15293
14940,15294
14941,15295
14942,15296
14942,15297
14943,15298
14943,15299
14944,15300
14945,15301
14945,15302
14946,15303
14946,15304
14947,15105
14947,15305
14948,15306
14949,15307
14949,15308
14950,15309
14950,15310
14951,15311
14952,15312
14953,15313
14954,15314
14954,15315
14955,15316
14955,15317
14956,15318
14957,15319
14958,15138
14959,15320
14960,15321
14960,15322
14961,15323
14962,15322
14963,15324
14964,15325
14965,15326
14965,15327
14966,15328
14966,15329
14967,15314
14967,15330
14968,15331
14969,15332
14969,15333
14970,15334
14970,15335
14971,15336
14971,15337
14972,15338
14972,15339
14973,15340
14974,15341
14975,15342
14976,15343
14977,15344
14978,15345
14978,15346
14979,15347
14980,15348
14981,15349
14982,15350
14983,15351
14984,15352
14984,15353
14985,15337
14985,15354
14986,15355
14987,15356
14988,15357
14989,15358
14989,15359
14990,15360
14991,15361
14992,15362
14992,15363
14993,15364
14993,15365
14994,15366
14995,15367
14995,15368
14996,15369
14997,15370
14998,15371
14999,15372
14999,15373
15000,15374
15001,15375
15001,15376
15002,15377
15098,15389
15099,15390
15099,15391
15100,15392
15100,15393
15101,15394
15101,15395
15102,15396
15102,15397
15103,15398
15103,15399
15104,15400
15104,15401
15105,15378
15106,15402
15106,15403
15107,15404
15108,15405
15109,15406
15109,15407
15110,15408
15111,15409
15112,15410
15113,15411
15114,15412
15115,15413
15115,15414
15116,15415
15116,15416
15117,15417
15117,15418
15118,15419
15118,15420
15119,15421
15119,15422
15120,15423
15120,15424
15121,15425
15121,15426
15122,15427
15123,15428
15123,15429
15124,15430
15125,15431
15125,15432
15126,15433
15127,15434
15128,15435
15129,15436
15130,15437
15130,15438
15131,15439
15131,15440
15132,15441
15132,15442
15133,15443
15134,15444
15134,15445
15135,15446
15136,15447
15137,15448
15138,15379
15138,15380
15139,15449
15140,15450
15141,15451
15141,15452
15142,15453
15142,15454
15143,15455
15144,15456
15144,15457
15145,15458
15145,15459
15146,15460
15147,15461
15147,15462
15148,15463
15148,15464
15149,15465
15150,15466
15151,15467
15151,15468
15152,15469
15153,15470
15153,15471
15154,15472
15155,15473
15155,15474
15156,15475
15156,15476
15157,15477
15157,15478
15158,15479
15159,15480
15159,15481
15160,15482
15161,15483
15161,15484
15162,15485
15162,15486
15163,15487
15164,15488
15165,15489
15165,15490
15166,15491
15166,15492
15167,15493
15168,15494
15169,15495
15170,15496
15171,15497
15172,15498
15173,15499
15174,15500
15174,15501
15175,15502
15175,15503
15176,15504
15176,15505
15177,15506
15178,15507
15179,15508
15180,15509
15181,15510
15182,15511
15182,15512
15183,15513
15184,15514
15185,15515
15186,15516
15187,15517
15187,15518
15188,15381
15189,15519
15190,15520
15190,15521
15191,15522
15191,15523
15192,15524
15192,15525
15193,15457
15194,15526
15194,15527
15195,15528
15196,15529
15197,15530
15198,15531
15198,15532
15199,15533
15200,15534
15201,15535
15202,15536
15203,15537
15204,15538
15205,15497
15205,15539
15206,15540
15206,15541
15207,15542
15208,15543
15209,15544
15210,15545
15211,15546
15212,15547
15213,15382
15213,15383
15214,15548
15215,15549
15215,15550
15216,15551
15217,15552
15217,15553
15218,15554
15219,15555
15219,15556
15220,15557
15221,15558
15221,15466
15222,15559
15222,15560
15223,15561
15224,15562
15224,15563
15225,15564
15226,15565
15227,15566
15228,15567
15228,15568
15229,15569
15230,15570
15231,15571
15231,15572
15232,15573
15233,15574
15233,15575
15234,15576
15234,15577
15235,15578
15236,15579
15237,15580
15237,15581
15238,15582
15238,15583
15239,15584
15240,15585
15240,15586
15241,15587
15242,15588
15243,15589
15243,15590
15244,15591
15245,15592
15245,15593
15246,15594
15247,15595
15248,15596
15249,15597
15250,15598
15251,15599
15252,15600
15252,15601
15253,15602
15254,15603
15255,15604
15255,15605
15256,15606
15256,15607
15257,15608
15258,15609
15258,15610
15259,15611
15259,15612
15260,15613
15261,15614
15262,15615
15263,15616
15263,15617
15264,15618
15264,15619
15265,15620
15265,15621
15266,15622
15267,15623
15268,15624
15269,15625
15269,15626
15270,15627
15270,15628
15271,15629
15271,15630
15272,15631
15272,15632
15273,15633
15274,15634
15274,15635
15275,15636
15276,15637
15276,15638
15277,15639
15278,15640
15279,15641
15280,15642
15281,15643
15281,15644
15282,15645
15283,15646
15284,15647
15285,15648
15286,15649
15286,15650
15287,15651
15287,15652
15288,15653
15289,15654
15289,15655
15290,15656
15290,15657
15291,15658
15292,15659
15292,15660
15293,15661
15293,15662
15294,15663
15295,15664
15314,15384
15314,15385
15322,15386
15337,15387
15337,15388
15378,15670
15378,15671
15379,15672
15379,15673
15380,15674
15380,15675
15381,15676
15381,15677
15382,15678
15382,15679
15383,15680
15384,15681
15384,15682
15385,15683
15386,15684
15387,15685
15387,15686
15388,15687
15389,15688
15390,15689
15390,15690
15391,15691
15392,15692
15393,15693
15393,15694
15394,15695
15395,15696
15395,15697
15396,15698
15396,15699
15397,15700
15397,15701
15398,15702
15398,15703
15399,15704
15400,15705
15401,15706
15402,15707
15402,15708
15403,15709
15404,15710
15405,15711
15406,15712
15407,15713
15407,15714
15408,15715
15408,15716
15409,15717
15409,15718
15410,15719
15410,15720
15411,15721
15412,15722
15412,15723
15413,15724
15414,15725
15414,15726
15415,15727
15415,15728
15416,15729
15417,15730
15418,15731
15419,15732
15420,15733
15420,15734
15421,15735
15422,15736
15423,15737
15424,15738
15424,15739
15425,15740
15425,15741
15426,15742
15427,15743
15427,15744
15428,15670
15429,15745
15430,15746
15430,15747
15431,15680
15432,15748
15433,15749
15434,15750
15435,15751
15436,15752
15436,15753
15437,15754
15438,15755
15438,15756
15439,15757
15439,15758
15440,15759
15440,15760
15441,15761
15441,15762
15442,15763
15442,15764
15443,15765
15444,15766
15444,15767
15445,15768
15445,15769
15446,15770
15446,15771
15447,15772
15448,15773
15448,15774
15449,15775
15449,15776
15450,15777
15450,15778
15451,15779
15452,15780
15453,15781
15454,15782
15454,15783
15455,15784
15456,15785
15457,15665
15457,15666
15458,15786
15458,15787
15459,15788
15459,15789
15460,15790
15461,15791
15461,15792
15462,15793
15462,15794
15463,15795
15464,15796
15464,15797
15465,15798
15465,15799
15466,15667
15467,15800
15467,15801
15468,15802
15468,15803
15469,15804
15470,15805
15470,15806
15471,15807
15471,15808
15472,15809
15473,15810
15473,15811
15474,15812
15474,15811
15475,15813
15475,15814
15476,15815
15477,15816
15477,15817
15478,15818
15478,15819
15479,15820
15480,15821
15481,15822
15481,15823
15482,15824
15483,15825
15484,15826
15484,15827
15485,15828
15486,15829
15486,15830
15487,15831
15487,15666
15488,15832
15489,15833
15490,15834
15490,15835
15491,15836
15492,15837
15492,15838
15493,15839
15494,15840
15495,15841
15495,15842
15496,15843
15496,15844
15497,15668
15497,15669
15498,15845
15499,15846
15499,15847
15500,15848
15500,15849
15501,15850
15502,15851
15502,15852
15503,15853
15504,15854
15505,15855
15505,15856
15506,15857
15507,15858
15507,15859
15508,15860
15508,15861
15509,15862
15510,15863
15511,15864
15512,15865
15512,15866
15513,15867
15513,15868
15514,15869
15515,15870
15515,15871
15516,15872
15516,15873
15517,15874
15517,15875
15518,15876
15518,15877
15519,15878
15520,15879
15521,15880
15522,15881
15523,15882
15523,15883
15524,15884
15525,15885
15526,15886
15527,15887
15528,15888
15529,15889
15530,15890
15530,15891
15531,15892
15532,15893
15532,15894
15533,15895
15534,15896
15535,15897
15535,15898
15536,15899
15537,15900
15537,15901
15538,15902
15539,15903
15540,15904
15540,15905
15541,15906
15542,15907
15542,15908
15543,15909
15543,15910
15544,15763
15544,15911
15545,15912
15546,15913
15546,15914
15547,15915
15547,15916
15548,15917
15548,15918
15549,15919
15550,15920
15550,15921
15551,15922
15551,15923
15552,15924
15553,15925
15554,15926
15554,15927
15555,15928
15556,15929
15556,15930
15557,15931
15557,15932
15558,15933
15559,15934
15559,15935
15560,15936
15561,15937
15561,15938
15562,15939
15563,15940
15563,15941
15564,15942
15565,15943
15566,15944
15567,15945
15567,15946
15568,15947
15568,15948
15569,15949
15569,15950
15570,15951
15570,15952
15571,15953
15572,15688
15573,15954
15574,15955
15574,15956
15575,15957
15575,15958
15576,15959
15577,15960
15577,15961
15578,15962
15578,15963
15665,15975
15666,15964
15667,15976
15668,15977
15668,15978
15669,15979
15670,15965
15670,15966
15671,15980
15671,15981
15672,15982
15672,15983
15673,15984
15673,15985
15674,15986
15675,15987
15675,15988
15676,15989
15677,15990
15677,15991
15678,15992
15679,15993
15680,15967
15681,15994
15681,15995
15682,15996
15683,15997
15683,15998
15684,15999
15685,16000
15685,16001
15686,16002
15686,16003
15687,16004
15688,15968
15688,15969
15689,16005
15690,16006
15690,16007
15691,16008
15691,16009
15692,16010
15693,16011
15693,16012
15694,16013
15694,16014
15695,16015
15695,16016
15696,16017
15697,16018
15697,16019
15698,16020
15698,16021
15699,16022
15700,16023
15700,16024
15701,16025
15701,16026
15702,16027
15702,16028
15703,16029
15703,16030
15704,16031
15704,16032
15705,16033
15705,16034
15706,16035
15707,16036
15708,16037
15709,16038
15710,16039
15710,16040
15711,16041
15712,16042
15712,16043
15713,16044
15714,16045
15715,16046
15715,16047
15716,16048
15717,16049
15718,16050
15719,16051
15720,16052
15720,16053
15721,16054
15721,16055
15722,16056
15723,16057
15724,16058
15725,16059
15725,16060
15726,16061
15727,16062
15727,16063
15728,16064
15729,16065
15729,16066
15730,16067
15730,16068
15731,16069
15732,16070
15732,16071
15733,16072
15734,16073
15734,16074
15735,16075
15736,16076
15737,16077
15737,16078
15738,16079
15739,16080
15740,16081
15741,16082
15742,16083
15743,16084
15743,16085
15744,16086
15745,16087
15745,16088
15746,16089
15746,16090
15747,16091
15747,16092
15748,16093
15748,16094
15749,16095
15749,16096
15750,16097
15750,16098
15751,16099
15751,16100
15752,16101
15753,16102
15754,16103
15755,16104
15755,16105
15756,16106
15757,16107
15757,16108
15758,16109
15759,16110
15759,16111
15760,16112
15760,16113
15761,16114
15762,16115
15763,15970
15763,15971
15764,16116
15764,16117
15765,16118
15765,16119
15766,16120
15767,16121
15767,16122
15768,16123
15768,16124
15769,16125
15769,16126
15770,16127
15770,16128
15771,16129
15772,16130
15772,16131
15773,16132
15774,16133
15774,16134
15775,16135
15776,16136
15776,16137
15777,16138
15778,16138
15779,16139
15780,16140
15781,16141
15781,16142
15782,16143
15783,16144
15784,16145
15784,16146
15785,16147
15785,16148
15786,16149
15787,16150
15787,16151
15788,16152
15789,16153
15790,16154
15791,16155
15791,16156
15792,16157
15793,16158
15794,16159
15795,16160
15795,16161
15796,16162
15797,16163
15798,16164
15799,16165
15800,16166
15801,16167
15802,16168
15802,16169
15803,16170
15804,16171
15804,16172
15805,16173
15806,16174
15807,16175
15807,16176
15808,16177
15809,16178
15810,16179
15811,15972
15812,16180
15813,16181
15813,16182
15814,16183
15815,15973
15815,15974
15816,16184
15816,16185
15817,16186
15818,16187
15818,16188
15819,16189
15819,16190
15820,16191
15820,16192
15821,16193
15822,16194
15822,16195
15823,16196
15823,16197
15824,16198
15825,16199
15826,16200
15826,16201
15827,16202
15827,16203
15828,16204
15829,16205
15830,16206
15830,16207
15831,16208
15831,16018
15832,16209
15833,16210
15833,16211
15834,16212
15835,16213
15836,16214
15837,16215
15838,16216
15839,16217
15840,16218
15841,16219
15842,16220
15843,16221
15843,16222
15844,16223
15844,16224
15845,16225
15845,16226
15846,16227
15847,16228
15848,16229
15849,16230
15849,16231
15850,16232
15850,16233
15851,16234
15851,16235
15852,16236
15852,16237
15853,16238
15854,16239
15855,16240
15856,16241
15856,16242
15857,16243
15857,16244
15858,16245
15858,16246
15859,16247
15859,16248
15860,16249
15861,16250
15861,16251
15862,16252
15863,16253
15864,16254
15864,16255
15865,16256
15964,16264
15964,16265
15965,16266
15965,16267
15966,16268
15967,16269
15968,16270
15968,16271
15969,16272
15969,16273
15970,16274
15971,16275
15971,16276
15972,16277
15972,16278
15973,16279
15974,16280
15975,16281
15976,16282
15976,16283
15977,16284
15978,16285
15979,16286
15980,16287
15980,16288
15981,16289
15981,16290
15982,16291
15983,16292
15984,16293
15984,16294
15985,16295
15985,16296
15986,16297
15987,16298
15987,16299
15988,16300
15989,16301
15990,16302
15991,16303
15991,16304
15992,16305
15992,16306
15993,16307
15994,16308
15995,16309
15996,16310
15997,16311
15998,16312
15998,16313
15999,16314
16000,16315
16000,16316
16001,16317
16002,16318
16003,16319
16004,16320
16005,16321
16006,16322
16007,16323
16007,16324
16008,16325
16008,16326
16009,16327
16009,16328
16010,16329
16010,16330
16011,16331
16012,16332
16013,16333
16014,16334
16014,16335
16015,16336
16015,16337
16016,16338
16017,16339
16018,16257
16018,16258
16019,16340
16020,16341
16020,16342
16021,16343
16021,16344
16022,16345
16023,16346
16024,16347
16024,16348
16025,16349
16026,16350
16026,16351
16027,16352
16028,16353
16029,16354
16030,16355
16030,16356
16031,16357
16032,16358
16032,16359
16033,16360
16034,16361
16035,16362
16035,16363
16036,16364
16037,16365
16038,16366
16038,16367
16039,16368
16040,16369
16040,16370
16041,16371
16041,16372
16042,16373
16043,16374
16044,16375
16045,16376
16046,16377
16046,16378
16047,16379
16047,16380
16048,16381
16049,16382
16049,16383
16050,16384
16050,16385
16051,16386
16052,16387
16052,16388
16053,16389
16054,16390
16055,16391
16055,16392
16056,16393
16057,16394
16057,16395
16058,16396
16058,16397
16059,16398
16060,16399
16060,16400
16061,16401
16062,16402
16062,16403
16063,16404
16064,16405
16065,16406
16065,16407
16066,16408
16067,16409
16067,16410
16068,16411
16069,16412
16070,16413
16071,16414
16072,16415
16072,16416
16073,16417
16074,16418
16075,16419
16075,16262
16076,16420
16076,16421
16077,16422
16077,16423
16078,16424
16078,16425
16079,16426
16079,16427
16080,16428
16080,16429
16081,16430
16082,16431
16083,16432
16084,16433
16085,16434
16086,16435
16086,16436
16087,16437
16087,16438
16088,16439
16088,16440
16089,16441
16090,16442
16091,16443
16091,16444
16092,16445
16093,16446
16093,16447
16094,16448
16094,16449
16095,16450
16096,16451
16097,16452
16097,16453
16098,16454
16099,16455
16100,16456
16101,16457
16102,16458
16102,16459
16103,16460
16103,16461
16104,16462
16104,16463
16105,16464
16105,16465
16106,16466
16106,16467
16107,16468
16107,16469
16108,16470
16109,16471
16110,16472
16110,16473
16111,16474
16112,16475
16113,16476
16113,16477
16114,16478
16114,16479
16115,16480
16116,16266
16117,16481
16118,16482
16118,16483
16119,16484
16120,16259
16120,16260
16121,16485
16122,16486
16122,16487
16123,16488
16124,16489
16124,16490
16125,16491
16125,16492
16126,16493
16126,16494
16127,16495
16128,16496
16129,16497
16129,16498
16130,16499
16130,16500
16131,16501
16131,16502
16132,16503
16133,16504
16134,16505
16135,16506
16135,16507
16136,16508
16137,16509
16137,16510
16138,16261
16138,16262
16139,16511
16139,16512
16140,16513
16140,16514
16141,16515
16142,16516
16142,16517
16143,16518
16143,16519
16144,16520
16145,16521
16146,16522
16146,16523
16147,16524
16148,16525
16148,16526
16149,16527
16150,16528
16151,16529
16151,16530
16152,16531
16152,16532
16153,16533
16154,16534
16154,16535
16155,16536
16155,16537
16156,16538
16156,16539
16157,16263
16158,16540
16158,16541
16159,16542
16160,16543
16161,16544
16162,16545
16163,16546
16164,16547
16257,16553
16257,16554
16258,16555
16258,16556
16259,16557
16259,16558
16260,16559
16261,16560
16262,16548
16263,16561
16264,16562
16264,16563
16265,16564
16265,16565
16266,16549
16266,16550
16267,16566
16268,16567
16269,16568
16269,16569
16270,16570
16271,16571
16272,16572
16272,16573
16273,16574
16273,16575
16274,16576
16274,16577
16275,16578
16275,16579
16276,16580
16276,16581
16277,16582
16278,16583
16279,16584
16279,16585
16280,16551
16280,16552
16281,16586
16281,16587
16282,16588
16283,16589
16283,16590
16284,16591
16284,16592
16285,16593
16286,16594
16287,16595
16287,16596
16288,16597
16289,16598
16290,16599
16291,16600
16292,16601
16292,16602
16293,16603
16294,16604
16295,16605
16295,16606
16296,16607
16297,16608
16297,16609
16298,16610
16299,16611
16299,16612
16300,16613
16301,16614
16302,16615
16302,16616
16303,16617
16304,16618
16305,16619
16305,16620
16306,16621
16307,16622
16307,16623
16308,16624
16308,16625
16309,16626
16310,16627
16310,16628
16311,16629
16311,16630
16312,16631
16312,16632
16313,16633
16313,16634
16314,16635
16315,16636
16315,16637
16316,16638
16316,16639
16317,16640
16318,16641
16318,16642
16319,16643
16320,16644
16321,16645
16322,16646
16322,16647
16323,16648
16323,16649
16324,16650
16325,16651
16326,16652
16327,16653
16328,16654
16328,16655
16329,16656
16329,16657
16330,16658
16331,16659
16331,16660
16332,16661
16332,16662
16333,16663
16333,16664
16334,16665
16335,16666
16336,16667
16337,16668
16337,16669
16338,16670
16339,16671
16340,16657
16341,16672
16342,16673
16343,16674
16344,16675
16344,16676
16345,16677
16346,16678
16346,16679
16347,16680
16348,16681
16349,16682
16349,16683
16350,16684
16350,16685
16351,16686
16351,16687
16352,16688
16352,16689
16353,16690
16353,16691
16354,16692
16354,16693
16355,16694
16355,16695
16356,16696
16356,16697
16357,16698
16358,16699
16358,16700
16359,16701
16359,16702
16360,16703
16360,16704
16361,16705
16361,16706
16362,16707
16362,16708
16363,16709
16364,16710
16364,16711
16365,16712
16366,16713
16367,16714
16367,16715
16368,16716
16369,16717
16369,16718
16370,16719
16371,16720
16372,16721
16373,16722
16373,16723
16374,16724
16374,16725
16375,16726
16375,16727
16376,16728
16376,16729
16377,16730
16377,16731
16378,16732
16379,16733
16380,16734
16381,16735
16382,16736
16383,16737
16384,16738
16384,16739
16385,16740
16386,16741
16387,16742
16388,16743
16389,16744
16389,16745
16390,16746
16391,16747
16392,16748
16393,16749
16393,16750
16394,16751
16394,16752
16395,16753
16395,16754
16396,16755
16397,16756
16397,16757
16398,16758
16399,16759
16399,16760
16400,16761
16400,16762
16401,16763
16402,16764
16402,16765
16403,16766
16403,16767
16404,16768
16405,16769
16405,16770
16406,16771
16407,16772
16407,16773
16408,16774
16409,16775
16409,16776
16410,16777
16411,16778
16412,16779
16413,16780
16413,16781
16414,16782
16414,16783
16415,16784
16415,16785
16416,16786
16417,16787
16418,16788
16419,16789
16419,16790
16420,16791
16420,16792
16421,16793
16421,16794
16422,16795
16422,16796
16423,16797
16423,16798
16424,16799
16425,16800
16426,16801
16427,16802
16428,16803
16429,16804
16430,16805
16430,16806
16431,16807
16432,16808
16433,16809
16434,16810
16434,16811
16435,16812
16435,16813
16436,16814
16436,16815
16437,16816
16438,16817
16438,16818
16439,16819
16439,16820
16440,16821
16441,16822
16441,16823
16442,16824
16442,16825
16443,16826
16444,16827
16444,16828
16445,16829
16446,16830
16446,16831
16447,16832
16448,16833
16449,16834
16449,16835
16450,16836
16451,16837
16451,16838
16452,16839
16452,16840
16453,16841
16453,16842
16454,16843
16455,16844
16456,16845
16456,16846
16457,16847
16548,16849
16548,16850
16549,16851
16550,16852
16550,16853
16551,16854
16552,16855
16552,16856
16553,16857
16553,16858
16554,16859
16554,16860
16555,16861
16555,16862
16556,16863
16557,16864
16557,16865
16558,16866
16559,16867
16560,16868
16561,16869
16562,16870
16563,16871
16563,16872
16564,16873
16565,16874
16566,16875
16567,16876
16567,16877
16568,16878
16568,16879
16569,16880
16570,16881
16570,16882
16571,16883
16571,16884
16572,16885
16572,16886
16573,16887
16574,16888
16574,16889
16575,16890
16575,16891
16576,16892
16577,16893
16578,16894
16578,16895
16579,16896
16579,16897
16580,16898
16580,16899
16581,16900
16581,16901
16582,16902
16583,16903
16583,16904
16584,16905
16584,16906
16585,16907
16586,16908
16587,16909
16588,16910
16589,16911
16589,16912
16590,16913
16591,16914
16592,16915
16592,16916
16593,16917
16593,16918
16594,16919
16595,16920
16596,16921
16597,16922
16597,16923
16598,16924
16599,16925
16599,16926
16600,16927
16600,16928
16601,16929
16602,16930
16602,16931
16603,16932
16603,16933
16604,16934
16604,16935
16605,16936
16605,16937
16606,16938
16607,16939
16608,16940
16608,16941
16609,16942
16610,16943
16611,16944
16611,16945
16612,16946
16612,16947
16613,16948
16613,16949
16614,16950
16614,16951
16615,16952
16616,16953
16617,16954
16618,16955
16619,16956
16620,16957
16620,16958
16621,16959
16622,16960
16623,16961
16624,16962
16625,16963
16626,16964
16626,16965
16627,16966
16627,16967
16628,16968
16629,16969
16630,16970
16630,16971
16631,16972
16632,16973
16632,16974
16633,16975
16634,16976
16635,16977
16635,16978
16636,16979
16637,16980
16637,16981
16638,16982
16639,16983
16639,16984
16640,16985
16641,16986
16641,16987
16642,16988
16642,16989
16643,16990
16643,16991
16644,16992
16645,16993
16645,16994
16646,16995
16646,16996
16647,16997
16647,16998
16648,16999
16648,17000
16649,17001
16649,17002
16650,17003
16651,17004
16651,17005
16652,17006
16653,17007
16653,17008
16654,17009
16655,17010
16656,17011
16657,16848
16658,17012
16658,17013
16659,17014
16659,17015
16660,17016
16660,17017
16661,17018
16661,17019
16662,17020
16662,17021
16663,17022
16664,17023
16664,17024
16665,17025
16666,17026
16666,17027
16667,17028
16668,17029
16668,17030
16669,17031
16669,17032
16670,17033
16671,17034
16671,17035
16672,17036
16673,17037
16674,17038
16675,17039
16676,17040
16677,17041
16678,17042
16678,17043
16679,17044
16679,17045
16680,17046
16680,17047
16681,17048
16681,17049
16682,17050
16683,17051
16684,17052
16685,17053
16686,17054
16687,17055
16688,17056
16689,17057
16690,17058
16691,17059
16692,17060
16693,17061
16694,17062
16695,17063
16695,17064
16696,17065
16697,17066
16698,17067
16698,17068
16699,17069
16700,17070
16700,17071
16701,17072
16701,17073
16702,17074
16702,17075
16703,17076
16704,17077
16704,17078
16705,17079
16706,17080
16707,17081
16707,17082
16708,17083
16708,17084
16709,17085
16710,17086
16711,17087
16711,17088
16712,17089
16712,17090
16713,17091
16713,17092
16714,17093
16715,17094
16716,17095
16716,17096
16717,17097
16718,17098
16718,17099
16719,17100
16719,17101
16720,17102
16721,17103
16722,17104
16723,17105
16724,17106
16724,17107
16725,17108
16726,17109
16727,17110
16728,17111
16728,17112
16729,17113
16730,17114
16731,17115
16731,17116
16732,17117
16733,17118
16734,17119
16734,17120
16735,17121
16735,17122
16736,17123
16736,17124
16737,17125
16737,17126
16738,17127
16738,17128
16739,17129
16740,17130
16741,17131
16742,17132
16743,17133
16744,17134
16744,17135
16745,17136
16745,17137
16746,17138
16746,17139
16747,17140
16748,17141
16848,17143
16849,17144
16850,17145
16851,17146
16851,17147
16852,17148
16853,17149
16853,17150
16854,17151
16855,17152
16856,17153
16856,17154
16857,17155
16857,17156
16858,17157
16859,17158
16860,17159
16861,17160
16861,17161
16862,17162
16863,17163
16864,17164
16865,17165
16865,17166
16866,17167
16867,17168
16867,17169
16868,17170
16869,17171
16869,17172
16870,17173
16871,17174
16871,17175
16872,17176
16873,17177
16874,17178
16875,17179
16875,17180
16876,17181
16877,17182
16877,17183
16878,17184
16878,17185
16879,17178
16880,17186
16880,17187
16881,17188
16881,17189
16882,17190
16882,17191
16883,17192
16883,17193
16884,17194
16885,17195
16885,17196
16886,17197
16886,17198
16887,17199
16888,17200
16888,17201
16889,17202
16889,17203
16890,17204
16890,17205
16891,17206
16891,17207
16892,17208
16893,17209
16893,17210
16894,17211
16894,17212
16895,17213
16895,17214
16896,17215
16896,17216
16897,17217
16898,17218
16898,17219
16899,17220
16899,17221
16900,17222
16900,17223
16901,17224
16901,17225
16902,17226
16902,17227
16903,17228
16904,17229
16905,17230
16906,17231
16907,17232
16907,17233
16908,17234
16908,17235
16909,17236
16910,17237
16911,17238
16911,17239
16912,17240
16912,17241
16913,17242
16913,17243
16914,17244
16914,17245
16915,17246
16916,17247
16916,17248
16917,17249
16917,17250
16918,17251
16918,17252
16919,17253
16920,17254
16921,17255
16922,17256
16923,17257
16924,17258
16925,17259
16926,17260
16926,17261
16927,17262
16928,17263
16929,17264
16929,17265
16930,17266
16931,17267
16931,17268
16932,17269
16933,17270
16933,17271
16934,17272
16934,17273
16935,17274
16936,17275
16936,17276
16937,17277
16938,17278
16939,17279
16939,17280
16940,17281
16941,17282
16941,17283
16942,17257
16943,17284
16943,17285
16944,17286
16944,17287
16945,17288
16945,17289
16946,17290
16947,17291
16948,17292
16949,17293
16949,17294
16950,17295
16951,17199
16952,17296
16952,17297
16953,17298
16954,17299
16955,17300
16955,17301
16956,17302
16957,17303
16957,17304
16958,17305
16959,17306
16960,17307
16961,17308
16961,17309
16962,17310
16963,17311
16964,17312
16964,17313
16965,17314
16965,17315
16966,17316
16967,17317
16968,17318
16969,17319
16970,17320
16971,17321
16971,17322
16972,17323
16972,17324
16973,17325
16974,17326
16974,17327
16975,17328
16975,17329
16976,17330
16976,17331
16977,17332
16978,17333
16979,17334
16980,17335
16981,17336
16981,17334
16982,17337
16983,17338
16984,17339
16985,17340
16986,17341
16987,17342
16987,17343
16988,17344
16988,17345
16989,17346
16990,17347
16990,17348
16991,17349
16992,17350
16992,17351
16993,17352
16993,17353
16994,17354
16995,17355
16995,17356
16996,17357
16997,17261
16997,17358
16998,17359
16998,17360
16999,17361
17000,17362
17000,17363
17001,17364
17002,17365
17002,17366
17003,17367
17004,17368
17005,17369
17005,17370
17006,17371
17006,17372
17007,17373
17007,17374
17008,17375
17009,17376
17009,17377
17010,17294
17011,17378
17011,17379
17012,17380
17012,17381
17013,17382
17014,17383
17014,17384
17015,17385
17015,17386
17016,17387
17016,17388
17017,17389
17017,17390
17018,17391
17019,17392
17019,17269
17020,17393
17020,17394
17021,17395
17021,17396
17022,17397
17022,17398
17023,17399
17023,17400
17024,17401
17024,17402
17025,17403
17025,17404
17026,17405
17026,17406
17027,17407
17027,17408
17028,17142
17029,17409
17030,17410
17031,17411
17032,17412
17033,17413
17034,17414
17034,17415
17035,17416
17036,17417
17037,17418
17037,17419
17038,17420
17038,17421
17039,17422
17039,17423
17040,17424
17040,17425
17041,17426
17042,17427
17043,17428
17044,17429
17045,17430
17045,17431
17046,17432
17047,17433
17048,17434
17048,17435
17142,17446
17142,17447
17143,17448
17143,17449
17144,17450
17144,17451
17145,17452
17145,17453
17146,17454
17146,17455
17147,17456
17148,17457
17148,17458
17149,17459
17150,17460
17151,17461
17152,17462
17153,17463
17154,17464
17154,17465
17155,17466
17155,17467
17156,17468
17157,17469
17157,17470
17158,17471
17158,17472
17159,17473
17160,17474
17160,17475
17161,17476
17162,17477
17162,17478
17163,17479
17164,17480
17165,17481
17165,17482
17166,17483
17166,17484
17167,17485
17168,17486
17169,17487
17170,17488
17171,17489
17171,17490
17172,17491
17172,17492
17173,17493
17173,17494
17174,17495
17174,17496
17175,17497
17175,17498
17176,17499
17176,17500
17177,17501
17178,17436
17178,17437
17179,17502
17179,17503
17180,17504
17180,17505
17181,17506
17182,17507
17182,17508
17183,17509
17184,17510
17184,17511
17185,17512
17185,17513
17186,17514
17187,17515
17188,17516
17188,17517
17189,17518
17189,17519
17190,17520
17191,17521
17192,17522
17193,17523
17193,17524
17194,17525
17195,17526
17196,17527
17196,17528
17197,17529
17198,17530
17199,17438
17200,17531
17201,17532
17201,17533
17202,17534
17202,17535
17203,17536
17203,17537
17204,17538
17204,17539
17205,17540
17205,17541
17206,17542
17206,17543
17207,17544
17207,17545
17208,17546
17208,17547
17209,17548
17209,17549
17210,17550
17211,17551
17212,17552
17213,17553
17213,17554
17214,17555
17215,17556
17215,17557
17216,17558
17216,17559
17217,17560
17217,17561
17218,17562
17218,17563
17219,17564
17219,17565
17220,17566
17220,17567
17221,17568
17221,17569
17222,17570
17223,17571
17224,17572
17224,17573
17225,17574
17226,17575
17226,17576
17227,17577
17227,17578
17228,17579
17228,17580
17229,17581
17229,17582
17230,17583
17231,17584
17232,17585
17232,17586
17233,17587
17234,17588
17234,17589
17235,17590
17236,17591
17237,17592
17237,17593
17238,17594
17238,17595
17239,17596
17240,17597
17240,17598
17241,17599
17242,17600
17243,17601
17244,17602
17244,17603
17245,17604
17245,17605
17246,17606
17247,17607
17248,17608
17249,17609
17250,17605
17250,17610
17251,17611
17251,17612
17252,17613
17253,17614
17253,17615
17254,17616
17254,17617
17255,17618
17255,17619
17256,17620
17257,17439
17258,17621
17258,17622
17259,17623
17259,17624
17260,17625
17261,17440
17262,17626
17263,17627
17263,17628
17264,17629
17264,17630
17265,17631
17266,17632
17267,17633
17267,17634
17268,17635
17269,17441
17270,17636
17271,17637
17272,17638
17272,17639
17273,17640
17274,17641
17275,17642
17276,17643
17277,17644
17277,17645
17278,17646
17279,17647
17280,17648
17280,17649
17281,17650
17282,17651
17282,17652
17283,17653
17284,17654
17284,17655
17285,17656
17286,17657
17287,17658
17288,17659
17288,17660
17289,17661
17290,17662
17291,17663
17291,17664
17292,17665
17293,17666
17294,17442
17294,17443
17295,17667
17295,17668
17296,17669
17297,17670
17297,17671
17298,17672
17298,17673
17299,17674
17300,17675
17301,17676
17302,17677
17303,17678
17304,17679
17305,17680
17305,17681
17306,17682
17306,17683
17307,17684
17308,17685
17309,17686
17310,17687
17311,17688
17312,17689
17312,17690
17313,17691
17313,17692
17314,17693
17315,17694
17316,17695
17317,17696
17318,17697
17319,17698
17319,17699
17320,17700
17320,17701
17321,17702
17322,17703
17323,17704
17324,17705
17325,17706
17326,17707
17327,17708
17328,17709
17329,17710
17329,17711
17330,17712
17330,17713
17331,17714
17332,17715
17333,17716
17334,17444
17334,17445
17335,17717
17336,17718
17337,17719
17337,17720
17338,17721
17338,17722
17339,17723
17339,17724
17340,17725
17341,17726
17341,17727
17342,17728
17342,17729
17436,17731
17436,17732
17437,17733
17437,17734
17438,17735
17438,17736
17439,17737
17440,17738
17441,17739
17442,17740
17442,17741
17443,17742
17444,17743
17444,17744
17445,17745
17445,17746
17446,17747
17447,17748
17448,17749
17448,17750
17449,17751
17449,17752
17450,17753
17450,17754
17451,17755
17452,17756
17453,17757
17454,17758
17455,17759
17455,17760
17456,17761
17456,17762
17457,17763
17457,17764
17458,17765
17459,17766
17460,17767
17460,17768
17461,17769
17461,17770
17462,17771
17462,17772
17463,17773
17463,17774
17464,17775
17465,17776
17465,17777
17466,17778
17467,17779
17467,17780
17468,17781
17468,17782
17469,17783
17469,17784
17470,17785
17471,17786
17471,17787
17472,17788
17472,17789
17473,17790
17474,17791
17474,17792
17475,17793
17476,17794
17477,17795
17477,17796
17478,17797
17479,17798
17479,17799
17480,17800
17481,17801
17481,17802
17482,17803
17483,17804
17484,17805
17484,17806
17485,17807
17485,17808
17486,17809
17487,17810
17487,17811
17488,17812
17489,17813
17489,17814
17490,17815
17490,17816
17491,17817
17492,17818
17492,17819
17493,17820
17494,17821
17494,17822
17495,17823
17496,17824
17496,17825
17497,17826
17497,17827
17498,17828
17499,17829
17499,17830
17500,17831
17500,17832
17501,17833
17501,17834
17502,17835
17503,17836
17503,17837
17504,17838
17505,17839
17505,17840
17506,17841
17506,17842
17507,17843
17508,17844
17508,17845
17509,17846
17510,17847
17511,17848
17512,17849
17513,17850
17514,17851
17514,17852
17515,17853
17515,17854
17516,17855
17517,17856
17518,17857
17519,17858
17520,17859
17520,17860
17521,17861
17522,17862
17522,17863
17523,17864
17523,17865
17524,17866
17524,17867
17525,17868
17526,17869
17527,17870
17528,17871
17528,17872
17529,17873
17530,17874
17531,17875
17531,17876
17532,17877
17533,17878
17534,17879
17534,17880
17535,17881
17536,17882
17536,17883
17537,17884
17538,17885
17539,17886
17539,17887
17540,17888
17540,17889
17541,17890
17542,17891
17543,17892
17544,17893
17545,17894
17546,17895
17546,17896
17547,17897
17547,17898
17548,17899
17549,17900
17550,17901
17550,17902
17551,17903
17551,17904
17552,17905
17552,17906
17553,17907
17554,17908
17555,17909
17556,17910
17556,17911
17557,17912
17557,17913
17558,17914
17558,17915
17559,17916
17560,17917
17561,17918
17562,17919
17562,17920
17563,17921
17564,17922
17565,17923
17566,17924
17566,17925
17567,17926
17568,17927
17569,17928
17570,17929
17570,17930
17571,17931
17571,17932
17572,17933
17573,17934
17573,17935
17574,17936
17575,17937
17576,17938
17577,17939
17578,17940
17578,17941
17579,17942
17580,17943
17581,17944
17581,17945
17582,17946
17582,17947
17583,17948
17583,17949
17584,17950
17584,17951
17585,17952
17586,17953
17587,17954
17587,17955
17588,17956
17588,17957
17589,17958
17589,17959
17590,17960
17590,17961
17591,17962
17592,17963
17593,17964
17594,17965
17595,17966
17595,17967
17596,17968
17597,17969
17598,17970
17599,17971
17600,17972
17601,17973
17602,17974
17603,17975
17603,17976
17604,17977
17605,17730
17606,17978
17606,17979
17607,17980
17608,17981
17609,17982
17610,17983
17611,17984
17612,17985
17613,17986
17614,17987
17615,17988
17615,17989
17616,17990
17617,17991
17618,17992
17618,17993
17619,17994
17620,17995
17620,17996
17621,17997
17621,17998
17622,17999
17622,18000
17623,18001
17624,18002
17625,18003
17626,18004
17626,18005
17627,18006
17627,18007
17628,18008
17629,18009
17630,18010
17630,18011
17631,18012
17632,18013
17632,18014
17633,18015
17634,18016
17635,18017
17635,18018
17636,18019
17730,18024
17730,18025
17731,18026
17732,18027
17732,18028
17733,18029
17733,18030
17734,18031
17735,18032
17735,18033
17736,18034
17736,18035
17737,18036
17737,18037
17738,18038
17739,18039
17740,18040
17741,18041
17742,18042
17742,18043
17743,18044
17743,18045
17744,18046
17745,18047
17745,18048
17746,18049
17746,18050
17747,18051
17747,18052
17748,18053
17748,18054
17749,18055
17749,18056
17750,18057
17750,18058
17751,18059
17751,18060
17752,18061
17752,18062
17753,18063
17754,18064
17755,18065
17756,18066
17757,18067
17758,18068
17758,18069
17759,18070
17759,18071
17760,18072
17761,18073
17762,18074
17762,18075
17763,18076
17764,18077
17765,18078
17765,18079
17766,18080
17766,18081
17767,18082
17768,18083
17768,18084
17769,18085
17769,18024
17770,18086
17771,18087
17771,18088
17772,18089
17772,18090
17773,18091
17774,18092
17775,18093
17776,18094
17777,18095
17778,18096
17779,18097
17780,18098
17780,18099
17781,18100
17782,18101
17782,18102
17783,18103
17784,18104
17785,18105
17786,18106
17786,18107
17787,18108
17787,18109
17788,18110
17788,18111
17789,18112
17789,18113
17790,18114
17791,18115
17792,18116
17793,18117
17794,18118
17795,18119
17795,18120
17796,18121
17797,18122
17797,18123
17798,18124
17799,18125
17800,18126
17800,18127
17801,18128
17802,18129
17802,18130
17803,18131
17803,18132
17804,18133
17804,18134
17805,18135
17806,18136
17807,18137
17808,18138
17809,18139
17810,18140
17810,18141
17811,18142
17812,18143
17813,18144
17814,18145
17814,18146
17815,18147
17816,18148
17816,18149
17817,18150
17818,18151
17819,18152
17820,18153
17820,18154
17821,18155
17822,18156
17822,18157
17823,18158
17823,18159
17824,18160
17825,18161
17826,18162
17826,18163
17827,18164
17828,18165
17829,18166
17830,18167
17830,18168
17831,18169
17831,18170
17832,18171
17832,18172
17833,18173
17833,18174
17834,18175
17834,18176
17835,18177
17836,18178
17836,18179
17837,18180
17837,18181
17838,18182
17838,18183
17839,18184
17839,18185
17840,18186
17840,18187
17841,18188
17842,18189
17842,18190
17843,18191
17843,18192
17844,18193
17845,18194
17845,18195
17846,18196
17847,18197
17847,18198
17848,18199
17849,18200
17849,18201
17850,18202
17850,18203
17851,18204
17852,18205
17853,18206
17853,18207
17854,18208
17855,18209
17856,18210
17857,18211
17857,18212
17858,18213
17858,18214
17859,18215
17860,18216
17861,18217
17861,18218
17862,18219
17863,18220
17864,18221
17864,18222
17865,18223
17866,18224
17866,18225
17867,18226
17868,18227
17868,18228
17869,18229
17869,18230
17870,18231
17870,18232
17871,18233
17871,18234
17872,18235
17873,18236
17873,18237
17874,18238
17875,18239
17875,18240
17876,18241
17876,18242
17877,18243
17878,18244
17878,18245
17879,18246
17880,18247
17880,18248
17881,18249
17881,18250
17882,18251
17883,18252
17883,18253
17884,18254
17885,18255
17886,18256
17886,18257
17887,18258
17887,18259
17888,18197
17888,18260
17889,18261
17890,18262
17891,18263
17892,18264
17893,18265
17893,18251
17894,18266
17894,18267
17895,18268
17895,18269
17896,18270
17897,18271
17898,18272
17898,18273
17899,18274
17899,18275
17900,18276
17901,18277
17902,18278
17903,18279
17904,18280
17905,18148
17905,18202
17906,18281
17906,18282
17907,18283
17908,18284
17909,18285
17909,18286
17910,18287
17911,18288
17911,18289
17912,18290
17912,18291
17913,18292
17913,18293
17914,18294
17914,18295
17915,18296
17916,18297
17917,18298
17917,18299
17918,18020
17918,18021
17919,18300
17919,18301
17920,18302
17921,18303
17922,18304
17922,18305
17923,18306
17924,18307
17925,18308
17926,18309
17927,18310
17928,18311
17928,18312
17929,18313
17977,18022
17977,18023
18020,18323
18021,18324
18021,18325
18022,18326
18023,18327
18024,18314
18024,18315
18025,18328
18026,18329
18026,18330
18027,18331
18027,18332
18028,18333
18029,18334
18030,18335
18031,18336
18031,18337
18032,18338
18032,18339
18033,18340
18034,18341
18034,18342
18035,18343
18036,18344
18036,18345
18037,18346
18038,18347
18039,18348
18039,18349
18040,18350
18040,18351
18041,18352
18041,18353
18042,18354
18043,18355
18044,18356
18044,18357
18045,18358
18045,18359
18046,18360
18046,18361
18047,18362
18048,18363
18049,18364
18050,18365
18050,18366
18051,18367
18052,18368
18052,18369
18053,18370
18053,18371
18054,18372
18054,18373
18055,18374
18055,18375
18056,18376
18056,18377
18057,18378
18057,18379
18058,18380
18059,18381
18059,18382
18060,18383
18061,18384
18062,18385
18062,18386
18063,18387
18064,18388
18065,18389
18065,18390
18066,18391
18066,18392
18067,18393
18067,18394
18068,18395
18068,18396
18069,18397
18069,18398
18070,18399
18070,18400
18071,18401
18072,18402
18073,18403
18073,18404
18074,18405
18075,18406
18076,18407
18076,18408
18077,18409
18078,18410
18079,18411
18080,18412
18081,18413
18081,18414
18082,18415
18082,18416
18083,18417
18084,18418
18085,18419
18086,18420
18086,18421
18087,18422
18088,18423
18089,18424
18089,18425
18090,18426
18091,18427
18092,18428
18093,18429
18093,18430
18094,18431
18095,18432
18095,18433
18096,18434
18097,18435
18098,18436
18098,18437
18099,18438
18099,18439
18100,18440
18100,18441
18101,18442
18102,18443
18103,18444
18104,18445
18104,18446
18105,18447
18106,18448
18106,18449
18107,18450
18108,18451
18108,18452
18109,18453
18110,18454
18111,18455
18111,18456
18112,18457
18113,18458
18113,18459
18114,18460
18114,18461
18115,18462
18116,18463
18116,18464
18117,18465
18117,18466
18118,18467
18118,18468
18119,18469
18119,18470
18120,18471
18121,18472
18121,18473
18122,18474
18122,18475
18123,18476
18124,18477
18125,18478
18125,18479
18126,18480
18126,18481
18127,18482
18127,18483
18128,18484
18129,18485
18130,18486
18131,18487
18132,18488
18133,18489
18133,18490
18134,18491
18134,18492
18135,18493
18136,18494
18137,18495
18138,18496
18138,18497
18139,18498
18139,18499
18140,18500
18141,18501
18141,18502
18142,18503
18142,18504
18143,18505
18143,18506
18144,18507
18145,18508
18145,18509
18146,18510
18147,18511
18147,18512
18148,18316
18149,18513
18150,18514
18150,18515
18151,18516
18152,18517
18152,18518
18153,18519
18154,18520
18155,18521
18156,18522
18157,18436
18158,18523
18158,18524
18159,18525
18160,18526
18161,18527
18162,18528
18163,18529
18164,18530
18165,18531
18165,18532
18166,18533
18167,18534
18167,18535
18168,18536
18168,18537
18169,18538
18169,18539
18170,18540
18170,18541
18171,18542
18172,18543
18173,18484
18174,18544
18175,18545
18175,18546
18176,18547
18177,18548
18178,18549
18178,18550
18179,18551
18179,18552
18180,18553
18180,18325
18181,18554
18181,18555
18182,18556
18182,18557
18183,18558
18183,18559
18184,18560
18184,18561
18185,18562
18186,18563
18187,18564
18188,18565
18189,18566
18189,18567
18190,18568
18190,18569
18191,18570
18192,18571
18192,18572
18193,18573
18194,18574
18195,18575
18195,18576
18196,18577
18197,18317
18197,18318
18198,18578
18199,18579
18199,18580
18200,18581
18200,18582
18201,18583
18201,18584
18202,18319
18202,18320
18203,18585
18204,18586
18204,18587
18205,18588
18206,18589
18207,18590
18207,18591
18208,18592
18208,18593
18209,18594
18210,18595
18211,18596
18212,18597
18213,18598
18214,18599
18214,18600
18215,18601
18216,18602
18216,18603
18217,18604
18218,18605
18219,18606
18219,18607
18251,18321
18251,18322
18314,18616
18314,18617
18314,18618
18315,18619
18315,18620
18315,18621
18316,18622
18316,18623
18316,18624
18317,18625
18317,18626
18318,18627
18318,18628
18318,18629
18319,18630
18319,18631
18319,18632
18320,18633
18320,18634
18320,18635
18321,18636
18321,18637
18322,18638
18322,18639
18322,18640
18323,18641
18323,18642
18324,18643
18324,18644
18324,18645
18325,18608
18325,18609
18325,18610
18326,18646
18326,18647
18326,18648
18327,18649
18327,18650
18328,18651
18328,18652
18329,18653
18329,18654
18329,18655
18330,18656
18330,18657
18331,18658
18331,18659
18331,18660
18332,18661
18332,18662
18333,18663
18333,18664
18334,18665
18334,18666
18335,18667
18335,18668
18336,18669
18336,18670
18336,18671
18337,18672
18337,18673
18337,18674
18338,18675
18338,18676
18338,18677
18339,18678
18339,18679
18340,18680
18340,18681
18341,18682
18341,18683
18342,18684
18342,18685
18342,18686
18343,18687
18343,18688
18344,18689
18344,18690
18344,18691
18345,18692
18345,18693
18345,18694
18346,18695
18346,18696
18347,18697
18347,18698
18348,18699
18348,18700
18348,18701
18349,18702
18349,18703
18349,18704
18350,18705
18350,18706
18350,18707
18351,18708
18351,18709
18351,18710
18352,18711
18352,18712
18353,18713
18353,18714
18354,18660
18354,18715
18355,18716
18355,18717
18355,18718
18356,18719
18356,18720
18357,18721
18357,18722
18358,18723
18358,18724
18359,18725
18359,18726
18359,18727
18360,18728
18360,18729
18360,18730
18361,18731
18361,18732
18361,18733
18362,18734
18362,18735
18362,18736
18363,18737
18363,18738
18364,18739
18364,18740
18365,18741
18365,18742
18366,18743
18366,18744
18367,18745
18367,18746
18368,18747
18368,18748
18368,18749
18369,18750
18369,18751
18369,18752
18370,18635
18370,18753
18371,18754
18371,18755
18371,18756
18372,18757
18372,18758
18373,18759
18373,18760
18374,18761
18374,18762
18375,18763
18375,18764
18376,18765
18376,18766
18376,18767
18377,18768
18377,18769
18377,18770
18378,18771
18378,18772
18379,18773
18379,18774
18379,18775
18380,18776
18380,18777
18380,18778
18381,18779
18381,18780
18382,18781
18382,18782
18383,18783
18383,18784
18383,18785
18384,18786
18384,18787
18385,18788
18385,18789
18386,18790
18386,18791
18386,18792
18387,18793
18387,18794
18387,18795
18388,18796
18388,18797
18388,18798
18389,18799
18389,18800
18389,18801
18390,18802
18390,18803
18391,18804
18391,18805
18392,18806
18392,18807
18392,18808
18393,18809
18393,18810
18393,18811
18394,18812
18394,18813
18395,18814
18395,18815
18396,18816
18396,18817
18396,18818
18397,18819
18397,18820
18397,18821
18398,18822
18398,18823
18398,18824
18399,18825
18399,18826
18400,18827
18400,18828
18401,18829
18402,18830
18402,18831
18402,18832
18403,18833
18403,18834
18404,18835
18404,18836
18404,18837
18405,18838
18405,18839
18405,18840
18406,18841
18406,18842
18407,18843
18407,18844
18408,18845
18408,18846
18408,18847
18409,18848
18409,18849
18410,18850
18410,18851
18411,18852
18411,18853
18412,18854
18412,18855
18412,18856
18413,18857
18413,18858
18413,18859
18414,18860
18414,18861
18415,18862
18415,18863
18415,18864
18416,18865
18416,18866
18417,18867
18417,18868
18418,18869
18418,18870
18418,18871
18419,18872
18419,18873
18419,18874
18420,18875
18420,18876
18420,18877
18421,18878
18421,18879
18421,18880
18422,18881
18422,18882
18423,18883
18423,18884
18423,18885
18424,18886
18424,18887
18425,18888
18425,18889
18426,18890
18426,18891
18427,18892
18427,18893
18427,18802
18428,18894
18428,18895
18429,18896
18429,18897
18429,18898
18430,18899
18430,18900
18430,18901
18431,18902
18431,18903
18431,18904
18432,18905
18432,18906
18433,18907
18433,18908
18433,18909
18434,18910
18434,18911
18434,18912
18435,18913
18435,18914
18435,18915
18436,18611
18436,18612
18436,18613
18437,18916
18437,18917
18437,18918
18438,18919
18438,18920
18439,18921
18439,18922
18439,18923
18440,18924
18440,18925
18441,18926
18441,18927
18441,18928
18442,18929
18442,18930
18442,18931
18443,18932
18443,18933
18443,18934
18444,18935
18444,18936
18444,18937
18445,18938
18445,18939
18446,18940
18446,18773
18447,18941
18447,18942
18447,18943
18448,18944
18448,18945
18449,18946
18449,18947
18449,18948
18450,18949
18450,18950
18451,18951
18451,18952
18452,18653
18452,18953
18452,18954
18453,18955
18453,18956
18454,18957
18454,18958
18455,18959
18455,18960
18456,18961
18456,18962
18456,18963
18457,18964
18457,18965
18458,18966
18458,18967
18459,18968
18459,18969
18459,18970
18460,18971
18460,18972
18461,18973
18461,18974
18462,18975
18462,18976
18463,18977
18463,18978
18463,18979
18464,18980
18464,18981
18465,18982
18465,18983
18465,18984
18466,18985
18466,18986
18467,18987
18467,18988
18468,18989
18468,18990
18469,18991
18469,18992
18469,18993
18470,18994
18470,18995
18470,18996
18471,18997
18471,18998
18472,18999
18472,19000
18473,19001
18473,19002
18473,19003
18474,19004
18474,19005
18475,19006
18475,19007
18475,19008
18476,19009
18476,19010
18477,19011
18477,19012
18477,19013
18478,19014
18478,19015
18478,19016
18479,19017
18479,19018
18479,19019
18480,19020
18480,19021
18480,19022
18481,19023
18481,19024
18481,19025
18482,19026
18482,19027
18482,19028
18483,19029
18483,19030
18483,19031
18484,18614
18484,18615
18485,19032
18485,19033
18485,19034
18486,19035
18486,19036
18487,19037
18487,19038
18488,19039
18488,19040
18488,19041
18489,19042
18489,19043
18489,19044
18490,19045
18490,19046
18491,19047
18491,19048
18492,19049
18492,19050
18492,19051
18493,19052
18493,19053
18493,19054
18494,19055
18494,19056
18495,19057
18495,19058
18496,19059
18496,18707
18496,19060
18497,19061
18497,19062
18497,19063
18498,19064
18498,19065
18498,19066
18499,19067
18499,19068
18499,19069
18500,19070
18500,19071
18501,19072
18501,19073
18501,19074
18502,19075
18502,19076
18502,19077
18503,19078
18503,19079
18504,19080
18504,19081
18504,19082
18505,18754
18505,19083
18506,19084
18506,19085
18507,19086
18507,19087
18508,19088
18508,19089
18509,19090
18509,19091
18509,19092
18510,19093
18510,19094
18510,19095
18511,19096
18511,19097
18512,19098
18512,19099
18512,18649
18513,19100
18513,19101
18513,19102
18514,19103
18514,19104
18514,19105
18608,19131
18608,19132
18608,19133
18609,19134
18609,19135
18609,19136
18610,19115
18610,19137
18610,19138
18611,19139
18611,19140
18612,19141
18612,19142
18612,19143
18613,19144
18613,19145
18613,19146
18614,19147
18614,19148
18614,19149
18615,19150
18615,19151
18615,19152
18616,19153
18616,19154
18616,19155
18617,19156
18617,19157
18617,19158
18618,19159
18618,19160
18619,19161
18619,19162
18619,19163
18620,19164
18620,19165
18621,19166
18621,19167
18622,19168
18622,19169
18622,19170
18623,19171
18623,19172
18623,19173
18624,19174
18624,19170
18625,19175
18625,19176
18626,19177
18626,19178
18627,19179
18627,19180
18628,19181
18628,19182
18628,19183
18629,19184
18629,19185
18629,19186
18630,19187
18630,19188
18631,19189
18631,19190
18631,19191
18632,19192
18632,19193
18632,19194
18633,19195
18633,19196
18634,19197
18634,19198
18635,19106
18635,19107
18635,19108
18636,19199
18636,19200
18636,19201
18637,19202
18637,19203
18638,19204
18638,19205
18639,19206
18639,19207
18639,19208
18640,19209
18640,19210
18640,19211
18641,19212
18641,19213
18641,19214
18642,19215
18642,19216
18643,19217
18643,19218
18644,19219
18644,19220
18644,19221
18645,19222
18645,19223
18646,19224
18646,19225
18647,19226
18647,19227
18647,19228
18648,19229
18648,19230
18648,19231
18649,19109
18649,19110
18649,19111
18650,19232
18650,19233
18651,19234
18651,19235
18652,19236
18652,19237
18653,19112
18653,19113
18654,19238
18654,19239
18655,19240
18655,19241
18656,19242
18656,19243
18656,19244
18657,19245
18657,19246
18658,19247
18658,19248
18659,19249
18659,19135
18660,19114
18660,19115
18661,19250
18661,19251
18661,19252
18662,19253
18662,19254
18663,19255
18663,19256
18664,19257
18664,19258
18665,19259
18665,19260
18666,19261
18666,19262
18667,19263
18667,19264
18668,19265
18668,19266
18669,19267
18669,19268
18669,19269
18670,19270
18670,19271
18671,19272
18671,19273
18672,19274
18672,19275
18673,19276
18673,19277
18673,19278
18674,19279
18674,19280
18675,19281
18675,19282
18675,19283
18676,19284
18676,19285
18677,19286
18677,19287
18677,19288
18678,19289
18678,19290
18679,19291
18679,19292
18680,19293
18680,19294
18680,19295
18681,19296
18681,19297
18681,19298
18682,19299
18682,19300
18682,19301
18683,19302
18683,19303
18684,19304
18684,19305
18685,19306
18685,19307
18686,19308
18686,19309
18687,19310
18687,19311
18687,19312
18688,19313
18688,19314
18688,19315
18689,19316
18689,19113
18690,19317
18690,19318
18691,19319
18691,19320
18692,19321
18692,19322
18693,19323
18693,19324
18694,19325
18694,19326
18694,19327
18695,19328
18695,19329
18695,19330
18696,19331
18696,19332
18697,19333
18697,19334
18698,19335
18698,19336
18698,19337
18699,19338
18699,19339
18700,19340
18700,19341
18700,19342
18701,19343
18701,19344
18701,19345
18702,19346
18702,19347
18703,19348
18703,19349
18703,19350
18704,19351
18704,19352
18705,19353
18705,19354
18705,19355
18706,19356
18706,19357
18707,19116
18707,19117
18707,19118
18708,19358
18708,19359
18708,19360
18709,19361
18709,19362
18709,19363
18710,19364
18710,19365
18711,19366
18711,19367
18711,19368
18712,19369
18712,19370
18712,19371
18713,19372
18713,19373
18714,19374
18714,19375
18715,19376
18715,19377
18716,19378
18716,19379
18717,19380
18717,19381
18718,19382
18718,19383
18719,19384
18719,19385
18719,19386
18720,19387
18720,19388
18720,19389
18721,19390
18721,19391
18721,19392
18722,19393
18722,19394
18722,19395
18723,19396
18723,19397
18724,19398
18724,19399
18724,19400
18725,19401
18725,19402
18725,19403
18726,19404
18726,19405
18727,19406
18727,19407
18727,19408
18728,19409
18728,19410
18729,19411
18729,19412
18729,19413
18730,19414
18730,19415
18731,19416
18731,19417
18731,19418
18732,19419
18732,19420
18733,19421
18733,19422
18733,19423
18734,19424
18734,19425
18735,19426
18735,19427
18736,19428
18736,19429
18736,19430
18737,19431
18737,19432
18737,19433
18738,19434
18738,19435
18739,19436
18739,19437
18739,19438
18740,19439
18740,19440
18740,19441
18741,19442
18741,19443
18741,19444
18742,19445
18742,19446
18742,19447
18743,19448
18743,19449
18743,19450
18744,19451
18744,19452
18745,19453
18745,19454
18746,19455
18746,19456
18747,19457
18747,19458
18747,19459
18748,19460
18748,19461
18748,19462
18749,19463
18749,19464
18750,19465
18750,19466
18751,19467
18751,19468
18752,19469
18752,19470
18752,19471
18753,19472
18753,19473
18754,19119
18754,19120
18755,19474
18755,19475
18756,19476
18756,19477
18756,19478
18757,19479
18757,19480
18758,19481
18758,19482
18758,19483
18759,19484
18759,19485
18760,19486
18760,19487
18761,19488
18761,19489
18761,19490
18762,19491
18762,19492
18763,19493
18763,19494
18764,19495
18764,19496
18765,19497
18765,19498
18766,19499
18766,19500
18766,19298
18767,19501
18767,19502
18768,19503
18768,19504
18768,19505
18769,19506
18769,19507
18769,19508
18770,19509
18770,19510
18770,19511
18771,19512
18771,19513
18772,19514
18772,19515
18772,19516
18773,19121
18773,19122
18774,19517
18774,19518
18775,19519
18775,19520
18775,19521
18776,19522
18776,19523
18777,19524
18777,19525
18777,19526
18778,19273
18778,19527
18778,19528
18779,19529
18779,19530
18780,19531
18780,19532
18781,19533
18781,19534
18782,19535
18782,19536
18782,19537
18783,19538
18783,19539
18783,19540
18784,19541
18784,19542
18784,19543
18785,19544
18785,19545
18785,19546
18786,19547
18786,19548
18787,19549
18787,19550
18787,19551
18788,19552
18788,19553
18788,19554
18789,19555
18789,19556
18789,19557
18790,19558
18790,19559
18791,19560
18791,19561
18792,19562
18792,19563
18792,19564
18793,19565
18793,19566
18793,19567
18794,19568
18794,19569
18795,19570
18795,19571
18796,19572
18796,19573
18797,19574
18797,19575
18797,19576
18798,19577
18798,19578
18799,19579
18799,19580
18800,19581
18800,19582
18801,19583
18801,19584
18801,19585
18802,19123
18802,19124
18802,19125
18803,19586
18803,19587
18804,19588
18804,19589
18804,19590
18805,19591
18805,19592
18806,19593
18806,19594
18806,19595
18829,19126
18829,19127
18989,19128
18989,19129
18989,19130
19106,19617
19106,19618
19106,19619
19107,19620
19107,19621
19108,19622
19108,19623
19109,19624
19109,19625
19110,19626
19110,19627
19111,19628
19111,19629
19111,19630
19112,19631
19112,19632
19112,19633
19113,19596
19113,19597
19114,19634
19114,19635
19114,19636
19115,19598
19115,19599
19116,19637
19116,19638
19117,19639
19117,19640
19118,19641
19118,19642
19118,19643
19119,19644
19119,19645
19120,19646
19120,19647
19121,19648
19121,19649
19122,19650
19122,19651
19123,19652
19123,19653
19123,19654
19124,19655
19124,19656
19125,19657
19125,19658
19126,19600
19126,19601
19126,19602
19127,19659
19127,19660
19128,19661
19128,19662
19129,19663
19129,19664
19129,19665
19130,19666
19130,19667
19131,19668
19131,19669
19131,19670
19132,19671
19132,19672
19132,19673
19133,19674
19133,19675
19133,19676
19134,19677
19134,19678
19135,19603
19135,19604
19135,19605
19136,19679
19136,19680
19137,19681
19137,19682
19137,19683
19138,19684
19138,19685
19139,19686
19139,19687
19139,19688
19140,19689
19140,19690
19140,19691
19141,19692
19141,19693
19142,19694
19142,19695
19142,19696
19143,19697
19143,19698
19143,19699
19144,19700
19144,19701
19145,19702
19145,19703
19146,19704
19146,19705
19146,19706
19147,19707
19147,19708
19148,19709
19148,19710
19149,19711
19149,19712
19150,19713
19150,19714
19151,19715
19151,19716
19151,19717
19152,19718
19152,19719
19153,19720
19153,19721
19154,19722
19154,19723
19155,19724
19155,19725
19155,19726
19156,19727
19156,19728
19157,19729
19157,19724
19158,19730
19158,19731
19159,19732
19159,19733
19160,19734
19160,19735
19161,19736
19161,19737
19162,19738
19162,19739
19162,19740
19163,19741
19163,19742
19164,19743
19164,19744
19164,19745
19165,19746
19165,19747
19165,19748
19166,19749
19166,19750
19166,19751
19167,19752
19167,19753
19168,19754
19168,19755
19169,19756
19169,19757
19170,19606
19170,19607
19171,19758
19171,19759
19172,19760
19172,19761
19172,19762
19173,19763
19173,19764
19173,19765
19174,19766
19174,19767
19174,19768
19175,19769
19175,19770
19176,19771
19176,19772
19177,19773
19177,19774
19177,19775
19178,19776
19178,19777
19179,19778
19179,19779
19179,19780
19180,19781
19180,19782
19180,19783
19181,19784
19181,19785
19182,19786
19182,19787
19183,19788
19183,19789
19183,19790
19184,19791
19184,19792
19185,19793
19185,19794
19185,19795
19186,19796
19186,19797
19187,19798
19187,19799
19188,19800
19188,19801
19189,19802
19189,19803
19189,19804
19190,19805
19190,19806
19191,19805
19191,19807
19192,19808
19192,19809
19192,19810
19193,19811
19193,19812
19193,19813
19194,19814
19194,19815
19194,19816
19195,19817
19195,19818
19195,19604
19196,19819
19196,19820
19197,19821
19198,19822
19198,19823
19199,19824
19199,19825
19200,19826
19200,19827
19200,19828
19201,19829
19201,19830
19201,19831
19202,19832
19202,19833
19202,19834
19203,19835
19203,19836
19204,19837
19204,19838
19205,19839
19205,19840
19205,19841
19206,19842
19206,19843
19206,19844
19207,19845
19207,19846
19208,19847
19208,19848
19209,19849
19209,19850
19210,19851
19210,19852
19210,19853
19211,19854
19211,19855
19212,19856
19212,19857
19212,19858
19213,19859
19213,19860
19213,19861
19214,19862
19214,19863
19214,19864
19215,19865
19215,19866
19216,19867
19216,19868
19217,19869
19217,19870
19217,19871
19218,19872
19218,19873
19219,19874
19219,19875
19219,19876
19220,19877
19220,19878
19220,19879
19221,19880
19221,19881
19221,19882
19222,19883
19222,19884
19223,19885
19223,19886
19224,19759
19224,19887
19224,19888
19225,19889
19225,19890
19226,19891
19226,19892
19226,19893
19227,19894
19227,19895
19228,19896
19228,19897
19229,19898
19229,19899
19229,19900
19230,19901
19230,19902
19231,19903
19231,19904
19232,19905
19232,19906
19233,19907
19233,19908
19234,19909
19234,19910
19235,19911
19235,19912
19235,19913
19236,19914
19236,19915
19236,19916
19237,19917
19237,19918
19237,19919
19238,19920
19238,19921
19239,19922
19239,19923
19240,19924
19240,19925
19241,19926
19241,19927
19241,19928
19242,19929
19242,19930
19243,19931
19243,19932
19244,19933
19244,19934
19244,19935
19245,19936
19245,19937
19245,19938
19246,19939
19246,19940
19246,19941
19247,19942
19247,19943
19248,19944
19248,19945
19249,19946
19249,19947
19250,19948
19250,19949
19251,19950
19251,19951
19251,19952
19252,19953
19252,19954
19252,19955
19253,19956
19253,19957
19254,19958
19254,19959
19255,19960
19255,19961
19256,19962
19256,19963
19257,19964
19257,19965
19257,19966
19258,19967
19258,19968
19258,19969
19259,19970
19259,19971
19260,19972
19260,19973
19260,19974
19261,19975
19261,19976
19261,19977
19262,19978
19262,19979
19263,19980
19263,19981
19263,19982
19264,19983
19264,19984
19264,19985
19265,19986
19265,19987
19266,19988
19266,19989
19267,19990
19267,19991
19267,19992
19268,19993
19268,19994
19269,19995
19269,19996
19270,19997
19270,19998
19270,19999
19271,20000
19271,20001
19272,20002
19272,20003
19273,19608
19273,19609
19273,19610
19274,20004
19274,20005
19275,20006
19275,20007
19276,20008
19276,20009
19277,20010
19277,20011
19278,20012
19278,20013
19278,20014
19279,20015
19279,20016
19280,19631
19280,20017
19281,20018
19281,20019
19281,20020
19282,20021
19282,20022
19283,19770
19283,20023
19283,20024
19284,20025
19284,20026
19285,20027
19285,20028
19286,20029
19286,20030
19287,20031
19287,20032
19287,20033
19288,20034
19288,20035
19289,20036
19289,20037
19290,20038
19290,20039
19291,20040
19291,20041
19291,20042
19292,20043
19292,20044
19292,20045
19293,20046
19293,20047
19294,20048
19294,20049
19295,20050
19295,20051
19296,20052
19296,20053
19297,20054
19297,20055
19297,20056
19298,19611
19298,19612
19299,20057
19299,19669
19300,20058
19300,20059
19300,20060
19301,20061
19301,20062
19301,20063
19302,19596
19302,19962
19303,20064
19303,20065
19303,20066
19304,20067
19304,20068
19304,20069
19374,19613
19374,19614
19492,19615
19492,19616
19596,20070
19596,20071
19596,20072
19597,20098
19597,20099
19597,20100
19598,20101
19598,20102
19599,20103
19599,20104
19599,20105
19600,20106
19600,20107
19601,20108
19601,20109
19601,20110
19602,20111
19602,20112
19603,20113
19603,20114
19604,20073
19604,20074
19604,20075
19605,20115
19605,20116
19606,20117
19606,20118
19607,20119
19607,20120
19607,20121
19608,20122
19608,20123
19609,20124
19609,20125
19609,20126
19610,20127
19610,20128
19610,20129
19611,20130
19611,20131
19612,20132
19612,20133
19612,20134
19613,20135
19613,20136
19614,20137
19614,20138
19614,20139
19615,20140
19615,20141
19616,20142
19616,20143
19617,20144
19617,20145
19617,20146
19618,20147
19618,20148
19618,20149
19619,20150
19619,20151
19619,20152
19620,20076
19620,20077
19620,20078
19621,20153
19621,20154
19621,20155
19622,20156
19622,20157
19622,20158
19623,20159
19623,20160
19623,20161
19624,20162
19624,20163
19625,20164
19625,20165
19626,20166
19626,20167
19626,20168
19627,20169
19627,20170
19628,20171
19628,20172
19628,20173
19629,20174
19629,20175
19629,20176
19630,20177
19630,20178
19631,20079
19631,20080
19631,20081
19632,20179
19632,20180
19632,20181
19633,20182
19633,20183
19634,20184
19634,20185
19634,20186
19635,20187
19635,20188
19636,20189
19636,20190
19637,20191
19637,20192
19638,20193
19638,20194
19639,20195
19639,20196
19639,20197
19640,20198
19640,20154
19640,20199
19641,20200
19641,20201
19641,20202
19642,20203
19642,20204
19642,20205
19643,20206
19643,20207
19643,20097
19644,20208
19644,20188
19645,20209
19645,20210
19645,20211
19646,20212
19646,20213
19646,20214
19647,20215
19647,20216
19648,20217
19648,20218
19649,20219
19649,20220
19650,20221
19650,20222
19650,20223
19651,20224
19651,20225
19651,20226
19652,20227
19652,20228
19652,20229
19653,20230
19653,20231
19653,20232
19654,20233
19654,20234
19654,20235
19655,20236
19655,20237
19655,20238
19656,20239
19656,20240
19656,20241
19657,20242
19657,20243
19658,20244
19658,20245
19658,20246
19659,20247
19659,20248
19659,20249
19660,20250
19660,20251
19660,20252
19661,20253
19661,20254
19661,20255
19662,20256
19662,20257
19662,20258
19663,20259
19663,20247
19663,20260
19664,20261
19664,20262
19664,20263
19665,20264
19665,20265
19666,20266
19666,20267
19666,20268
19667,20269
19667,20270
19667,20271
19668,20272
19668,20273
19669,20082
19669,20083
19670,20274
19670,20275
19670,20276
19671,20277
19671,20278
19671,20279
19672,20127
19672,20280
19672,20281
19673,20282
19673,20283
19674,20284
19674,20285
19674,20286
19675,20287
19675,20288
19676,20289
19676,20290
19676,20291
19677,20292
19677,20293
19678,20294
19678,20295
19679,20296
19679,20297
19679,20298
19680,20299
19680,20300
19680,20301
19681,20302
19681,20303
19681,20304
19682,20305
19682,20306
19682,20307
19683,20308
19683,20309
19683,20310
19684,20311
19684,20312
19684,20313
19685,20314
19685,20315
19686,20316
19686,20317
19686,20318
19687,20319
19687,20320
19687,20321
19688,20322
19688,20323
19688,20324
19689,20325
19689,20326
19690,20327
19690,20328
19691,20329
19691,20330
19692,20331
19692,20332
19692,20333
19693,20334
19693,20335
19693,20336
19694,20337
19694,20338
19695,20339
19695,20340
19696,20341
19696,20342
19696,20343
19697,20344
19697,20345
19697,20346
19698,20347
19698,20348
19698,20349
19699,20350
19699,20351
19700,20352
19700,20353
19700,20354
19701,20355
19701,20356
19701,20357
19702,20358
19702,20359
19702,20360
19703,20361
19703,20362
19703,20363
19704,20364
19704,20365
19705,20366
19705,20367
19705,20364
19706,20368
19706,20369
19707,20370
19707,20371
19707,20372
19708,20373
19708,20374
19709,20375
19709,20376
19709,20377
19710,20378
19710,20379
19710,20380
19711,20381
19711,20382
19711,20383
19712,20384
19712,20385
19713,20386
19713,20387
19713,20388
19714,20389
19714,20390
19714,20391
19715,20392
19715,20393
19715,20394
19716,20395
19716,20396
19717,20397
19717,20398
19718,20399
19718,20400
19719,20401
19719,20402
19720,20403
19720,20404
19720,20405
19721,20406
19721,20407
19722,20408
19722,20409
19723,20410
19723,20411
19723,20412
19724,20084
19724,20085
19724,20086
19725,20413
19725,20414
19726,20415
19726,20416
19726,20417
19727,20418
19727,20419
19728,20420
19728,20421
19728,20422
19729,20423
19729,20424
19729,20425
19730,20426
19730,20427
19730,20428
19731,20429
19731,20430
19731,20431
19732,20432
19732,20433
19732,20434
19733,20435
19733,20436
19734,20437
19734,20438
19734,20439
19735,20440
19735,20441
19736,20442
19736,20443
19736,20444
19737,20445
19737,20446
19737,20447
19738,20448
19738,20449
19738,20450
19739,20451
19739,20452
19740,20453
19740,20454
19740,20455
19741,20456
19741,20457
19741,20458
19742,20459
19742,20460
19742,20461
19743,20462
19743,20463
19744,20464
19744,20465
19745,20466
19745,20467
19746,20468
19746,20469
19746,20470
19747,20471
19747,20472
19748,20473
19748,20474
19748,20475
19749,20476
19749,20477
19750,20478
19750,20479
19750,20480
19751,20481
19751,20482
19752,20483
19752,20484
19752,20485
19753,20486
19753,20487
19753,20488
19754,20489
19754,20490
19754,20491
19755,20492
19755,20493
19756,20494
19756,20495
19757,20496
19757,20497
19757,20498
19758,20499
19758,20500
19758,20126
19759,20087
19759,20088
19760,20501
19760,20502
19761,20503
19761,20504
19762,20505
19762,20506
19762,20507
19763,20508
19763,20509
19763,20510
19764,20511
19764,20512
19764,20513
19765,20514
19765,20515
19766,20516
19766,20517
19767,20518
19767,20519
19768,20520
19768,20521
19769,20522
19769,20523
19770,20089
19770,20090
19770,20091
19771,20524
19771,20525
19772,20526
19772,20527
19772,20528
19773,20529
19773,20530
19773,20531
19774,20532
19774,20533
19774,20534
19775,20535
19775,20536
19775,20537
19776,20538
19776,20539
19776,20540
19777,20541
19777,20542
19778,20543
19778,20544
19778,20545
19779,20546
19779,20547
19780,20548
19780,20549
19780,20550
19781,20551
19781,20552
19781,20553
19782,20554
19782,20555
19783,20556
19783,20557
19783,20558
19784,20559
19784,20560
19785,20561
19785,20562
19786,20563
19786,20564
19787,20565
19787,20566
19787,20567
19788,20568
19788,20569
19789,20570
19789,20571
19789,20572
19790,20573
19790,20574
19790,20575
19791,20576
19792,20577
19792,20578
19793,20579
19793,20580
19793,20581
19805,20092
19805,20093
19821,20094
19821,20095
19962,20096
19962,20097
20070,20607
20070,20608
20070,20609
20071,20610
20071,20611
20072,20612
20072,20613
20073,20614
20073,20615
20073,20616
20074,20617
20074,20618
20075,20619
20075,20620
20076,20621
20076,20622
20076,20623
20077,20624
20077,20625
20077,20626
20078,20627
20078,20628
20078,20629
20079,20630
20079,20631
20079,20632
20080,20633
20080,20634
20081,20635
20081,20636
20082,20637
20082,20638
20083,20639
20083,20640
20084,20641
20084,20642
20085,20643
20085,20644
20086,20645
20086,20646
20087,20647
20087,20648
20088,20649
20088,20650
20089,20651
20089,20652
20090,20653
20090,20654
20090,20655
20091,20656
20091,20657
20092,20658
20092,20659
20093,20660
20093,20661
20094,20662
20094,20663
20095,20664
20095,20665
20096,20666
20096,20667
20096,20668
20097,20582
20097,20583
20097,20584
20098,20669
20098,20670
20099,20671
20099,20672
20100,20673
20100,20674
20100,20675
20101,20676
20101,20677
20102,20678
20102,20679
20103,20680
20103,20681
20104,20682
20104,20683
20104,20684
20105,20685
20105,20686
20105,20687
20106,20688
20106,20689
20106,20690
20107,20691
20107,20692
20108,20693
20108,20694
20109,20695
20109,20696
20109,20697
20110,20698
20110,20699
20110,20700
20111,20585
20111,20586
20111,20587
20112,20701
20112,20702
20112,20703
20113,20704
20113,20705
20114,20706
20114,20707
20115,20708
20115,20709
20116,20710
20116,20711
20116,20712
20117,20713
20117,20714
20118,20715
20118,20716
20118,20717
20119,20718
20119,20719
20119,20720
20120,20721
20120,20722
20120,20723
20121,20724
20121,20725
20121,20726
20122,20727
20122,20728
20123,20729
20123,20730
20124,20731
20124,20732
20125,20733
20125,20734
20126,20588
20126,20589
20127,20590
20127,20591
20127,20592
20128,20735
20128,20736
20128,20737
20129,20738
20129,20739
20130,20740
20130,20741
20130,20742
20131,20743
20131,20744
20132,20745
20132,20746
20133,20747
20133,20748
20133,20749
20134,20750
20134,20751
20135,20752
20135,20753
20135,20754
20136,20755
20136,20756
20137,20757
20137,20758
20138,20759
20138,20760
20139,20761
20139,20762
20140,20763
20140,20764
20141,20765
20141,20766
20142,20767
20142,20768
20142,20769
20143,20770
20143,20771
20143,20772
20144,20773
20144,20774
20144,20775
20145,20776
20145,20777
20146,20778
20146,20779
20146,20780
20147,20781
20147,20782
20147,20783
20148,20784
20148,20785
20149,20786
20149,20787
20150,20788
20150,20789
20151,20790
20151,20791
20152,20792
20152,20793
20153,20794
20153,20795
20154,20593
20154,20594
20154,20595
20155,20796
20155,20797
20156,20798
20156,20799
20157,20800
20157,20801
20157,20802
20158,20803
20158,20804
20158,20805
20159,20783
20159,20806
20159,20807
20160,20808
20160,20809
20161,20810
20161,20811
20161,20812
20162,20813
20162,20814
20162,20815
20163,20816
20163,20817
20164,20818
20164,20819
20164,20820
20165,20821
20165,20822
20166,20823
20166,20824
20166,20825
20167,20826
20167,20827
20167,20828
20168,20829
20168,20830
20168,20831
20169,20832
20169,20833
20170,20834
20170,20835
20170,20836
20171,20837
20171,20838
20172,20839
20172,20840
20172,20841
20173,20842
20173,20843
20174,20844
20174,20845
20174,20846
20175,20847
20175,20848
20176,20824
20176,20849
20176,20850
20177,20851
20177,20852
20178,20853
20178,20854
20179,20855
20179,20856
20180,20857
20180,20858
20180,20859
20181,20860
20181,20861
20181,20862
20182,20863
20182,20864
20182,20865
20183,20866
20183,20867
20184,20868
20184,20869
20184,20870
20185,20871
20185,20872
20186,20666
20186,20873
20187,20874
20187,20869
20187,20875
20188,20596
20188,20597
20188,20598
20189,20876
20189,20877
20189,20878
20190,20879
20190,20880
20191,20881
20191,20882
20191,20883
20192,20884
20192,20885
20192,20886
20193,20887
20193,20888
20193,20889
20194,20890
20194,20891
20194,20892
20195,20893
20195,20894
20195,20895
20196,20896
20196,20897
20197,20898
20197,20899
20197,20900
20198,20901
20198,20902
20198,20903
20199,20904
20199,20905
20199,20906
20200,20907
20200,20908
20201,20909
20201,20910
20201,20911
20202,20912
20202,20913
20202,20914
20203,20915
20203,20916
20203,20917
20204,20918
20204,20919
20204,20920
20205,20921
20205,20922
20205,20923
20206,20924
20206,20925
20207,20926
20207,20927
20208,20928
20208,20929
20209,20930
20209,20931
20209,20932
20210,20933
20210,20934
20210,20935
20211,20936
20211,20937
20211,20938
20212,20939
20212,20940
20212,20941
20213,20942
20213,20943
20214,20944
20214,20897
20214,20945
20215,20946
20215,20947
20215,20948
20216,20949
20216,20950
20216,20951
20217,20952
20217,20953
20217,20954
20218,20955
20218,20956
20219,20957
20219,20958
20219,20959
20220,20960
20220,20961
20221,20962
20221,20963
20222,20964
20222,20965
20223,20966
20223,20967
20223,20968
20224,20969
20224,20913
20225,20970
20225,20971
20225,20972
20226,20973
20226,20974
20226,20612
20227,20975
20227,20976
20227,20977
20228,20978
20228,20979
20228,20980
20229,20981
20229,20982
20229,20983
20230,20984
20230,20985
20231,20986
20231,20987
20232,20988
20232,20989
20232,20990
20233,20991
20233,20992
20234,20993
20234,20994
20234,20995
20235,20996
20235,20997
20235,20998
20236,20999
20236,21000
20237,21001
20237,21002
20238,21003
20238,21004
20238,21005
20239,21006
20239,21007
20239,21008
20240,21009
20240,21010
20241,21011
20241,21012
20242,21013
20242,21014
20242,21015
20243,21016
20243,21017
20244,21018
20244,21019
20245,21020
20245,21021
20245,21022
20246,21023
20246,21024
20246,21025
20247,20599
20247,20600
20247,20601
20248,21026
20248,21027
20248,21028
20249,21029
20249,21030
20250,21031
20250,21032
20250,21033
20251,21034
20251,21035
20251,21036
20252,21037
20252,21038
20253,21039
20253,21040
20254,21041
20254,21042
20255,21043
20255,21044
20256,21045
20256,21046
20257,21047
20257,21048
20257,21049
20258,21050
20258,21051
20259,21052
20259,21053
20259,21054
20260,21055
20260,21056
20261,21057
20261,21058
20262,21059
20262,21060
20263,21061
20263,21062
20264,21063
20264,21064
20264,21065
20265,21066
20265,21058
20265,21067
20266,21068
20266,21069
20266,21070
20267,21071
20267,21072
20267,21073
20268,21074
20268,21075
20268,21076
20364,20602
20364,20603
20364,20604
20576,20605
20576,20606
20582,21096
20582,21097
20582,21098
20583,21099
20583,21100
20583,21101
20584,21102
20584,21103
20584,21104
20585,21105
20586,21106
20586,21107
20586,21108
20587,21109
20587,21110
20587,21111
20588,21112
20588,21113
20588,21114
20589,21115
20589,21116
20590,21117
20590,21118
20591,21119
20591,21120
20592,21121
20592,21122
20592,21123
20593,21124
20593,21125
20593,21126
20594,21127
20594,21128
20594,21129
20595,21130
20595,21131
20596,21132
20596,21133
20597,21134
20597,21135
20598,21136
20598,21137
20599,21138
20599,21139
20600,21140
20600,21141
20601,21142
20601,21143
20602,21144
20602,21145
20602,21146
20603,21147
20603,21148
20603,21149
20604,21150
20604,21151
20605,21152
20605,21153
20605,21154
20606,21155
20606,21156
20607,21157
20607,21158
20607,21159
20608,21160
20608,21161
20609,21162
20609,21163
20610,21164
20610,21165
20610,21166
20611,21167
20611,21168
20612,21077
20612,21078
20613,21169
20613,21170
20613,21171
20614,21172
20614,21173
20614,21174
20615,21175
20615,21176
20615,21177
20616,21178
20616,21179
20616,21180
20617,21181
20617,21182
20618,21183
20618,21184
20618,21185
20619,21186
20619,21187
20620,21188
20620,21189
20620,21190
20621,21191
20621,21192
20622,21193
20622,21194
20623,21195
20623,21196
20624,21197
20624,21198
20624,21199
20625,21200
20625,21201
20626,21202
20626,21203
20626,21204
20627,21205
20627,21206
20628,21207
20628,21208
20628,21209
20629,21210
20629,21211
20629,21212
20630,21213
20630,21214
20631,21215
20631,21216
20632,21217
20632,21218
20632,21219
20633,21220
20633,21221
20633,21222
20634,21223
20634,21224
20635,21225
20635,21226
20636,21227
20636,21228
20636,21229
20637,21230
20637,21231
20638,21232
20638,21233
20639,21234
20639,21235
20640,21236
20640,21237
20640,21238
20641,21239
20641,21240
20641,21241
20642,21242
20642,21243
20642,21244
20643,21245
20643,21246
20643,21247
20644,21248
20644,21249
20644,21250
20645,21251
20645,21252
20645,21253
20646,21254
20646,21255
20646,21256
20647,21257
20647,21258
20648,21259
20648,21260
20648,21261
20649,21262
20649,21263
20649,21264
20650,21265
20650,21266
20650,21267
20651,21268
20651,21269
20652,21270
20652,21271
20652,21272
20653,21273
20653,21274
20653,21275
20654,21276
20654,21277
20655,21278
20655,21279
20655,21280
20656,21281
20656,21282
20657,21283
20657,21284
20658,21285
20658,21286
20658,21287
20659,21288
20659,21289
20659,21290
20660,21291
20660,21292
20661,21293
20661,21294
20662,21295
20662,21296
20662,21297
20663,21298
20663,21299
20664,21300
20664,21301
20665,21302
20665,21303
20666,21079
20666,21080
20667,21304
20667,21305
20667,21306
20668,21307
20668,21308
20668,21309
20669,21310
20669,21311
20669,21312
20670,21313
20670,21314
20671,21315
20671,21316
20671,21317
20672,21318
20672,21319
20673,21320
20673,21321
20674,21322
20674,21323
20675,21324
20675,21325
20675,21326
20676,21327
20676,21328
20676,21329
20677,21330
20677,21331
20678,21332
20678,21333
20678,21334
20679,21335
20679,21336
20679,21337
20680,21338
20680,21339
20680,21340
20681,21341
20681,21342
20681,21343
20682,21344
20682,21345
20682,21346
20683,21347
20683,21348
20684,21349
20684,21350
20685,21351
20685,21352
20685,21353
20686,21354
20686,21355
20686,21356
20687,21357
20687,21358
20687,21359
20688,21360
20688,21361
20689,21362
20689,21363
20690,21364
20690,21365
20690,21366
20691,21367
20691,21368
20691,21369
20692,21370
20692,21371
20692,21372
20693,21373
20693,21374
20694,21375
20694,21376
20694,21377
20695,21378
20695,21379
20695,21380
20696,21381
20696,21382
20697,21383
20697,21384
20698,21385
20698,21386
20699,21387
20699,21388
20699,21389
20700,21390
20700,21391
20701,21392
20701,21393
20701,21394
20702,21395
20702,21396
20703,21397
20703,21398
20703,21399
20704,21400
20704,21401
20705,21402
20705,21403
20705,21404
20706,21405
20706,21406
20706,21407
20707,21408
20707,21409
20708,21410
20708,21411
20708,21412
20709,21413
20709,21414
20709,21415
20710,21416
20710,21417
20711,21418
20711,21419
20712,21420
20712,21421
20712,21422
20713,21423
20713,21424
20714,21425
20714,21426
20715,21427
20715,21428
20716,21429
20716,21430
20716,21431
20717,21432
20717,21433
20717,21434
20718,21435
20718,21436
20718,21437
20719,21438
20719,21439
20719,21440
20720,21441
20720,21442
20720,21443
20721,21444
20721,21445
20722,21446
20722,21447
20722,21448
20723,21449
20723,21450
20724,21451
20724,21452
20725,21453
20725,21454
20725,21455
20726,21456
20726,21457
20726,21458
20727,21459
20727,21460
20728,21461
20728,21462
20729,21463
20729,21464
20729,21465
20730,21466
20730,21467
20730,21468
20731,21469
20731,21470
20731,21471
20732,21472
20732,21473
20733,21474
20733,21475
20733,21476
20734,21477
20734,21478
20735,21479
20735,21480
20735,21481
20736,21482
20736,21483
20737,21484
20737,21485
20737,21486
20738,21487
20738,21488
20738,21489
20739,21490
20739,21491
20740,21492
20740,21493
20741,21494
20741,21495
20742,21496
20742,21497
20742,21498
20743,21499
20743,21500
20744,21419
20744,21501
20744,21502
20745,21503
20745,21504
20745,21505
20746,21506
20746,21507
20747,21508
20747,21509
20747,21510
20748,21511
20748,21512
20748,21513
20749,21514
20749,21515
20749,21516
20750,21517
20750,21518
20750,21519
20751,21520
20751,21521
20751,21522
20752,21167
20752,21523
20753,21524
20753,21525
20753,21526
20754,21527
20754,21528
20755,21529
20755,21530
20755,21531
20756,21532
20756,21533
20756,21534
20757,21535
20757,21536
20757,21537
20758,21538
20758,21539
20759,21540
20759,21541
20760,21542
20760,21543
20761,21544
20761,21545
20762,21546
20762,21547
20762,21548
20763,21549
20763,21550
20763,21551
20764,21552
20764,21553
20764,21554
20765,21555
20765,21556
20766,21557
20766,21558
20767,21559
20767,21560
20767,21561
20768,21562
20768,21563
20769,21564
20769,21565
20769,21566
20770,21567
20770,21568
20771,21569
20771,21570
20771,21571
20772,21572
20772,21573
20772,21574
20773,21575
20773,21576
20773,21577
20774,21578
20774,21579
20775,21580
20775,21300
20775,21581
20776,21582
20776,21583
20783,21081
20783,21082
20783,21083
20824,21084
20824,21085
20869,21086
20869,21087
20869,21088
20897,21089
20897,21090
20913,21091
20913,21092
20913,21093
21058,21094
21058,21095
21077,21594
21077,21595
21078,21596
21078,21597
21078,21598
21079,21599
21079,21600
21080,21601
21080,21602
21080,21603
21081,21604
21081,21605
21082,21606
21082,21607
21082,21608
21083,21609
21083,21610
21084,21611
21084,21612
21085,21613
21085,21614
21085,21615
21086,21616
21086,21617
21087,21618
21087,21619
21088,21620
21088,21621
21088,21596
21089,21622
21089,21623
21090,21624
21090,21625
21090,21626
21091,21627
21091,21628
21092,21629
21092,21630
21093,21631
21093,21632
21094,21633
21094,21634
21094,21635
21095,21636
21095,21637
21096,21638
21096,21639
21096,21640
21097,21641
21097,21642
21098,21643
21098,21644
21098,21645
21099,21646
21099,21647
21099,21648
21100,21649
21100,21650
21100,21651
21101,21652
21101,21653
21101,21654
21102,21655
21102,21656
21103,21657
21103,21658
21103,21659
21104,21660
21104,21661
21105,21584
21105,21585
21105,21586
21106,21662
21106,21663
21106,21664
21107,21665
21107,21666
21108,21667
21108,21668
21108,21669
21109,21670
21109,21671
21109,21672
21110,21673
21110,21674
21110,21675
21111,21676
21111,21677
21112,21678
21112,21679
21112,21680
21113,21681
21113,21682
21114,21683
21114,21684
21114,21685
21115,21686
21115,21687
21115,21688
21116,21689
21116,21690
21117,21691
21117,21692
21117,21693
21118,21694
21118,21695
21119,21696
21119,21697
21120,21698
21120,21699
21120,21700
21121,21701
21121,21702
21121,21703
21122,21704
21122,21705
21122,21706
21123,21707
21123,21708
21124,21709
21124,21710
21125,21711
21125,21712
21126,21713
21126,21714
21126,21715
21127,21716
21127,21717
21128,21718
21128,21719
21129,21720
21129,21721
21130,21722
21130,21723
21130,21724
21131,21725
21131,21726
21132,21727
21132,21728
21132,21729
21133,21730
21133,21731
21133,21732
21134,21733
21134,21734
21135,21735
21135,21736
21136,21737
21136,21738
21136,21739
21137,21740
21137,21741
21138,21742
21138,21743
21139,21744
21139,21745
21140,21746
21140,21747
21141,21748
21141,21749
21141,21750
21142,21751
21142,21752
21143,21753
21143,21754
21143,21755
21144,21756
21144,21757
21145,21758
21145,21759
21145,21760
21146,21761
21146,21762
21147,21763
21147,21764
21148,21765
21148,21766
21149,21767
21149,21768
21149,21769
21150,21770
21150,21771
21150,21772
21151,21773
21151,21774
21151,21775
21152,21776
21152,21777
21152,21778
21153,21779
21153,21780
21154,21781
21154,21782
21155,21783
21155,21784
21155,21785
21156,21786
21156,21787
21157,21788
21157,21789
21157,21790
21158,21791
21158,21792
21158,21793
21159,21794
21159,21795
21160,21796
21160,21797
21160,21798
21161,21799
21161,21800
21161,21801
21162,21802
21162,21803
21162,21804
21163,21805
21163,21806
21164,21807
21164,21808
21165,21809
21165,21810
21165,21811
21166,21812
21166,21813
21167,21587
21167,21588
21167,21589
21168,21814
21168,21815
21168,21816
21169,21817
21169,21818
21170,21819
21170,21820
21171,21821
21171,21822
21171,21823
21172,21824
21172,21825
21172,21826
21173,21827
21173,21828
21174,21829
21174,21830
21174,21831
21175,21832
21175,21833
21176,21834
21176,21835
21176,21836
21177,21837
21177,21838
21178,21839
21178,21840
21178,21841
21179,21842
21179,21843
21179,21844
21180,21845
21180,21846
21181,21847
21181,21848
21182,21849
21182,21850
21182,21851
21183,21852
21183,21853
21184,21854
21184,21855
21184,21856
21185,21857
21185,21858
21185,21859
21186,21860
21186,21861
21187,21862
21187,21863
21188,21864
21188,21865
21189,21866
21189,21867
21190,21868
21190,21869
21190,21870
21191,21871
21191,21872
21191,21873
21192,21874
21192,21875
21193,21876
21193,21877
21193,21878
21194,21879
21194,21880
21194,21881
21195,21882
21195,21883
21195,21884
21196,21885
21196,21886
21196,21887
21197,21888
21197,21889
21197,21890
21198,21891
21198,21892
21199,21893
21199,21894
21199,21895
21200,21896
21200,21897
21201,21898
21201,21899
21201,21900
21202,21901
21202,21902
21202,21903
21203,21904
21203,21905
21203,21906
21204,21907
21204,21908
21204,21909
21205,21910
21205,21911
21205,21912
21206,21913
21206,21914
21207,21915
21207,21916
21208,21917
21208,21918
21208,21919
21209,21920
21209,21921
21209,21922
21210,21591
21210,21923
21211,21924
21211,21925
21212,21926
21212,21927
21213,21928
21213,21929
21213,21930
21214,21931
21214,21932
21214,21933
21215,21934
21215,21935
21215,21936
21216,21937
21216,21938
21217,21939
21217,21940
21218,21941
21218,21942
21219,21943
21219,21944
21220,21945
21220,21946
21220,21947
21221,21948
21221,21949
21222,21950
21222,21951
21223,21952
21223,21953
21224,21954
21224,21955
21224,21956
21225,21811
21225,21957
21225,21958
21226,21959
21226,21960
21227,21961
21227,21962
21228,21963
21228,21964
21228,21965
21229,21966
21229,21967
21230,21968
21230,21969
21230,21970
21231,21971
21231,21972
21231,21973
21232,21974
21232,21975
21233,21976
21233,21977
21234,21978
21234,21979
21235,21980
21235,21981
21235,21982
21236,21983
21236,21984
21237,21985
21237,21986
21238,21987
21238,21988
21238,21989
21239,21990
21239,21991
21239,21992
21240,21993
21240,21994
21241,21995
21241,21996
21241,21997
21242,21998
21242,21999
21243,22000
21243,22001
21244,22002
21244,22003
21244,22004
21245,22005
21245,22006
21246,22007
21246,22008
21247,22009
21247,22010
21248,22011
21248,22012
21248,22013
21249,22014
21249,22015
21249,22016
21250,22017
21250,22018
21251,22019
21251,22020
21251,22021
21252,22022
21252,22023
21252,22024
21253,22025
21253,22026
21254,22027
21254,22028
21254,22029
21255,22030
21255,22031
21256,21877
21256,22032
21256,22033
21257,22034
21257,22035
21257,22036
21258,22037
21258,22038
21259,22039
21259,22040
21260,22041
21260,22042
21260,22043
21261,22044
21261,22045
21262,22046
21262,22047
21262,22048
21263,22049
21263,22050
21263,22051
21264,21887
21264,22052
21265,22053
21265,22054
21265,22055
21266,22056
21266,22057
21266,22058
21267,22059
21267,22060
21267,22061
21268,22062
21268,22063
21268,22064
21269,22065
21269,22066
21269,22067
21270,22068
21270,22069
21270,22070
21271,22071
21271,22072
21271,22073
21272,22074
21272,22075
21273,22076
21273,22077
21274,22078
21274,22079
21274,22080
21275,22081
21275,22082
21300,21590
21300,21591
21419,21592
21419,21593
21584,22102
21584,22103
21585,22104
21585,22105
21585,22106
21586,22107
21586,22108
21587,22109
21587,22110
21588,22111
21588,22112
21589,22113
21589,22114
21589,22115
21590,22116
21590,22117
21590,22118
21591,22083
21591,22084
21591,22085
21592,22119
21592,22120
21592,22121
21593,22122
21593,22123
21593,22124
21594,22125
21594,22126
21595,22127
21595,22128
21595,22129
21596,22086
21596,22087
21597,22130
21597,22131
21598,22132
21598,22133
21598,22134
21599,22135
21599,22136
21600,22137
21600,22138
21601,22139
21601,22140
21601,22141
21602,22142
21602,22143
21603,22144
21603,22145
21603,22146
21604,22147
21604,22148
21605,22149
21605,22150
21605,22151
21606,22152
21606,22153
21607,22154
21607,22155
21608,22156
21608,22157
21609,22158
21609,22159
21609,22160
21610,22161
21610,22162
21610,22163
21611,22164
21611,22165
21612,22166
21612,22167
21612,22168
21613,22169
21613,22170
21613,22171
21614,22172
21614,22173
21615,22174
21615,22175
21615,22176
21616,22088
21616,22089
21617,22177
21617,22178
21618,22179
21618,22180
21619,22181
21619,22182
21620,22183
21620,22184
21620,22185
21621,22186
21621,22187
21621,22188
21622,22189
21622,22190
21623,22191
21623,22192
21623,22193
21624,22194
21624,22195
21625,22196
21625,22197
21625,22198
21626,22199
21626,22200
21626,22201
21627,22202
21627,22203
21628,22204
21628,22205
21629,22206
21629,22207
21630,22208
21630,22209
21630,22210
21631,22211
21631,22212
21631,22213
21632,22214
21632,22215
21632,22216
21633,22217
21633,22218
21634,22219
21634,22220
21635,22221
21635,22222
21636,22223
21636,22224
21636,22225
21637,22226
21637,22227
21638,22228
21638,22229
21639,22230
21639,22231
21639,22232
21640,22233
21640,22234
21641,22235
21641,22236
21642,22237
21642,22238
21643,22239
21643,22240
21644,22241
21644,22242
21645,22243
21645,22244
21645,22245
21646,22246
21646,22247
21646,22248
21647,22249
21647,22250
21647,22251
21648,22252
21648,22253
21648,22254
21649,22255
21649,22256
21650,22257
21650,22258
21650,22259
21651,22260
21651,22261
21652,22113
21652,22262
21652,22263
21653,22264
21653,22265
21654,22266
21654,22267
21655,22268
21655,22269
21655,22270
21656,22271
21656,22272
21657,22273
21657,22274
21658,22275
21658,22276
21658,22277
21659,22278
21659,22279
21659,22280
21660,22281
21660,22282
21660,22283
21661,22284
21661,22285
21661,22286
21662,22287
21662,22288
21663,22289
21663,22290
21664,22291
21664,22292
21665,22293
21665,22294
21666,22295
21666,22296
21666,22297
21667,22298
21667,22299
21668,22300
21668,22301
21669,22302
21669,22303
21670,22304
21670,22305
21670,22306
21671,22307
21671,22308
21671,22309
21672,22310
21672,22311
21673,22312
21673,22313
21673,22314
21674,22315
21674,22316
21675,22317
21675,22318
21675,22319
21676,22320
21676,22321
21676,22322
21677,22323
21677,22324
21678,22325
21678,22326
21679,22327
21679,22328
21680,22329
21680,22330
21681,22331
21681,22332
21681,22333
21682,22334
21682,22335
21682,22336
21683,22337
21683,22338
21684,22339
21684,22340
21684,22341
21685,22342
21685,22343
21685,22344
21686,22345
21686,22346
21686,22347
21687,22348
21687,22349
21688,22350
21688,22351
21689,22352
21689,22353
21689,22354
21690,22355
21690,22356
21690,22357
21691,22358
21691,22359
21691,22360
21692,22361
21692,22362
21692,22363
21693,22364
21693,22365
21694,22366
21694,22367
21695,22368
21695,22369
21695,22370
21696,22371
21696,22372
21697,22373
21697,22374
21697,22375
21698,22376
21698,22377
21698,22378
21699,22379
21699,22380
21700,22381
21700,22382
21700,22383
21701,22332
21701,22384
21701,22385
21702,22386
21702,22387
21702,22388
21703,22389
21703,22390
21704,22391
21704,22392
21704,22393
21705,22394
21705,22395
21706,22396
21706,22397
21707,22398
21707,22399
21708,22400
21708,22401
21708,22402
21709,22403
21709,22404
21710,22405
21710,22406
21711,22407
21711,22408
21711,22409
21712,22410
21712,22411
21713,22412
21713,22413
21713,22414
21714,22415
21714,22416
21714,22417
21715,22418
21715,22419
21716,22420
21716,22421
21716,22422
21717,22423
21717,22424
21718,22425
21718,22426
21719,22427
21719,22428
21720,22429
21720,22430
21721,22431
21721,22432
21722,22433
21722,22434
21722,22435
21723,22436
21723,22437
21723,22438
21724,22439
21724,22440
21724,22441
21725,22442
21725,22443
21726,22444
21726,22445
21727,22446
21727,22447
21727,22448
21728,22449
21728,22450
21729,22451
21729,22452
21729,22453
21730,22454
21730,22455
21730,22456
21731,22457
21731,22458
21732,22459
21732,22460
21733,22461
21733,22462
21733,22463
21734,22464
21734,22465
21734,22466
21735,22467
21735,22468
21736,22469
21736,22470
21737,22471
21737,22472
21738,22473
21738,22474
21739,22475
21739,22476
21740,22477
21740,22478
21740,22479
21741,22480
21741,22481
21741,22482
21742,22483
21742,22484
21743,22485
21743,22486
21743,22487
21744,22488
21744,22489
21745,22490
21745,22491
21746,22492
21746,22493
21746,22494
21747,22495
21747,22496
21747,22497
21748,22498
21748,22499
21748,22500
21749,22501
21749,22502
21750,22503
21750,22504
21750,22505
21751,22506
21751,22507
21751,22508
21752,22509
21752,22510
21753,22511
21753,22512
21754,22513
21754,22514
21755,22515
21755,22516
21755,22517
21756,22518
21756,22519
21757,22520
21757,22521
21758,22522
21758,22523
21758,22524
21759,22525
21759,22526
21759,22527
21760,22528
21760,22529
21760,22530
21761,22531
21761,22532
21762,22533
21762,22534
21763,22535
21763,22536
21763,22537
21764,22538
21764,22539
21764,22540
21765,22541
21765,22542
21766,22543
21766,22544
21767,22545
21767,22546
21768,22547
21768,22548
21769,22549
21769,22550
21770,22551
21770,22552
21770,22553
21771,22554
21771,22555
21771,22556
21772,22557
21772,22558
21773,22559
21773,22560
21774,22561
21774,22562
21774,22563
21775,22564
21775,22565
21775,22566
21776,22567
21776,22568
21776,22569
21777,22570
21777,22571
21778,22572
21778,22573
21778,22574
21779,22575
21779,22576
21779,22577
21807,22090
21807,22091
21807,22092
21811,22093
21811,22094
21811,22095
21877,22096
21877,22097
21887,22098
21887,22099
22037,22100
22037,22101
22083,22588
22083,22589
22084,22590
22084,22591
22085,22592
22085,22593
22086,22594
22086,22595
22086,22596
22087,22597
22087,22598
22087,22599
22088,22600
22088,22601
22088,22602
22089,22603
22089,22604
22090,22605
22090,22606
22090,22607
22091,22608
22091,22609
22092,22610
22092,22611
22093,22612
22093,22613
22093,22614
22094,22615
22094,22616
22094,22617
22095,22618
22095,22619
22096,22620
22096,22621
22096,22622
22097,22623
22097,22624
22098,22625
22098,22626
22099,22627
22099,22628
22100,22629
22100,22630
22101,22631
22101,22632
22102,22633
22102,22634
22103,22635
22103,22636
22103,22637
22104,22638
22104,22639
22105,22640
22105,22641
22106,22642
22106,22643
22106,22644
22107,22645
22107,22646
22108,22647
22108,22648
22108,22649
22109,22650
22109,22651
22109,22652
22110,22653
22110,22654
22110,22655
22111,22656
22111,22657
22111,22658
22112,22659
22112,22660
22113,22578
22113,22579
22114,22661
22114,22662
22115,22663
22115,22664
22116,22665
22116,22666
22116,22667
22117,22668
22117,22669
22117,22670
22118,22671
22118,22672
22119,22673
22119,22674
22119,22675
22120,22676
22120,22677
22121,22678
22121,22679
22122,22680
22122,22681
22123,22682
22123,22683
22123,22684
22124,22685
22124,22686
22125,22580
22125,22581
22126,22687
22126,22688
22126,22689
22127,22690
22127,22602
22127,22691
22128,22692
22128,22693
22129,22694
22129,22695
22130,22696
22130,22697
22131,22698
22131,22699
22131,22700
22132,22701
22132,22702
22132,22703
22133,22704
22133,22705
22134,22706
22134,22707
22134,22708
22135,22709
22135,22710
22136,22711
22136,22712
22136,22713
22137,22714
22137,22715
22137,22716
22138,22717
22138,22660
22139,22718
22139,22719
22139,22720
22140,22721
22140,22722
22141,22723
22141,22724
22141,22725
22142,22726
22142,22727
22142,22728
22143,22729
22143,22730
22144,22731
22144,22732
22144,22733
22145,22734
22145,22735
22146,22736
22146,22737
22146,22738
22147,22739
22147,22740
22147,22741
22148,22742
22148,22743
22149,22744
22149,22745
22149,22746
22150,22747
22150,22748
22150,22749
22151,22750
22151,22751
22151,22752
22152,22753
22152,22754
22152,22755
22153,22756
22153,22757
22153,22758
22154,22759
22154,22760
22155,22761
22155,22762
22156,22763
22156,22764
22156,22765
22157,22766
22157,22767
22158,22768
22158,22769
22159,22770
22159,22771
22160,22772
22160,22773
22161,22774
22161,22775
22161,22776
22162,22777
22162,22778
22162,22779
22163,22780
22163,22781
22164,22782
22164,22783
22165,22784
22165,22785
22165,22786
22166,22787
22166,22788
22166,22789
22167,22790
22167,22791
22168,22792
22168,22793
22168,22794
22169,22795
22169,22796
22170,22797
22170,22798
22170,22799
22171,22800
22171,22801
22172,22802
22172,22803
22173,22804
22173,22805
22173,22806
22174,22807
22174,22808
22174,22809
22175,22810
22175,22811
22175,22812
22176,22813
22176,22814
22176,22815
22177,22816
22177,22817
22177,22818
22178,22819
22178,22820
22178,22821
22179,22822
22179,22823
22179,22824
22180,22825
22180,22826
22180,22827
22181,22828
22181,22829
22182,22830
22182,22831
22182,22832
22183,22833
22183,22834
22184,22835
22184,22836
22185,22837
22185,22838
22186,22839
22186,22840
22186,22841
22187,22842
22187,22843
22187,22844
22188,22845
22188,22846
22189,22847
22189,22848
22190,22849
22190,22850
22190,22851
22191,22852
22191,22853
22192,22854
22192,22855
22193,22856
22193,22857
22194,22858
22194,22859
22195,22860
22195,22861
22196,22862
22196,22863
22197,22864
22197,22865
22198,22866
22198,22867
22198,22868
22199,22869
22199,22870
22200,22871
22200,22872
22200,22873
22201,22874
22201,22875
22201,22876
22202,22877
22202,22878
22203,22879
22203,22880
22204,22881
22204,22882
22204,22883
22205,22884
22205,22885
22206,22886
22206,22887
22207,22888
22207,22889
22207,22890
22208,22891
22208,22892
22208,22893
22209,22894
22209,22895
22210,22896
22210,22897
22211,22898
22211,22899
22211,22900
22212,22901
22212,22902
22212,22903
22213,22904
22213,22905
22213,22906
22214,22907
22214,22908
22214,22909
22215,22910
22215,22911
22215,22912
22216,22913
22216,22914
22216,22915
22217,22916
22217,22917
22218,22918
22218,22919
22218,22920
22219,22921
22219,22922
22220,22923
22220,22924
22221,22925
22221,22926
22221,22927
22222,22928
22222,22929
22222,22930
22223,22931
22223,22932
22223,22933
22224,22934
22224,22935
22224,22936
22225,22937
22225,22938
22225,22939
22226,22940
22226,22941
22227,22942
22227,22943
22227,22944
22228,22945
22228,22946
22229,22947
22229,22948
22229,22949
22230,22950
22230,22951
22230,22952
22231,22953
22231,22954
22231,22955
22232,22956
22232,22957
22232,22958
22233,22959
22233,22960
22233,22961
22234,22962
22234,22963
22235,22964
22235,22965
22235,22966
22236,22967
22236,22968
22237,22969
22237,22970
22238,22971
22238,22972
22239,22973
22239,22974
22240,22975
22240,22976
22240,22977
22241,22978
22241,22979
22241,22980
22242,22981
22242,22982
22243,22983
22243,22984
22243,22985
22244,22986
22244,22987
22245,22988
22245,22989
22246,22990
22246,22991
22246,22992
22247,22993
22247,22994
22248,22995
22248,22996
22248,22997
22249,22998
22249,22976
22250,22999
22250,23000
22250,23001
22251,23002
22251,23003
22251,23004
22252,23005
22252,23006
22252,23007
22253,23008
22253,23009
22254,23010
22254,23011
22255,23012
22255,23013
22256,23014
22256,23015
22256,23016
22257,23017
22257,23018
22257,23019
22258,23020
22258,23021
22258,23022
22259,23023
22259,23024
22260,23025
22260,23026
22261,23027
22261,23028
22261,23029
22262,23030
22262,23031
22263,23032
22263,23033
22263,23034
22264,23035
22264,23036
22264,23037
22265,23038
22265,23039
22266,23040
22266,23041
22266,23042
22267,23043
22267,23044
22268,23045
22268,22886
22269,23046
22269,23047
22269,23048
22270,22905
22270,22884
22271,23049
22271,23050
22271,22612
22272,23051
22272,23052
22272,23053
22273,23054
22273,23055
22274,23056
22274,23057
22275,23058
22275,23059
22276,23060
22276,23061
22277,22972
22277,23062
22277,23063
22278,23064
22278,23065
22279,23066
22279,23067
22280,23068
22280,23069
22281,23070
22281,23071
22332,22582
22332,22583
22332,22584
22473,22585
22473,22586
22473,22587
22578,23097
22578,23098
22579,23099
22579,23100
22580,23101
22580,23102
22581,23103
22581,23104
22581,23105
22582,23106
22582,23107
22582,23108
22583,23109
22583,23110
22584,23111
22584,23112
22584,23113
22585,23114
22586,23115
22586,23116
22587,23117
22587,23118
22588,23119
22588,23120
22588,23121
22589,23122
22589,23123
22590,23124
22590,23125
22590,23126
22591,23127
22591,23128
22592,23129
22592,23130
22592,23131
22593,23132
22593,23133
22593,23134
22594,23072
22594,23135
22595,23136
22595,23137
22595,23138
22596,23139
22596,23140
22597,23141
22597,23142
22598,23143
22598,23144
22598,23145
22599,23146
22599,23147
22599,23148
22600,23149
22600,23150
22601,23151
22601,23152
22602,23072
22602,23073
22603,23153
22603,23154
22603,23155
22604,23156
22604,23157
22604,23158
22605,23159
22605,23160
22606,23161
22606,23162
22607,23163
22607,23164
22607,23165
22608,23166
22608,23167
22608,23168
22609,23169
22609,23170
22610,23171
22610,23172
22610,23173
22611,23174
22611,23175
22611,23176
22612,23074
22612,23075
22612,23076
22613,23177
22613,23178
22614,23179
22614,23180
22615,23181
22615,23182
22615,23183
22616,23184
22616,23185
22617,23186
22617,23187
22617,23188
22618,23189
22618,23190
22619,23191
22619,23192
22620,23193
22620,23194
22621,23195
22621,23196
22621,23197
22622,23198
22622,23199
22623,23200
22623,23201
22624,23202
22624,23203
22625,23204
22625,23205
22625,23206
22626,23207
22626,23208
22627,23209
22627,23210
22627,23211
22628,23212
22628,23213
22628,23214
22629,23215
22629,23216
22629,23217
22630,23218
22630,23219
22630,23220
22631,23221
22631,23222
22631,23223
22632,23224
22632,23225
22632,23226
22633,23227
22633,23228
22634,23229
22634,23230
22634,23231
22635,23232
22635,23233
22635,23234
22636,23235
22636,23236
22636,23237
22637,23238
22637,23239
22638,23240
22638,23241
22639,23242
22639,23243
22639,23244
22640,23077
22640,23078
22641,23245
22641,23246
22641,23247
22642,23248
22642,23249
22642,23250
22643,23251
22643,23252
22643,23253
22644,23254
22644,23255
22644,23256
22645,23257
22645,23258
22645,23259
22646,23260
22646,23261
22647,23262
22647,23263
22648,23264
22648,23265
22648,23266
22649,23267
22649,23268
22650,23269
22650,23270
22651,23271
22651,23272
22652,23273
22652,23274
22653,23275
22653,23276
22654,23277
22654,23278
22655,23279
22655,23280
22655,23281
22656,23282
22656,23135
22657,23283
22657,23284
22658,23285
22658,23286
22659,23287
22659,23288
22659,23289
22660,23079
22660,23080
22660,23081
22661,23290
22661,23291
22662,23292
22662,23293
22662,23294
22663,23295
22663,23296
22664,23297
22664,23298
22665,23299
22665,23300
22665,23301
22666,23302
22666,23303
22666,23304
22667,23305
22667,23306
22667,23307
22668,23308
22668,23309
22668,23310
22669,23073
22669,23311
22669,23312
22670,23313
22670,23314
22671,23315
22671,23316
22672,23317
22672,23318
22673,23319
22673,23320
22673,23321
22674,23322
22674,23323
22674,23324
22675,23325
22675,23326
22676,23327
22676,23328
22676,23329
22677,23330
22677,23331
22678,23332
22678,23333
22679,23334
22679,23335
22679,23336
22680,23337
22680,23338
22681,23339
22681,23340
22681,23341
22682,23342
22682,23343
22682,23344
22683,23345
22683,23346
22683,23347
22684,23348
22684,23349
22685,23350
22685,23351
22686,23352
22686,23353
22686,23354
22687,23355
22687,23356
22688,23357
22688,23358
22689,23359
22689,23360
22690,23361
22690,23362
22690,23363
22691,23364
22691,23285
22691,23365
22692,23366
22692,23367
22693,23368
22693,23369
22694,23370
22694,23371
22694,23372
22695,23373
22695,23374
22696,23375
22696,23376
22697,23377
22697,23378
22698,23379
22698,23380
22698,23083
22699,23376
22699,23072
22700,23381
22700,23382
22700,23383
22701,23384
22701,23385
22702,23386
22702,23387
22702,23388
22703,23389
22703,23375
22704,23390
22704,23391
22704,23392
22705,23393
22705,23394
22705,23395
22706,23396
22706,23397
22707,23398
22707,23399
22707,23214
22708,23400
22708,23401
22708,23402
22709,23403
22709,23404
22710,23405
22710,23406
22710,23407
22711,23408
22711,23409
22712,23410
22712,23411
22712,23412
22713,23413
22713,23414
22714,23415
22714,23416
22715,23417
22715,23418
22715,23419
22716,23420
22716,23421
22717,23422
22717,23423
22718,23424
22718,23425
22719,23426
22719,23427
22719,23428
22720,23429
22720,23430
22721,23431
22721,23432
22721,23433
22722,23434
22722,23435
22722,23436
22723,23437
22723,23438
22723,23439
22724,23440
22724,23441
22725,23442
22725,23443
22726,23444
22726,23445
22727,23446
22727,23447
22727,23448
22728,23449
22728,23450
22729,23451
22729,23452
22729,23453
22730,23454
22730,23455
22730,23456
22731,23457
22731,23458
22732,23459
22732,23460
22732,23461
22733,23462
22733,23463
22733,23464
22734,23465
22734,23466
22735,23467
22735,23468
22736,23469
22736,23470
22736,23471
22737,23472
22737,23473
22738,23474
22738,23475
22739,23476
22739,23477
22739,23478
22740,23479
22740,23202
22741,23480
22741,23481
22742,23482
22742,23483
22742,23484
22743,23485
22743,23486
22744,23487
22744,23488
22745,23489
22745,23490
22746,23491
22746,23492
22747,23493
22747,23494
22748,23495
22748,23496
22748,23497
22749,23498
22749,23499
22749,23500
22750,23501
22750,23502
22751,23503
22751,23504
22751,23505
22752,23506
22752,23507
22753,23508
22753,23509
22754,23510
22754,23511
22754,23512
22755,23513
22755,23514
22755,23515
22756,23516
22756,23517
22756,23518
22757,23519
22757,23520
22757,23521
22758,23522
22758,23523
22759,23524
22759,23525
22759,23526
22760,23527
22760,23528
22760,23529
22761,23530
22761,23531
22762,23532
22762,23533
22762,23170
22763,23534
22763,23535
22763,23536
22764,23537
22764,23538
22765,23539
22765,23540
22765,23541
22766,23542
22766,23543
22767,23544
22767,23545
22767,23546
22768,23547
22768,23548
22768,23549
22769,23550
22769,23551
22769,23552
22770,23553
22770,23554
22770,23555
22771,23556
22771,23557
22771,23558
22772,23559
22772,23560
22772,23561
22854,23082
22854,23083
22884,23084
22884,23085
22886,23086
22886,23087
22886,23088
22905,23089
22905,23090
22905,23091
22972,23092
22972,23093
22972,23094
22976,23095
22976,23096
23072,23562
23072,23563
23072,23564
23073,23565
23073,23566
23073,23567
23074,23590
23074,23591
23075,23592
23075,23593
23076,23594
23076,23595
23076,23596
23077,23597
23077,23598
23077,23599
23078,23600
23078,23601
23078,23602
23079,23603
23079,23604
23079,23605
23080,23606
23080,23607
23081,23608
23081,23609
23081,23610
23082,23611
23082,23612
23082,23613
23083,23568
23083,23569
23083,23570
23084,23614
23084,23615
23084,23616
23085,23617
23085,23618
23085,23619
23086,23620
23086,23621
23086,23622
23087,23623
23087,23624
23088,23625
23088,23626
23089,23627
23089,23628
23089,23629
23090,23630
23090,23631
23090,23632
23091,23633
23091,23634
23092,23635
23092,23636
23092,23637
23093,23638
23093,23639
23093,23640
23094,23641
23094,23642
23094,23643
23095,23644
23095,23645
23096,23646
23096,23647
23096,23648
23097,23649
23097,23650
23098,23651
23098,23652
23099,23653
23099,23654
23100,23655
23100,23656
23100,23657
23101,23658
23101,23659
23102,23660
23102,23661
23103,23662
23103,23663
23103,23664
23104,23665
23104,23666
23104,23667
23105,23668
23105,23669
23105,23670
23106,23671
23106,23672
23107,23673
23107,23674
23108,23675
23108,23676
23109,23677
23109,23678
23109,23679
23110,23680
23110,23681
23111,23682
23111,23683
23111,23684
23112,23685
23112,23686
23112,23687
23113,23688
23113,23689
23114,23571
23114,23572
23114,23573
23115,23690
23115,23691
23115,23692
23116,23693
23116,23694
23116,23695
23117,23696
23117,23697
23118,23698
23118,23699
23119,23700
23119,23701
23119,23702
23120,23703
23120,23704
23120,23705
23121,23706
23121,23707
23121,23708
23122,23709
23122,23710
23122,23711
23123,23712
23123,23713
23124,23714
23124,23715
23125,23716
23125,23717
23126,23718
23126,23719
23127,23720
23127,23721
23128,23722
23128,23723
23128,23724
23129,23725
23129,23726
23130,23727
23130,23728
23131,23729
23131,23730
23132,23731
23132,23732
23133,23733
23133,23734
23134,23735
23134,23736
23134,23737
23135,23574
23135,23575
23135,23576
23136,23738
23136,23739
23137,23740
23137,23741
23138,23742
23138,23743
23138,23744
23139,23745
23139,23746
23140,23747
23140,23748
23141,23749
23141,23750
23142,23751
23142,23752
23142,23753
23143,23754
23143,23755
23143,23756
23144,23757
23144,23758
23144,23759
23145,23760
23145,23761
23145,23762
23146,23763
23146,23764
23147,23765
23147,23766
23147,23767
23148,23768
23148,23769
23149,23770
23149,23771
23150,23772
23150,23773
23151,23774
23151,23775
23151,23776
23152,23777
23152,23778
23153,23779
23153,23780
23154,23781
23154,23782
23155,23783
23155,23784
23156,23785
23156,23786
23156,23787
23157,23788
23157,23789
23157,23790
23158,23791
23158,23792
23159,23793
23159,23794
23160,23795
23160,23796
23161,23797
23161,23798
23161,23799
23162,23800
23162,23801
23162,23802
23163,23803
23163,23804
23164,23805
23164,23806
23165,23807
23165,23808
23166,23809
23166,23810
23167,23811
23167,23812
23167,23813
23168,23814
23168,23815
23168,23816
23169,23817
23169,23818
23170,23577
23170,23578
23171,23819
23171,23820
23171,23821
23172,23822
23172,23823
23172,23824
23173,23825
23173,23826
23174,23827
23174,23828
23175,23829
23175,23830
23175,23831
23176,23832
23176,23833
23177,23834
23177,23835
23177,23836
23178,23837
23178,23838
23179,23839
23179,23840
23179,23841
23180,23842
23180,23843
23180,23844
23181,23845
23181,23846
23182,23847
23182,23848
23183,23849
23183,23850
23184,23851
23184,23852
23184,23853
23185,23854
23185,23855
23185,23856
23186,23857
23186,23858
23186,23859
23187,23860
23187,23861
23188,23862
23188,23863
23189,23864
23189,23865
23189,23866
23190,23867
23190,23868
23191,23869
23191,23870
23191,23871
23192,23872
23192,23873
23193,23874
23193,23649
23194,23875
23194,23876
23194,23877
23195,23878
23195,23879
23195,23880
23196,23881
23196,23882
23196,23883
23197,23884
23197,23885
23198,23886
23198,23887
23199,23888
23199,23889
23200,23890
23200,23891
23200,23892
23201,23893
23201,23894
23202,23579
23202,23580
23203,23895
23203,23896
23204,23897
23204,23898
23204,23899
23205,23900
23205,23901
23205,23902
23206,23903
23206,23904
23206,23905
23207,23906
23207,23907
23207,23908
23208,23909
23208,23910
23208,23911
23209,23912
23209,23913
23210,23914
23210,23915
23210,23916
23211,23917
23211,23918
23212,23919
23212,23920
23213,23921
23213,23922
23213,23923
23214,23581
23214,23582
23215,23924
23215,23925
23216,23926
23216,23927
23216,23928
23217,23929
23217,23930
23218,23931
23218,23932
23219,23933
23219,23934
23220,23935
23220,23936
23221,23937
23221,23938
23221,23939
23222,23940
23222,23941
23223,23942
23223,23943
23223,23944
23224,23945
23224,23946
23225,23947
23225,23948
23226,23949
23226,23950
23226,23951
23227,23952
23227,23953
23227,23954
23228,23955
23228,23956
23228,23957
23229,23958
23229,23959
23230,23960
23230,23961
23231,23962
23231,23963
23231,23964
23232,23965
23232,23966
23232,23967
23233,23968
23233,23969
23234,23970
23234,23971
23234,23972
23235,23973
23235,23974
23235,23975
23236,23976
23236,23977
23236,23978
23237,23979
23237,23980
23238,23981
23238,23982
23239,23983
23239,23984
23239,23985
23240,23986
23240,23987
23241,23988
23241,23989
23241,23990
23242,23991
23242,23992
23243,23993
23243,23994
23244,23995
23244,23996
23245,23997
23245,23998
23246,23999
23246,24000
23246,24001
23247,24002
23247,24003
23247,24004
23248,24005
23248,24006
23248,24007
23249,24008
23249,24009
23249,24010
23250,24011
23250,24012
23250,24013
23251,24014
23251,24015
23252,24016
23252,24010
23252,24017
23253,24018
23253,24019
23254,24020
23254,24021
23255,24022
23255,24023
23256,24024
23256,24025
23257,24026
23257,24027
23257,24028
23258,24029
23258,24030
23259,24031
23259,24032
23259,24033
23260,24034
23260,24035
23260,24036
23261,24037
23262,24038
23262,24039
23262,24040
23263,24041
23263,24042
23264,24043
23264,24044
23264,24045
23265,24046
23265,24047
23265,24048
23266,24049
23266,24050
23266,24051
23267,24052
23267,24053
23267,24054
23268,24055
23268,24056
23268,24057
23269,24058
23269,24059
23285,23583
23285,23584
23375,23585
23375,23586
23375,23587
23376,23588
23376,23589
23562,24072
23562,24073
23563,24074
23563,24075
23563,24076
23564,24077
23564,24078
23565,24079
23565,24080
23566,24081
23566,24082
23567,24083
23567,24084
23567,24085
23568,24086
23568,24087
23569,24088
23569,24089
23569,24090
23570,24091
23570,24092
23570,24093
23571,24094
23571,24095
23571,24096
23572,24097
23572,24098
23573,24099
23573,24100
23574,24101
23574,24102
23575,24103
23575,24104
23576,24105
23576,24106
23576,24107
23577,24108
23577,24109
23578,24110
23578,24111
23578,24112
23579,24113
23579,24114
23579,24115
23580,24116
23580,24117
23581,24118
23581,24119
23581,24120
23582,24121
23582,24122
23582,24123
23583,24124
23583,24125
23583,24126
23584,24127
23584,24128
23584,24129
23585,24130
23585,24131
23585,24132
23586,24133
23586,24134
23587,24135
23587,24136
23588,24137
23588,24138
23589,24139
23589,24137
23590,24140
23590,24141
23590,24142
23591,24143
23591,24144
23592,24145
23592,24143
23593,24146
23593,24147
23593,24148
23594,24149
23594,24150
23595,24151
23595,24152
23595,24153
23596,24154
23596,24155
23597,24156
23597,24157
23597,24158
23598,24159
23598,24160
23598,24161
23599,24162
23599,24163
23599,24164
23600,24165
23600,24166
23600,24167
23601,24168
23601,24169
23601,24170
23602,24171
23602,24172
23603,24173
23603,24174
23603,24175
23604,24176
23604,24177
23605,24178
23605,24179
23606,24180
23606,24181
23606,24182
23607,24183
23607,24184
23607,24185
23608,24186
23608,24187
23608,24188
23609,24189
23609,24190
23610,24191
23610,24192
23611,24193
23611,24194
23612,24195
23612,24196
23612,24063
23613,24197
23613,24198
23614,24199
23614,24200
23615,24201
23615,24202
23616,24203
23616,24204
23616,24205
23617,24206
23617,24207
23618,24208
23618,24209
23619,24210
23619,24211
23619,24212
23620,24213
23620,24214
23620,24215
23621,24216
23621,24217
23621,24218
23622,24219
23622,24220
23623,24221
23623,24222
23624,24223
23624,24224
23625,24225
23625,24226
23625,24227
23626,24228
23626,24229
23627,24230
23627,24231
23627,24232
23628,24233
23628,24234
23628,24235
23629,24236
23629,24237
23629,24238
23630,24239
23630,24240
23631,24241
23631,24242
23631,24243
23632,24244
23632,24245
23633,24246
23633,24247
23633,24248
23634,24249
23634,24250
23634,24251
23635,24252
23635,24253
23635,24254
23636,24255
23636,24256
23637,24257
23637,24258
23638,24259
23638,24260
23639,24261
23639,24262
23640,24263
23640,24264
23641,24265
23641,24266
23642,24267
23642,24268
23643,24269
23643,24270
23643,24271
23644,24272
23644,24273
23644,24274
23645,24275
23645,24276
23646,24277
23646,24278
23646,24279
23647,24280
23647,24281
23647,24177
23648,24282
23648,24283
23648,24284
23649,24060
23649,24061
23650,24285
23650,24286
23650,24287
23651,24288
23651,24289
23652,24290
23652,24291
23653,24292
23653,24293
23653,24132
23654,24294
23654,24295
23655,24296
23655,24297
23656,24298
23656,24299
23657,24300
23657,24301
23657,24302
23658,24303
23658,24304
23658,24305
23659,24306
23659,24307
23659,24308
23660,24309
23660,24310
23660,24311
23661,24312
23661,24313
23661,24314
23662,24315
23662,24316
23663,24317
23663,24318
23664,24319
23664,24320
23665,24321
23665,24322
23665,24323
23666,24324
23666,24325
23666,24326
23667,24327
23667,24328
23667,24329
23668,24330
23668,24331
23669,24332
23669,24333
23669,24334
23670,24335
23670,24336
23671,24337
23671,24338
23671,24339
23672,24340
23672,24341
23672,24342
23673,24343
23673,24344
23673,24345
23674,24346
23674,24347
23674,24348
23675,24349
23675,24350
23675,24351
23676,24352
23676,24353
23677,24354
23677,24355
23678,24356
23678,24357
23679,24358
23679,24359
23679,24360
23680,24361
23680,24362
23680,24363
23681,24364
23681,24365
23682,24366
23682,24367
23682,24368
23683,24369
23683,24370
23684,24371
23684,24372
23685,24373
23685,24374
23686,24375
23686,24376
23687,24377
23687,24378
23688,24379
23688,24380
23688,24381
23689,24382
23689,24383
23689,24384
23690,24385
23690,24386
23691,24387
23691,24388
23691,24389
23692,24390
23692,24391
23693,24392
23693,24393
23694,24394
23694,24395
23695,24396
23695,24397
23695,24398
23696,24399
23696,24400
23697,24401
23697,24402
23697,24403
23698,24404
23698,24405
23699,24062
23699,24063
23699,24064
23700,24406
23700,24407
23701,24408
23701,24409
23701,24410
23702,24411
23702,24412
23703,24413
23703,24414
23703,24415
23704,24416
23704,24417
23704,24418
23705,24419
23705,24420
23706,24421
23706,24422
23706,24423
23707,24424
23707,24425
23708,24426
23708,24427
23709,24428
23709,24429
23710,24430
23710,24431
23710,24432
23711,24433
23711,24434
23712,24435
23712,24436
23713,24437
23713,24438
23714,24439
23714,24440
23714,24441
23715,24442
23715,24443
23715,24444
23716,24445
23716,24446
23716,24447
23717,24448
23717,24449
23717,24450
23718,24451
23718,24452
23718,24453
23719,24454
23719,24455
23720,24456
23720,24457
23721,24458
23721,24459
23721,24460
23722,24461
23722,24462
23723,24463
23723,24464
23723,24465
23724,24466
23724,24467
23725,24468
23725,24469
23726,24470
23726,24471
23726,24472
23727,24473
23727,24474
23727,24475
23728,24476
23728,24477
23728,24478
23729,24479
23729,24480
23729,24481
23730,24482
23730,24483
23731,24484
23731,24485
23731,24486
23732,24487
23732,24488
23733,24489
23733,24490
23734,24487
23734,24491
23734,24492
23735,24493
23735,24494
23735,24495
23736,24496
23736,24497
23736,24498
23737,24499
23737,24500
23737,24501
23738,24502
23738,24503
23738,24504
23739,24217
23739,24505
23740,24506
23740,24507
23741,24508
23741,24509
23741,24510
23742,24511
23742,24512
23742,24513
23743,24514
23743,24515
23743,24516
23744,24517
23744,24518
23745,24519
23745,24520
23745,24521
23746,24522
23746,24523
23746,24524
23747,24525
23747,24526
23747,24527
23748,24528
23748,24529
23749,24530
23749,24531
23749,24532
23750,24533
23750,24534
23750,24535
23751,24536
23751,24537
23751,24538
23752,24539
23752,24540
23752,24541
23753,24542
23753,24543
23754,24544
23754,24545
23754,24546
23755,24547
23755,24548
23755,24549
23756,24550
23756,24551
23757,24552
23757,24553
23758,24554
23758,24555
23758,24556
23759,24557
23759,24558
24010,24065
24010,24066
24014,24067
24014,24068
24014,24069
24037,24070
24037,24071
24060,24578
24060,24579
24061,24580
24061,24581
24061,24582
24062,24583
24062,24584
24062,24585
24063,24559
24063,24560
24063,24561
24064,24586
24064,24587
24064,24588
24065,24589
24065,24590
24066,24591
24066,24592
24066,24593
24067,24594
24067,24595
24068,24596
24068,24597
24069,24598
24069,24599
24069,24600
24070,24601
24070,24602
24070,24603
24071,24604
24071,24605
24071,24606
24072,24607
24072,24608
24073,24609
24073,24610
24074,24611
24074,24612
24074,24613
24075,24614
24075,24615
24075,24616
24076,24617
24076,24618
24076,24619
24077,24620
24077,24621
24078,24622
24078,24623
24078,24624
24079,24625
24079,24626
24079,24627
24080,24628
24080,24629
24081,24630
24081,24631
24082,24632
24082,24633
24083,24634
24083,24635
24083,24636
24084,24637
24084,24638
24085,24639
24085,24640
24085,24641
24086,24642
24086,24643
24086,24644
24087,24645
24087,24646
24088,24647
24088,24648
24089,24649
24089,24650
24090,24651
24090,24652
24091,24653
24091,24654
24091,24655
24092,24656
24092,24657
24092,24658
24093,24659
24093,24660
24094,24661
24094,24662
24095,24663
24095,24664
24096,24665
24096,24666
24096,24667
24097,24668
24097,24669
24097,24670
24098,24671
24098,24672
24098,24673
24099,24674
24099,24675
24099,24676
24100,24677
24100,24678
24100,24679
24101,24680
24101,24681
24102,24682
24102,24683
24103,24684
24103,24685
24103,24686
24104,24687
24104,24688
24105,24689
24105,24690
24106,24691
24106,24692
24106,24693
24107,24694
24107,24695
24107,24696
24108,24697
24108,24698
24109,24699
24109,24700
24110,24701
24110,24702
24110,24703
24111,24704
24111,24705
24112,24706
24112,24707
24113,24708
24113,24709
24114,24710
24114,24711
24115,24712
24115,24713
24115,24714
24116,24715
24116,24716
24116,24717
24117,24718
24117,24719
24117,24720
24118,24721
24118,24722
24119,24723
24119,24724
24120,24725
24120,24726
24121,24727
24121,24728
24121,24729
24122,24730
24122,24731
24123,24732
24123,24733
24123,24734
24124,24735
24124,24736
24125,24737
24125,24738
24125,24739
24126,24740
24126,24741
24126,24742
24127,24743
24127,24744
24128,24745
24128,24746
24128,24747
24129,24748
24129,24749
24129,24750
24130,24751
24130,24752
24130,24753
24131,24754
24131,24755
24132,24562
24132,24563
24132,24564
24133,24756
24133,24757
24134,24758
24134,24759
24135,24760
24135,24761
24136,24762
24136,24763
24137,24565
24137,24566
24138,24764
24138,24765
24138,24766
24139,24767
24139,24768
24139,24769
24140,24770
24140,24771
24140,24772
24141,24773
24141,24774
24142,24775
24142,24776
24143,24567
24143,24568
24143,24569
24144,24777
24144,24778
24145,24779
24145,24780
24145,24781
24146,24782
24146,24783
24147,24784
24147,24785
24147,24786
24148,24787
24148,24788
24148,24789
24149,24790
24149,24791
24149,24792
24150,24793
24150,24794
24151,24795
24151,24796
24151,24797
24152,24798
24152,24799
24152,24800
24153,24801
24153,24802
24153,24803
24154,24804
24154,24805
24154,24806
24155,24807
24155,24808
24155,24809
24156,24810
24156,24811
24157,24812
24157,24813
24157,24814
24158,24815
24158,24816
24159,24817
24159,24818
24160,24819
24160,24820
24161,24821
24161,24822
24161,24823
24162,24824
24162,24825
24162,24826
24163,24824
24163,24827
24163,24828
24164,24829
24164,24830
24165,24831
24165,24832
24166,24833
24166,24834
24167,24835
24167,24836
24168,24837
24168,24838
24168,24839
24169,24840
24169,24841
24170,24842
24170,24843
24170,24844
24171,24835
24171,24845
24172,24846
24172,24847
24172,24848
24173,24849
24173,24850
24173,24851
24174,24852
24174,24853
24174,24854
24175,24855
24175,24856
24175,24857
24176,24858
24176,24859
24176,24860
24177,24570
24177,24571
24178,24861
24178,24862
24178,24863
24179,24633
24179,24864
24179,24865
24180,24866
24180,24867
24180,24868
24181,24869
24181,24870
24182,24871
24182,24872
24182,24873
24183,24874
24183,24875
24184,24876
24184,24877
24185,24878
24185,24879
24185,24880
24186,24881
24186,24882
24187,24883
24187,24884
24187,24885
24188,24886
24188,24887
24189,24888
24189,24889
24189,24890
24190,24891
24190,24892
24190,24893
24191,24894
24191,24895
24191,24896
24192,24897
24192,24898
24192,24899
24193,24900
24193,24901
24194,24902
24194,24706
24194,24903
24195,24904
24195,24905
24196,24906
24196,24907
24196,24908
24197,24909
24197,24910
24198,24911
24198,24912
24198,24913
24199,24914
24199,24915
24200,24916
24200,24917
24200,24742
24201,24918
24201,24919
24201,24920
24202,24921
24202,24922
24202,24923
24203,24924
24203,24925
24204,24926
24204,24927
24204,24928
24205,24929
24205,24930
24206,24931
24206,24932
24207,24933
24207,24934
24207,24935
24208,24874
24208,24936
24208,24937
24209,24938
24209,24939
24209,24940
24210,24941
24210,24942
24211,24943
24211,24944
24212,24945
24212,24946
24213,24947
24213,24948
24214,24949
24214,24950
24215,24951
24215,24952
24216,24953
24216,24954
24217,24572
24217,24573
24218,24955
24218,24956
24219,24957
24219,24958
24220,24959
24220,24960
24221,24961
24221,24962
24221,24963
24222,24964
24222,24965
24222,24966
24223,24967
24223,24968
24224,24969
24224,24970
24224,24971
24225,24972
24225,24973
24226,24974
24226,24975
24226,24976
24227,24977
24227,24978
24228,24979
24228,24980
24228,24981
24229,24982
24229,24983
24230,24984
24230,24985
24231,24986
24231,24987
24231,24988
24232,24989
24232,24990
24233,24991
24233,24992
24234,24993
24234,24994
24235,24995
24235,24996
24236,24997
24236,24998
24236,24999
24237,25000
24237,25001
24237,25002
24238,25003
24238,25004
24238,25005
24239,25006
24239,25007
24240,25008
24240,25009
24241,25010
24241,25011
24241,25012
24242,25013
24242,25014
24243,25015
24243,25016
24243,25017
24244,25018
24244,25019
24245,25020
24245,25021
24245,25022
24246,25023
24246,25024
24246,25025
24247,25026
24247,24984
24247,25027
24248,25028
24248,25029
24248,25030
24249,25031
24249,25032
24249,25033
24250,25034
24250,25035
24250,25036
24251,25037
24251,25038
24251,25039
24252,25040
24252,25041
24253,25042
24253,25043
24254,25044
24254,25045
24254,25046
24255,25047
24255,25048
24255,25049
24256,25050
24256,25051
24257,25052
24257,25053
24258,25054
24258,25055
24374,24574
24374,24575
24487,24576
24487,24577
24559,25076
24559,25077
24559,25078
24560,25079
24560,25080
24560,25081
24561,25082
24561,25083
24562,25084
24562,25085
24562,25086
24563,25087
24563,25088
24563,25089
24564,25090
24564,25091
24565,25092
24565,25093
24566,25094
24566,25095
24567,25096
24567,25097
24567,25098
24568,25099
24568,25100
24568,25101
24569,25102
24569,25103
24569,25104
24570,25105
24570,25106
24570,25107
24571,25108
24571,25109
24572,25110
24572,25111
24573,25112
24573,25113
24574,25114
24574,25115
24574,25116
24575,25117
24575,25118
24575,25119
24576,25120
24576,25121
24576,25122
24577,25123
24577,25124
24578,25125
24578,25126
24579,25127
24579,25128
24579,25129
24580,25130
24580,25131
24580,25132
24581,25133
24581,25134
24582,25135
24582,25136
24583,25137
24583,25138
24584,25139
24584,25140
24585,25141
24585,25142
24585,25143
24586,25144
24586,25145
24587,25146
24587,25147
24588,25148
24588,25149
24589,25150
24589,25151
24589,25152
24590,25153
24590,25154
24590,25155
24591,25156
24591,25157
24592,25158
24592,25159
24593,25160
24593,25161
24594,25162
24594,25163
24594,25164
24595,25165
24595,25166
24596,25167
24596,25168
24596,25169
24597,25170
24597,25171
24598,25172
24598,25173
24598,25174
24599,25175
24599,25176
24599,25177
24600,25178
24600,25179
24601,25180
24601,25181
24601,25182
24602,25183
24602,25184
24603,25185
24603,25186
24603,25187
24604,25188
24604,25189
24604,25190
24605,25191
24605,25192
24605,25193
24606,25194
24606,25195
24606,25196
24607,25197
24607,25198
24608,25199
24608,25200
24608,25201
24609,25202
24609,25203
24609,25204
24610,25205
24610,25206
24610,25207
24611,25208
24611,25209
24611,25210
24612,25211
24612,25212
24612,25213
24613,25214
24613,25215
24614,25216
24614,25217
24614,25218
24615,25219
24615,25220
24616,25221
24616,25222
24617,25223
24617,25224
24618,25225
24618,25226
24619,25227
24619,25228
24620,25229
24620,25230
24621,25231
24621,25232
24621,25233
24622,25234
24622,25235
24623,25236
24623,25237
24623,25238
24624,25239
24624,25240
24625,25241
24625,25242
24625,25243
24626,25244
24626,25245
24626,25246
24627,25247
24627,25248
24627,25249
24628,25250
24628,25251
24629,25252
24629,25253
24629,25254
24630,25255
24630,25256
24631,25257
24631,25258
24631,25259
24632,25260
24632,25261
24632,25262
24633,25056
24633,25057
24633,25058
24634,25263
24634,25264
24634,25265
24635,25266
24635,25267
24635,25268
24636,25269
24636,25270
24637,25271
24637,25272
24638,25273
24638,25274
24638,25275
24639,25276
24639,25277
24639,25278
24640,25279
24640,25280
24641,25281
24641,25282
24641,25283
24642,25284
24642,25285
24643,25286
24643,25287
24644,25288
24644,25289
24644,25290
24645,25291
24645,25292
24645,25293
24646,25294
24646,25295
24647,25296
24647,25297
24647,25298
24648,25299
24648,25300
24649,25301
24649,25302
24649,25303
24650,25304
24650,25305
24651,25306
24651,25307
24652,25308
24652,25309
24653,25310
24653,25311
24653,25312
24654,25313
24654,25314
24655,25315
24655,25316
24656,25317
24656,25318
24657,25319
24657,25320
24657,25321
24658,25322
24658,25323
24659,25324
24659,25325
24660,25326
24660,25327
24660,25328
24661,25329
24661,25330
24661,25331
24662,25332
24662,25333
24663,25334
24663,25335
24664,25336
24664,25337
24665,25338
24665,25339
24666,25340
24666,25341
24666,25342
24667,25343
24667,25344
24667,25345
24668,25346
24668,25347
24669,25348
24669,25349
24670,25350
24670,25351
24670,25352
24671,25353
24671,25354
24671,25355
24672,25356
24672,25357
24672,25358
24673,25359
24673,25360
24673,25361
24674,25362
24674,25363
24675,25364
24675,25365
24676,25366
24676,25367
24676,25368
24677,25369
24677,25370
24678,25371
24678,25372
24678,25373
24679,25374
24679,25375
24680,25376
24680,25377
24681,25378
24681,25379
24681,25380
24682,25381
24682,25382
24683,25383
24683,25384
24683,25385
24684,25386
24684,25387
24685,25388
24685,25389
24686,25390
24686,25391
24686,25392
24687,25393
24687,25394
24687,25395
24688,25396
24688,25397
24688,25398
24689,25399
24689,25400
24690,25401
24690,25402
24691,25403
24691,25404
24691,25405
24692,25406
24692,25407
24693,25408
24693,25409
24693,25410
24694,25411
24694,25412
24694,25413
24695,25414
24695,25415
24696,25416
24696,25417
24696,25418
24697,25419
24697,25420
24697,25198
24698,25421
24698,25422
24698,25423
24699,25424
24699,25425
24699,25426
24700,25427
24700,25428
24700,25429
24701,25430
24701,25431
24702,25275
24702,25432
24702,25433
24703,25434
24703,25435
24704,25059
24704,25060
24705,25436
24705,25437
24705,25438
24706,25061
24706,25062
24707,25439
24707,25440
24708,25441
24708,25442
24708,25443
24709,25444
24709,25445
24710,25446
24710,25447
24711,25448
24711,25449
24712,25450
24712,25451
24712,25452
24713,25453
24713,25454
24713,25455
24714,25456
24714,25457
24715,25458
24715,25459
24715,25460
24716,25461
24716,25462
24716,25463
24717,25464
24717,25465
24717,25466
24718,25467
24718,25468
24719,25469
24719,25470
24719,25471
24720,25472
24720,25473
24721,25474
24721,25475
24722,25476
24722,25477
24723,25478
24723,25479
24724,25480
24724,25481
24725,25482
24725,25483
24725,25378
24726,25484
24726,25485
24726,25486
24727,25487
24727,25488
24727,25489
24728,25490
24728,25491
24728,25492
24729,25493
24729,25494
24730,25495
24730,25496
24731,25497
24731,25498
24732,25499
24732,25500
24733,25501
24733,25502
24734,25503
24734,25504
24734,25505
24735,25506
24735,25507
24736,25508
24736,25509
24736,25510
24737,25511
24737,25512
24737,25513
24738,25514
24738,25515
24739,25516
24739,25517
24740,25518
24740,25519
24741,25520
24741,25521
24742,25063
24742,25064
24742,25065
24743,25522
24743,25523
24744,25524
24744,25525
24745,25526
24745,25527
24746,25528
24746,25529
24747,25530
24747,25531
24747,25532
24748,25533
24748,25534
24749,25535
24749,25536
24749,25537
24750,25538
24750,25539
24750,25540
24751,25541
24751,25542
24752,25543
24752,25544
24752,25229
24753,25545
24753,25546
24754,25547
24754,25548
24755,25549
24755,25550
24755,25551
24824,25066
24824,25067
24824,25068
24835,25069
24835,25070
24874,25071
24874,25072
24874,25073
24984,25074
24984,25075
25056,25561
25056,25562
25056,25563
25057,25564
25057,25565
25058,25566
25058,25567
25058,25568
25059,25569
25059,25570
25060,25571
25060,25572
25060,25573
25061,25574
25061,25575
25061,25576
25062,25577
25062,25578
25063,25579
25063,25580
25063,25581
25064,25582
25064,25583
25065,25584
25065,25585
25066,25586
25066,25587
25067,25588
25067,25589
25068,25590
25068,25591
25068,25592
25069,25593
25069,25594
25070,25595
25070,25596
25071,25597
25071,25598
25071,25599
25072,25600
25072,25601
25073,25602
25073,25603
25073,25604
25074,25605
25074,25606
25075,25607
25075,25608
25075,25609
25076,25610
25076,25611
25077,25612
25077,25613
25077,25614
25078,25615
25078,25616
25079,25617
25079,25618
25080,25619
25080,25620
25081,25621
25081,25622
25081,25623
25082,25624
25082,25625
25083,25626
25084,25627
25084,25628
25084,25629
25085,25630
25085,25631
25086,25632
25086,25633
25087,25634
25087,25635
25088,25636
25088,25637
25088,25638
25089,25639
25089,25640
25089,25641
25090,25642
25090,25643
25090,25644
25091,25645
25091,25646
25092,25647
25092,25648
25093,25649
25093,25650
25093,25651
25094,25652
25094,25653
25095,25654
25095,25655
25096,25656
25096,25657
25096,25658
25097,25659
25097,25660
25098,25661
25098,25662
25098,25663
25099,25664
25099,25665
25099,25666
25100,25667
25100,25668
25101,25669
25101,25670
25102,25671
25102,25672
25102,25673
25103,25674
25103,25675
25103,25676
25104,25677
25104,25678
25105,25679
25105,25680
25106,25681
25106,25682
25106,25683
25107,25684
25107,25685
25107,25686
25108,25687
25108,25688
25108,25689
25109,25690
25109,25691
25110,25692
25110,25693
25110,25694
25111,25695
25111,25696
25111,25697
25112,25698
25112,25699
25113,25700
25113,25701
25114,25702
25114,25703
25114,25704
25115,25705
25115,25566
25116,25706
25116,25707
25116,25708
25117,25709
25117,25710
25118,25711
25118,25712
25119,25713
25119,25714
25119,25715
25120,25716
25120,25717
25121,25718
25121,25719
25121,25720
25122,25721
25122,25722
25123,25723
25123,25724
25123,25725
25124,25726
25124,25727
25125,25728
25125,25729
25126,25730
25126,25731
25126,25732
25127,25733
25127,25734
25128,25735
25128,25736
25129,25737
25129,25738
25130,25739
25130,25740
25130,25741
25131,25742
25131,25743
25132,25744
25132,25745
25132,25746
25133,25747
25133,25748
25134,25749
25134,25750
25134,25751
25135,25752
25135,25753
25136,25754
25136,25755
25136,25756
25137,25757
25137,25758
25138,25759
25138,25760
25139,25761
25139,25762
25140,25763
25140,25764
25141,25765
25141,25766
25142,25767
25142,25768
25142,25769
25143,25770
25143,25771
25144,25772
25144,25773
25144,25774
25145,25775
25145,25776
25146,25777
25146,25778
25147,25779
25147,25780
25147,25781
25148,25782
25148,25783
25148,25784
25149,25785
25149,25786
25150,25787
25150,25788
25150,25789
25151,25790
25151,25791
25151,25792
25152,25793
25152,25794
25152,25795
25153,25796
25153,25797
25154,25798
25154,25799
25154,25800
25155,25801
25155,25802
25155,25803
25156,25804
25156,25805
25157,25806
25157,25807
25157,25808
25158,25809
25158,25810
25158,25811
25159,25812
25159,25813
25159,25814
25160,25815
25160,25816
25161,25817
25161,25818
25161,25819
25162,25820
25162,25821
25163,25822
25163,25823
25163,25824
25164,25825
25164,25826
25164,25827
25165,25828
25165,25829
25166,25830
25166,25831
25166,25832
25167,25833
25167,25834
25168,25835
25168,25836
25168,25837
25169,25838
25169,25839
25169,25840
25170,25841
25170,25842
25171,25843
25171,25844
25172,25845
25172,25846
25173,25847
25173,25848
25174,25849
25174,25850
25175,25851
25175,25852
25176,25853
25176,25854
25177,25855
25177,25856
25177,25857
25178,25858
25178,25859
25178,25860
25179,25861
25179,25862
25180,25863
25180,25864
25181,25865
25181,25866
25181,25867
25182,25868
25182,25869
25183,25870
25183,25871
25184,25872
25184,25873
25184,25874
25185,25875
25185,25876
25186,25877
25186,25878
25187,25879
25187,25880
25188,25881
25188,25882
25189,25883
25189,25884
25190,25885
25190,25886
25190,25887
25191,25888
25191,25889
25191,25890
25192,25891
25192,25892
25193,25893
25193,25894
25194,25895
25194,25896
25194,25897
25195,25898
25195,25899
25196,25900
25196,25901
25197,25902
25197,25903
25198,25552
25198,25553
25199,25904
25199,25905
25200,25906
25200,25907
25200,25908
25201,25909
25201,25910
25202,25911
25202,25912
25203,25913
25203,25914
25203,25915
25204,25916
25204,25917
25205,25918
25205,25919
25206,25920
25206,25921
25207,25922
25207,25923
25208,25924
25208,25925
25208,25926
25209,25927
25209,25928
25210,25929
25210,25930
25210,25931
25211,25932
25211,25933
25211,25934
25212,25935
25212,25936
25212,25937
25213,25938
25213,25939
25214,25940
25214,25941
25214,25942
25215,25943
25215,25944
25215,25720
25216,25945
25216,25946
25217,25947
25217,25948
25217,25949
25218,25950
25218,25951
25218,25952
25219,25953
25219,25954
25220,25955
25220,25956
25221,25957
25221,25958
25222,25959
25222,25960
25223,25961
25223,25962
25224,25963
25224,25964
25225,25965
25225,25966
25225,25967
25226,25968
25226,25969
25227,25970
25227,25971
25228,25972
25228,25973
25229,25554
25229,25555
25230,25974
25230,25975
25230,25976
25231,25977
25231,25978
25232,25979
25232,25980
25232,25981
25233,25982
25233,25983
25233,25984
25234,25985
25234,25986
25235,25987
25235,25988
25236,25989
25236,25990
25237,25991
25237,25992
25237,25993
25238,25994
25238,25995
25238,25996
25239,25997
25239,25998
25240,25999
25240,26000
25241,26001
25241,26002
25241,26003
25242,26004
25242,26005
25242,26006
25243,26007
25243,26008
25244,26009
25244,26010
25244,26011
25245,26012
25245,26013
25246,26014
25246,26015
25246,26016
25247,26017
25247,26018
25248,26019
25248,26020
25249,26021
25249,26022
25249,26023
25250,26024
25250,26025
25250,26026
25251,26027
25251,26028
25252,26029
25252,26030
25253,26031
25253,26032
25253,26033
25254,26034
25254,26035
25275,25556
25275,25557
25378,25558
25378,25559
25378,25560
25552,26046
25552,26047
25553,26048
25553,26049
25553,26050
25554,26051
25554,26052
25554,26053
25555,26054
25555,26055
25555,26056
25556,26057
25556,26058
25556,26059
25557,26060
25557,26061
25558,26062
25558,26063
25558,26064
25559,26065
25559,26066
25560,26067
25560,26068
25560,26069
25561,26070
25561,26071
25562,26072
25562,26073
25562,26074
25563,26075
25563,26076
25564,26077
25564,26078
25565,26079
25565,26080
25565,26081
25566,26036
25566,26037
25567,26082
25567,26083
25568,26084
25568,26085
25569,26086
25569,26087
25569,26088
25570,26089
25570,26090
25570,26091
25571,26092
25571,26093
25571,26094
25572,26095
25572,26096
25573,26097
25573,26098
25573,26099
25574,26100
25574,26101
25574,26102
25575,26103
25575,26104
25575,26105
25576,26106
25576,26107
25576,26108
25577,26109
25577,26110
25577,26111
25578,26112
25578,26113
25579,26114
25579,26115
25580,26116
25580,26117
25581,26118
25581,26119
25581,26120
25582,26121
25582,26122
25583,26123
25583,26124
25584,26125
25584,26126
25585,26127
25585,26128
25585,26129
25586,26130
25586,26131
25586,26132
25587,26133
25587,26134
25587,26135
25588,26136
25588,26137
25588,26138
25589,26139
25589,26140
25589,26141
25590,26142
25590,26143
25590,26144
25591,26145
25591,26146
25592,26147
25592,26148
25592,26149
25593,26150
25593,26151
25594,26152
25594,26153
25595,26154
25595,26155
25595,26156
25596,26157
25596,26158
25596,26159
25597,26160
25597,26161
25597,26162
25598,26163
25598,26164
25599,26165
25599,26166
25599,26167
25600,26168
25600,26169
25601,26170
25601,26171
25601,26172
25602,26173
25602,26174
25603,26175
25603,26176
25604,26177
25604,26178
25605,26179
25605,26180
25605,26181
25606,26182
25606,26183
25606,26184
25607,26185
25607,26186
25608,26187
25608,26188
25609,26189
25609,26190
25610,26191
25610,26192
25610,26193
25611,26194
25611,26195
25612,26196
25612,26197
25613,26198
25613,26199
25614,26200
25614,26201
25615,26202
25615,26203
25616,26177
25616,26204
25616,26205
25617,26206
25617,26207
25618,26208
25618,26209
25618,26210
25619,26211
25619,26212
25620,26213
25620,26214
25621,26215
25621,26216
25621,26217
25622,26218
25622,26219
25622,26220
25623,26221
25623,26222
25623,26223
25624,26224
25624,26225
25625,26226
25625,26227
25625,26228
25626,26038
25626,26039
25626,26040
25627,26229
25627,26230
25628,26231
25628,26232
25628,26233
25629,26234
25629,26235
25630,26236
25630,26237
25630,26238
25631,26239
25631,26240
25632,26241
25632,26242
25633,26243
25633,26244
25633,26245
25634,26246
25634,26247
25635,26248
25635,26249
25636,26250
25636,26251
25636,26252
25637,26253
25637,26254
25638,26255
25638,26256
25638,26257
25639,26258
25639,26259
25639,26260
25640,26261
25640,26262
25641,26263
25641,26264
25641,26265
25642,26266
25642,26267
25643,26268
25643,26269
25644,26270
25644,26271
25645,26272
25645,26273
25645,26274
25646,26275
25646,26276
25647,26277
25647,26278
25648,26279
25648,26280
25648,26281
25649,26282
25649,26283
25650,26284
25650,26285
25651,26286
25651,26287
25652,26288
25652,26289
25652,26290
25653,26291
25653,26292
25654,26293
25654,26294
25655,26295
25655,26296
25655,26297
25656,26298
25656,26299
25656,26300
25657,26301
25657,26302
25657,26303
25658,26304
25658,26305
25659,26306
25659,26307
25660,26308
25660,26309
25660,26310
25661,26311
25661,26312
25662,26313
25662,26314
25663,26315
25663,26316
25663,26317
25664,26318
25664,26319
25664,26320
25665,26321
25665,26322
25666,26323
25666,26324
25666,26325
25667,26326
25667,26327
25667,26328
25668,26329
25668,26330
25669,26331
25669,26332
25669,26333
25670,26334
25670,26335
25670,26336
25671,26337
25671,26338
25672,26339
25672,26340
25672,26341
25673,26342
25673,26343
25673,26344
25674,26345
25674,26346
25674,26347
25675,26348
25675,26349
25676,26350
25676,26351
25676,26352
25677,26353
25677,26354
25678,26355
25678,26356
25678,26357
25679,26358
25679,26359
25680,26360
25680,26361
25680,26362
25681,26363
25681,26364
25681,26365
25682,26366
25682,26367
25682,26368
25683,26369
25683,26370
25683,26164
25684,26371
25684,26372
25684,26373
25685,26374
25685,26375
25686,26376
25686,26377
25686,26378
25687,26379
25687,26380
25688,26381
25688,26382
25689,26383
25689,26384
25689,26385
25690,26386
25690,26387
25690,26388
25691,26389
25691,26390
25692,26391
25692,26392
25692,26393
25693,26394
25693,26395
25693,26396
25694,26397
25694,26398
25694,26399
25695,26400
25695,26401
25695,26402
25696,26403
25696,26404
25697,26405
25697,26406
25697,26407
25698,26408
25698,26409
25699,26410
25699,26318
25700,26411
25700,26412
25700,26413
25701,26414
25701,26415
25701,26416
25702,26417
25702,26418
25702,26419
25703,26420
25703,26421
25703,26422
25704,26423
25704,26424
25704,26425
25705,26426
25705,26427
25705,26428
25706,26429
25706,26430
25707,26431
25707,26432
25707,26433
25708,26434
25708,26435
25709,26436
25709,26437
25709,26438
25710,26439
25710,26440
25711,26441
25711,26442
25712,26443
25712,26444
25712,26445
25713,26446
25713,26447
25713,26448
25714,26449
25714,26450
25714,26451
25715,26452
25715,26453
25715,26454
25716,26455
25716,26456
25716,26457
25717,26458
25717,26459
25717,26460
25718,26461
25718,26462
25719,26463
25719,26464
25720,26041
25720,26042
25720,26043
25721,26465
25721,26466
25721,26467
25722,26044
25722,26045
25723,26468
25723,26469
25723,26470
25724,26471
25724,26472
25724,26252
25725,26473
25725,26474
25726,26475
25726,26476
25726,26477
25727,26478
25727,26479
25727,26480
25728,26481
25728,26482
25728,26483
25729,26484
25729,26485
25730,26486
25730,26487
25730,26488
25731,26489
25731,26490
25732,26491
25732,26492
25733,26493
25733,26494
25733,26495
25734,26496
25734,26497
25735,26498
25735,26499
25736,26500
25736,26501
25736,26502
25737,26503
25737,26504
25738,26505
25738,26506
25738,26507
25739,26508
25739,26509
25739,26510
25740,26511
25740,26512
25740,26513
25741,26514
25741,26515
25742,26516
25742,26517
25742,26518
25743,26519
25743,26520
25744,26521
25744,26522
25744,26523
25745,26524
25745,26525
25746,26526
25746,26527
25747,26528
25747,26529
25747,26530
25748,26531
25748,26532
25749,26533
25749,26534
25750,26535
25750,26536
25750,26537
25751,26538
25751,26539
25752,26540
25752,26541
25752,26542
26036,26553
26036,26554
26037,26555
26037,26556
26037,26557
26038,26558
26038,26559
26038,26560
26039,26561
26039,26562
26040,26563
26040,26564
26040,26565
26041,26566
26041,26567
26042,26568
26042,26569
26043,26570
26043,26571
26044,26572
26044,26573
26044,26574
26045,26575
26045,26576
26046,26577
26046,26578
26046,26579
26047,26580
26047,26581
26048,26582
26048,26583
26048,26584
26049,26585
26049,26586
26050,26587
26050,26588
26050,26589
26051,26590
26051,26591
26052,26592
26052,26593
26052,26594
26053,26595
26053,26596
26053,26597
26054,26598
26054,26599
26054,26600
26055,26601
26055,26602
26056,26603
26056,26604
26056,26605
26057,26606
26057,26607
26057,26608
26058,26609
26058,26610
26059,26611
26059,26612
26060,26613
26060,26614
26061,26615
26061,26616
26061,26617
26062,26618
26062,26619
26063,26620
26063,26621
26064,26622
26064,26623
26064,26624
26065,26625
26065,26626
26065,26627
26066,26628
26066,26629
26066,26630
26067,26631
26067,26632
26068,26633
26068,26634
26068,26635
26069,26636
26069,26637
26070,26638
26070,26639
26070,26640
26071,26641
26071,26642
26071,26643
26072,26644
26072,26645
26073,26646
26073,26647
26074,26648
26074,26649
26074,26650
26075,26651
26075,26652
26076,26653
26076,26654
26077,26655
26077,26656
26077,26657
26078,26658
26078,26659
26078,26660
26079,26661
26079,26662
26080,26663
26080,26664
26081,26665
26081,26666
26082,26667
26082,26668
26082,26669
26083,26670
26084,26671
26084,26672
26085,26673
26085,26674
26086,26675
26086,26676
26086,26677
26087,26678
26087,26679
26088,26680
26088,26681
26088,26682
26089,26683
26089,26684
26090,26685
26090,26686
26090,26687
26091,26688
26091,26689
26092,26690
26092,26691
26093,26692
26093,26693
26094,26694
26094,26695
26095,26696
26095,26697
26095,26698
26096,26699
26096,26700
26097,26701
26097,26702
26097,26703
26098,26704
26098,26705
26099,26706
26099,26707
26100,26708
26100,26709
26100,26710
26101,26711
26101,26712
26101,26713
26102,26714
26102,26715
26103,26716
26103,26717
26104,26718
26104,26719
26105,26720
26105,26721
26105,26722
26106,26723
26106,26724
26107,26725
26107,26726
26108,26727
26108,26728
26109,26729
26109,26730
26109,26731
26110,26732
26110,26733
26110,26734
26111,26735
26111,26736
26112,26737
26112,26738
26113,26739
26113,26740
26113,26741
26114,26742
26114,26743
26115,26744
26115,26745
26115,26746
26116,26747
26116,26748
26117,26749
26117,26750
26118,26751
26118,26752
26118,26753
26119,26754
26119,26755
26119,26756
26120,26757
26120,26758
26121,26759
26121,26760
26122,26761
26122,26762
26122,26763
26123,26764
26123,26765
26124,26766
26124,26767
26124,26768
26125,26769
26125,26770
26126,26771
26126,26772
26126,26773
26127,26774
26127,26775
26128,26776
26128,26777
26129,26778
26129,26779
26129,26780
26130,26781
26130,26782
26130,26783
26131,26784
26131,26785
26132,26786
26132,26787
26132,26788
26133,26789
26133,26790
26134,26791
26134,26792
26135,26793
26135,26794
26136,26795
26136,26796
26137,26797
26137,26798
26137,26799
26138,26800
26138,26801
26138,26802
26139,26803
26139,26804
26139,26805
26140,26806
26140,26807
26140,26808
26141,26809
26141,26810
26142,26811
26142,26812
26142,26813
26143,26814
26143,26815
26144,26816
26144,26817
26144,26818
26145,26819
26145,26820
26146,26821
26146,26822
26147,26823
26147,26824
26147,26825
26148,26826
26148,26827
26149,26828
26149,26829
26150,26830
26150,26831
26150,26832
26151,26833
26151,26834
26151,26835
26152,26836
26152,26837
26152,26838
26153,26839
26153,26840
26154,26841
26154,26842
26154,26843
26155,26844
26155,26845
26155,26846
26156,26847
26156,26848
26157,26849
26157,26850
26157,26851
26158,26852
26158,26853
26158,26854
26159,26855
26159,26856
26159,26857
26160,26858
26160,26859
26161,26860
26161,26861
26161,26862
26162,26863
26162,26864
26163,26865
26163,26866
26163,26867
26164,26543
26164,26544
26164,26545
26165,26868
26165,26869
26166,26870
26166,26871
26167,26872
26167,26873
26168,26874
26168,26875
26168,26876
26169,26877
26169,26878
26170,26879
26170,26880
26171,26881
26171,26882
26171,26883
26172,26884
26172,26885
26173,26886
26173,26887
26174,26888
26174,26889
26174,26890
26175,26891
26175,26892
26175,26893
26176,26894
26176,26895
26177,26546
26177,26547
26178,26896
26178,26897
26178,26898
26179,26899
26179,26900
26180,26901
26180,26902
26181,26903
26181,26904
26181,26905
26182,26906
26182,26907
26183,26908
26183,26909
26184,26910
26184,26911
26185,26912
26185,26913
26185,26914
26186,26915
26186,26916
26187,26917
26187,26918
26188,26919
26188,26920
26188,26921
26189,26922
26189,26923
26190,26924
26190,26925
26191,26926
26191,26927
26191,26928
26192,26929
26192,26930
26193,26931
26193,26932
26194,26933
26194,26934
26194,26935
26195,26936
26195,26937
26195,26938
26196,26939
26196,26940
26197,26941
26197,26942
26197,26943
26198,26944
26198,26945
26198,26946
26199,26947
26199,26948
26200,26949
26200,26950
26201,26951
26201,26952
26201,26953
26202,26954
26202,26955
26203,26956
26203,26957
26203,26958
26204,26959
26204,26960
26204,26961
26205,26962
26205,26963
26206,26964
26206,26965
26206,26966
26207,26967
26207,26968
26207,26969
26208,26970
26208,26971
26208,26972
26209,26973
26209,26974
26210,26975
26210,26976
26211,26977
26211,26978
26211,26979
26212,26980
26212,26981
26212,26982
26213,26983
26213,26984
26213,26985
26214,26986
26214,26987
26215,26988
26215,26989
26216,26990
26216,26991
26217,26992
26217,26993
26218,26994
26218,26995
26218,26996
26219,26997
26219,26998
26219,26999
26220,27000
26220,27001
26221,27002
26221,27003
26221,27004
26222,27005
26222,27006
26223,27007
26223,27008
26224,27009
26224,27010
26224,27011
26225,27012
26225,27013
26225,27014
26226,27015
26226,27016
26227,27017
26227,27018
26228,27019
26228,27020
26229,27021
26229,27022
26229,27023
26230,27024
26230,27025
26230,27026
26231,27027
26231,27028
26232,27029
26232,27030
26232,27031
26233,27032
26233,27033
26234,27034
26234,27035
26234,27036
26252,26548
26252,26549
26318,26550
26318,26551
26318,26552
26543,27042
26543,27043
26543,27044
26544,27045
26544,27046
26544,27047
26545,27048
26545,27049
26545,27050
26546,27051
26546,27052
26546,27053
26547,27054
26547,27055
26547,27056
26548,27057
26548,27058
26549,27059
26549,27060
26549,27061
26550,27062
26550,27063
26550,27064
26551,27065
26551,27066
26552,27067
26552,27068
26552,27069
26553,27070
26553,27071
26553,27072
26554,27073
26554,27074
26555,27075
26555,27076
26556,27077
26556,27078
26557,27079
26557,27080
26558,27081
26558,27082
26559,27083
26559,27084
26559,27085
26560,27086
26560,27087
26560,27088
26561,27089
26561,27090
26562,27091
26562,27092
26563,27093
26563,27094
26564,27095
26564,27096
26565,27097
26565,27098
26565,27099
26566,27100
26566,27101
26567,27102
26567,27103
26567,27104
26568,27105
26568,27106
26568,27107
26569,27108
26569,27109
26570,27110
26570,27111
26571,27112
26571,27113
26572,27114
26572,27115
26572,27116
26573,27117
26573,27118
26573,27119
26574,27120
26574,27121
26574,27122
26575,27123
26575,27124
26576,27125
26576,27126
26577,27127
26577,27128
26578,27129
26578,27130
26579,27131
26579,27132
26580,27133
26580,27134
26581,27135
26581,27136
26581,27137
26582,27138
26582,27139
26582,27140
26583,27141
26583,27142
26583,27143
26584,27144
26584,27145
26585,27146
26585,27147
26586,27148
26586,27149
26586,27150
26587,27151
26587,27152
26588,27153
26588,27154
26589,27155
26589,27156
26590,27157
26590,27158
26591,27159
26591,27160
26591,27161
26592,27162
26592,27163
26592,27164
26593,27165
26593,27166
26593,27167
26594,27168
26594,27169
26595,27170
26595,27171
26595,27172
26596,27173
26596,27174
26597,27175
26597,27176
26598,27177
26598,27178
26598,27179
26599,27180
26599,27181
26600,27182
26600,27183
26601,27184
26601,27185
26602,27186
26602,27187
26602,27188
26603,27189
26603,27190
26604,27191
26604,27192
26605,27193
26605,27194
26605,27195
26606,27196
26606,27197
26607,27198
26607,27199
26607,27125
26608,27200
26608,27201
26608,27202
26609,27203
26609,27204
26609,27205
26610,27206
26610,27207
26610,27208
26611,27209
26611,27210
26612,27211
26612,27212
26612,27213
26613,27214
26613,27215
26613,27216
26614,27217
26614,27218
26614,27219
26615,27220
26615,27221
26616,27222
26616,27223
26617,27224
26617,27225
26618,27226
26618,27227
26618,27228
26619,27229
26619,27230
26619,27231
26620,27232
26620,27233
26620,27234
26621,27235
26621,27236
26622,27237
26622,27238
26622,27239
26623,27240
26623,27241
26624,27242
26624,27243
26624,27244
26625,27245
26625,27246
26625,27247
26626,27248
26626,27196
26627,27249
26627,27250
26627,27251
26628,27252
26628,27253
26628,27254
26629,27255
26629,27256
26629,27257
26630,27258
26630,27259
26630,27260
26631,27261
26631,27262
26631,27263
26632,27264
26632,27265
26632,27266
26633,27267
26633,27268
26633,27269
26634,27270
26634,27271
26634,27272
26635,27273
26635,27274
26636,27275
26636,27276
26637,27277
26637,27278
26637,27279
26638,27280
26638,27186
26638,27281
26639,27282
26639,27283
26640,27284
26640,27285
26641,27286
26641,27287
26641,27288
26642,27289
26642,27290
26642,27291
26643,27292
26643,27293
26644,27294
26644,27295
26644,27296
26645,27297
26645,27298
26646,27299
26646,27300
26646,27301
26647,27302
26647,27303
26647,27304
26648,27305
26648,27306
26648,27307
26649,27308
26649,27309
26650,27310
26650,27311
26651,27312
26651,27313
26652,27314
26652,27315
26652,27316
26653,27317
26653,27318
26654,27319
26654,27320
26655,27321
26655,27322
26656,27323
26656,27324
26656,27325
26657,27326
26657,27327
26658,27328
26658,27329
26659,27330
26659,27331
26659,27332
26660,27333
26660,27334
26660,27335
26661,27336
26661,27337
26661,27338
26662,27339
26662,27340
26663,27341
26663,27342
26664,27343
26664,27344
26664,27345
26665,27346
26665,27347
26665,27348
26666,27037
26666,27038
26666,27039
26667,27349
26667,27350
26667,27351
26668,27352
26668,27353
26668,27354
26669,27355
26669,27356
26669,27357
26670,27040
26670,27041
26671,27358
26671,27359
26672,27360
26672,27361
26673,27362
26673,27363
26674,27364
26674,27365
26675,27366
26675,27367
26675,27368
26676,27369
26676,27370
26676,27371
26677,27372
26677,27373
26677,27374
26678,27375
26678,27376
26678,27377
26679,27378
26679,27379
26680,27380
26680,27381
26681,27382
26681,27383
26681,27384
26682,27385
26682,27386
26683,27387
26683,27388
26683,27389
26684,27390
26684,27391
26685,27392
26685,27393
26686,27394
26686,27395
26686,27396
26687,27397
26687,27398
26688,27399
26688,27400
26689,27401
26689,27402
26689,27403
26690,27404
26690,27405
26690,27406
26691,27407
26691,27408
26691,27409
26692,27410
26692,27411
26692,27412
26693,27413
26693,27414
26694,27415
26694,27416
26695,27417
26695,27418
26695,27419
26696,27420
26696,27421
26697,27422
26697,27423
26697,27424
26698,27425
26698,27426
26699,27427
26699,27428
26699,27429
26700,27430
26700,27431
26700,27432
26701,27433
26701,27434
26701,27435
26702,27436
26702,27437
26703,27438
26703,27439
26704,27440
26704,27441
26705,27442
26705,27443
26706,27444
26706,27445
26706,27446
26707,27447
26707,27448
26707,27449
26708,27450
26708,27451
26709,27452
26709,27453
26709,27454
26710,27455
26710,27456
26710,27457
26711,27458
26711,27459
26712,27460
26712,27461
26712,27462
26713,27463
26713,27464
26714,27465
26714,27466
26715,27467
26715,27468
26716,27469
26716,27470
26716,27471
26717,27472
26717,27473
26718,27474
26718,27475
26719,27476
26719,27477
26719,27478
26720,27479
26720,27480
26721,27481
26721,27482
26721,27483
26722,27484
26722,27485
26723,27486
26723,27487
26724,27488
26724,27489
26724,27490
26725,27491
26725,27492
26725,27493
26726,27494
26726,27495
26727,27496
26727,27497
26728,27498
26728,27499
26728,27500
26729,27501
26729,27502
26729,27503
26730,27504
26730,27505
26731,27506
26731,27507
26732,27508
26732,27509
26732,27510
26733,27511
26733,27512
26733,27513
26734,27514
26734,27515
26734,27516
26735,27517
26735,27518
26736,27519
26736,27508
26737,27520
26737,27521
26737,27522
26738,27523
26738,27524
26738,27525
26739,27526
26739,27527
26740,27528
26740,27529
26741,27530
26741,27531
26742,27532
26742,27533
26743,27534
26743,27535
27037,27547
27037,27548
27037,27549
27038,27550
27038,27551
27039,27552
27039,27553
27039,27554
27040,27555
27040,27556
27041,27557
27041,27558
27042,27559
27042,27560
27043,27561
27043,27562
27043,27563
27044,27564
27044,27565
27045,27566
27045,27567
27045,27568
27046,27569
27046,27570
27047,27571
27047,27572
27048,27573
27048,27574
27048,27575
27049,27576
27049,27577
27049,27578
27050,27579
27050,27580
27050,27581
27051,27582
27051,27583
27051,27584
27052,27585
27052,27586
27052,27587
27053,27588
27053,27589
27053,27590
27054,27591
27054,27592
27055,27593
27055,27594
27056,27595
27056,27596
27056,27597
27057,27598
27057,27599
27058,27600
27058,27601
27058,27602
27059,27603
27059,27604
27059,27605
27060,27606
27060,27607
27061,27608
27061,27609
27062,27610
27062,27611
27062,27612
27063,27613
27063,27614
27064,27615
27064,27616
27064,27617
27065,27618
27065,27619
27066,27620
27066,27621
27066,27622
27067,27623
27067,27624
27067,27625
27068,27626
27068,27627
27068,27628
27069,27629
27069,27630
27070,27631
27070,27632
27071,27633
27071,27634
27071,27635
27072,27636
27072,27637
27073,27638
27073,27639
27073,27640
27074,27641
27074,27642
27074,27643
27075,27644
27075,27645
27075,27646
27076,27647
27076,27648
27076,27649
27077,27650
27077,27651
27077,27652
27078,27653
27078,27654
27079,27655
27079,27656
27080,27657
27080,27658
27080,27659
27081,27660
27081,27661
27081,27662
27082,27663
27082,27664
27082,27665
27083,27666
27083,27667
27084,27668
27084,27669
27084,27670
27085,27671
27085,27672
27086,27673
27086,27674
27086,27675
27087,27676
27087,27677
27087,27678
27088,27679
27088,27680
27089,27681
27089,27682
27089,27683
27090,27684
27090,27685
27091,27686
27091,27687
27092,27688
27092,27689
27093,27690
27093,27691
27093,27692
27094,27693
27094,27694
27095,27695
27095,27696
27095,27697
27096,27698
27096,27699
27097,27700
27097,27701
27097,27702
27098,27703
27098,27704
27099,27705
27099,27706
27099,27707
27100,27708
27100,27709
27100,27710
27101,27711
27101,27712
27102,27713
27102,27714
27102,27715
27103,27716
27103,27717
27104,27718
27104,27719
27104,27720
27105,27721
27105,27722
27106,27723
27106,27724
27107,27725
27107,27726
27107,27727
27108,27728
27108,27729
27108,27537
27109,27730
27109,27731
27110,27732
27110,27733
27111,27734
27111,27735
27111,27736
27112,27737
27112,27738
27112,27739
27113,27740
27113,27741
27113,27742
27114,27743
27114,27744
27115,27745
27115,27746
27116,27747
27116,27748
27117,27749
27117,27750
27118,27751
27118,27752
27119,27753
27119,27754
27120,27755
27120,27756
27120,27757
27121,27758
27121,27759
27121,27760
27122,27761
27122,27762
27123,27763
27123,27764
27124,27765
27124,27766
27125,27536
27125,27537
27126,27767
27126,27768
27127,27769
27127,27770
27128,27771
27128,27772
27128,27773
27129,27774
27129,27775
27129,27776
27130,27777
27130,27778
27131,27779
27131,27780
27132,27781
27132,27782
27133,27783
27133,27784
27134,27785
27134,27786
27135,27787
27135,27788
27136,27789
27136,27790
27137,27791
27137,27792
27137,27793
27138,27794
27138,27795
27139,27796
27139,27797
27140,27798
27140,27799
27140,27800
27141,27801
27141,27802
27142,27803
27142,27804
27143,27805
27143,27806
27143,27807
27144,27808
27144,27809
27144,27810
27145,27811
27145,27812
27145,27813
27146,27814
27146,27815
27146,27816
27147,27817
27147,27818
27148,27819
27148,27541
27148,27820
27149,27821
27149,27822
27149,27823
27150,27824
27150,27825
27150,27826
27151,27827
27151,27828
27152,27829
27152,27830
27153,27831
27153,27832
27153,27833
27154,27834
27154,27835
27154,27836
27155,27837
27155,27838
27156,27839
27156,27840
27156,27841
27157,27842
27157,27843
27157,27844
27158,27845
27158,27846
27158,27847
27159,27848
27159,27849
27160,27850
27160,27851
27160,27852
27161,27853
27161,27854
27161,27855
27162,27856
27162,27857
27163,27858
27163,27859
27164,27860
27164,27861
27164,27862
27165,27863
27165,27864
27166,27865
27166,27866
27167,27867
27167,27868
27168,27869
27168,27870
27168,27871
27169,27872
27169,27873
27169,27874
27170,27875
27170,27876
27171,27877
27171,27878
27172,27879
27172,27880
27173,27881
27173,27882
27173,27883
27174,27884
27174,27885
27174,27886
27175,27887
27175,27888
27176,27889
27176,27890
27177,27891
27177,27892
27177,27893
27178,27894
27178,27895
27179,27896
27179,27897
27180,27898
27180,27899
27181,27900
27181,27901
27182,27902
27182,27903
27183,27904
27183,27905
27183,27906
27184,27907
27184,27908
27184,27909
27185,27910
27185,27911
27186,27538
27186,27539
27186,27540
27187,27912
27187,27913
27188,27914
27188,27915
27188,27916
27189,27917
27189,27918
27190,27919
27190,27920
27190,27921
27191,27922
27191,27923
27191,27924
27192,27925
27192,27926
27193,27927
27193,27928
27194,27929
27194,27930
27195,27931
27195,27932
27195,27933
27196,27541
27196,27542
27196,27543
27197,27934
27197,27935
27197,27936
27198,27937
27198,27938
27199,27939
27199,27940
27199,27941
27200,27942
27200,27943
27201,27944
27201,27945
27202,27946
27202,27947
27202,27948
27203,27949
27203,27950
27203,27951
27204,27952
27204,27953
27205,27954
27205,27955
27206,27956
27206,27957
27206,27958
27207,27959
27207,27960
27208,27961
27208,27962
27208,27963
27209,27964
27209,27965
27209,27966
27210,27967
27210,27968
27211,27969
27211,27970
27211,27971
27212,27972
27212,27973
27212,27974
27213,27975
27213,27976
27213,27977
27214,27978
27214,27979
27214,27980
27215,27981
27215,27982
27215,27983
27216,27984
27216,27985
27216,27986
27217,27987
27217,27988
27218,27989
27218,27990
27219,27991
27219,27992
27220,27993
27220,27994
27221,27995
27221,27996
27222,27997
27222,27998
27223,27999
27223,28000
27224,28001
27224,28002
27225,28003
27225,28004
27225,28005
27226,28006
27226,28007
27227,28008
27227,28009
27227,28010
27228,28011
27228,28012
27228,28013
27229,28014
27229,28015
27230,28016
27230,28017
27230,28018
27231,28019
27231,28020
27231,28021
27232,28022
27232,28023
27233,28024
27233,28025
27234,28026
27234,28027
27235,28028
27235,28029
27235,28030
27236,28031
27236,28032
27236,28033
27508,27544
27508,27545
27508,27546
27536,28039
27536,28040
27536,28041
27537,28034
27537,28035
27537,28036
27538,28042
27538,28043
27538,28044
27539,28045
27539,28046
27539,28047
27540,28048
27540,28049
27541,28037
27541,28038
27542,28050
27542,28051
27542,28052
27543,28053
27543,28054
27544,28055
27544,28056
27545,28057
27545,28058
27546,28059
27546,28060
27546,28061
27547,28062
27547,28063
27547,28064
27548,28065
27548,28066
27548,28067
27549,28068
27549,28069
27550,28070
27550,28071
27550,28072
27551,28073
27551,28074
27551,28075
27552,28076
27552,28077
27552,28078
27553,28075
27553,28079
27553,28080
27554,28081
27554,28082
27554,28083
27555,28084
27555,28085
27556,28086
27556,28087
27557,28088
27557,28089
27557,28090
27558,28091
27558,28092
27558,28093
27559,28094
27559,28095
27560,28096
27560,28097
27560,28098
27561,28099
27561,28100
27562,28101
27562,28102
27563,28103
27563,28104
27563,28105
27564,28106
27564,28107
27564,28108
27565,28109
27565,28110
27566,28111
27566,28112
27567,28113
27567,28114
27568,28115
27568,28116
27568,28117
27569,28118
27569,28119
27570,28120
27570,28121
27571,28122
27571,28123
27571,28124
27572,28125
27572,28126
27572,28127
27573,28128
27573,28129
27573,28130
27574,28131
27574,28132
27575,28133
27575,28134
27576,28135
27576,28136
27576,28137
27577,28138
27577,28139
27578,28140
27578,28141
27578,28142
27579,28143
27579,28144
27579,28145
27580,28146
27580,28147
27581,28148
27581,28149
27581,28150
27582,28151
27582,28152
27583,28153
27583,28154
27584,28155
27584,28156
27584,28157
27585,28158
27585,28159
27586,28160
27586,28161
27587,28162
27587,28163
27587,28164
27588,28165
27588,28166
27588,28167
27589,28168
27589,28169
27589,28170
27590,28171
27590,28172
27590,28173
27591,28174
27591,28175
27591,28176
27592,28177
27592,28178
27592,28179
27593,28180
27593,28181
27593,28182
27594,28183
27594,28184
27595,28185
27595,28186
27595,28187
27596,28188
27596,28189
27597,28190
27597,28191
27597,28192
27598,28193
27598,28194
27599,28195
27599,28196
27599,28197
27600,28198
27600,28199
27600,28200
27601,28201
27601,28202
27602,28203
27602,28204
27602,28205
27603,28206
27603,28207
27604,28208
27604,28209
27604,28210
27605,28211
27605,28212
27605,28213
27606,28214
27606,28215
27606,28216
27607,28217
27607,28218
27608,28219
27608,28220
27608,28221
27609,28222
27609,28223
27609,28224
27610,28225
27610,28226
27610,28227
27611,28228
27611,28229
27612,28230
27612,28231
27613,28232
27613,28233
27613,28234
27614,28235
27614,28236
27615,28237
27615,28238
27615,28239
27616,28240
27616,28241
27617,28242
27617,28243
27617,28244
27618,28245
27618,28246
27618,28247
27619,28248
27619,28249
27620,28250
27620,28251
27620,28252
27621,28253
27621,28254
27621,28255
27622,28256
27622,28257
27623,28258
27623,28259
27624,28260
27624,28261
27625,28262
27625,28263
27626,28264
27626,28265
27627,28266
27627,28267
27627,28268
27628,28269
27628,28270
27629,28271
27629,28272
27630,28273
27630,28274
27630,28275
27631,28276
27631,28277
27632,28278
27632,28279
27632,28280
27633,28281
27633,28282
27633,28283
27634,28284
27634,28285
27634,28286
27635,28287
27635,28288
27635,28289
27636,28290
27636,28291
27637,28292
27637,28293
27637,28294
27638,28295
27638,28296
27639,28297
27639,28298
27639,28299
27640,28300
27640,28301
27641,28302
27641,28303
27641,28304
27642,28305
27642,28306
27642,28307
27643,28308
27643,28309
27643,28310
27644,28311
27644,28312
27644,28313
27645,28314
27645,28315
27646,28316
27646,28317
27646,28318
27647,28319
27647,28320
27648,28321
27648,28322
27648,28323
27649,28324
27649,28325
27650,28326
27650,28327
27651,28328
27651,28329
27651,28330
27652,28331
27652,28332
27653,28333
27653,28334
27653,28335
27654,28336
27654,28337
27654,28338
27655,28339
27655,28340
27656,28341
27656,28342
27656,28343
27657,28344
27657,28345
27658,28346
27658,28347
27658,28348
27659,28349
27659,28350
27659,28351
27660,28352
27660,28353
27661,28354
27661,28355
27661,28356
27662,28357
27662,28358
27663,28359
27663,28360
27664,28361
27664,28362
27665,28363
27665,28364
27665,28365
27666,28366
27666,28367
27667,28368
27667,28369
27668,28370
27668,28371
27668,28372
27669,28373
27669,28374
27670,28375
27670,28376
27671,28377
27671,28378
27671,28379
27672,28380
27672,28381
27672,28382
27673,28383
27673,28384
27674,28385
27674,28386
27675,28387
27675,28388
27675,28389
27676,28390
27676,28391
27677,28392
27677,28393
27678,28394
27678,28395
27679,28396
27679,28397
27679,28398
27680,28399
27680,28400
27680,28401
27681,28402
27681,28403
27681,28404
27682,28405
27682,28406
27682,28407
27683,28408
27683,28409
27683,28410
27684,28411
27684,28412
27684,28413
27685,28414
27685,28415
27686,28416
27686,28417
27686,28418
27687,28419
27687,28420
27688,28421
27688,28422
27689,28423
27689,28318
27689,28424
27690,28425
27690,28426
27690,28427
27691,28428
27691,28429
27692,28430
27692,28431
27693,28432
27693,28433
27694,28434
27694,28435
27695,28436
27695,28437
27696,28438
27696,28439
27697,28440
27697,28441
27697,28442
27698,28443
27698,28444
27698,28445
27699,28446
27699,28447
27700,28448
27700,28449
27700,28450
27701,28451
27701,28452
27701,28453
27702,28454
27702,28455
27702,28456
27703,28457
27703,28458
27704,28459
27704,28460
27705,28461
27705,28462
27706,28463
27706,28464
27707,28465
27707,28466
27707,28467
27708,28468
27708,28469
27708,28470
27709,28471
27709,28472
27709,28473
27710,28474
27710,28475
27711,28476
27711,28477
27711,28478
27712,28479
27712,28480
27713,28481
27713,28482
27714,28483
27714,28484
27715,28485
27715,28486
27716,28487
27716,28488
27717,28489
27717,28490
27718,28491
27718,28492
27718,28493
27719,28494
27719,28495
27720,28496
27720,28497
27721,28498
27721,28499
27722,28500
27722,28501
27722,28502
27723,28503
27723,28504
27723,28505
27724,28506
27724,28507
27724,28508
27725,28509
27725,28510
27726,28511
27726,28512
27727,28513
27727,28514
27728,28515
27728,28516
27729,28517
27729,28518
27729,28519
27730,28520
27730,28521
27731,28522
27731,28523
27732,28524
27732,28525
27733,28526
27733,28527
27734,28528
27734,28529
27734,28530
27735,28531
27735,28532
27735,28533
27736,28534
27736,28535
28034,28541
28034,28542
28035,28543
28035,28544
28036,28545
28036,28546
28036,28547
28037,28548
28037,28549
28038,28550
28038,28551
28038,28552
28039,28553
28039,28554
28039,28555
28040,28556
28040,28557
28040,28558
28041,28559
28041,28560
28041,28561
28042,28562
28042,28563
28043,28564
28043,28565
28043,28566
28044,28567
28044,28568
28045,28569
28045,28570
28046,28571
28046,28572
28047,28573
28047,28574
28047,28575
28048,28576
28048,28577
28049,28578
28049,28579
28049,28580
28050,28581
28050,28582
28051,28583
28051,28584
28051,28585
28052,28586
28052,28587
28052,28588
28053,28589
28053,28590
28053,28591
28054,28592
28054,28593
28055,28594
28055,28595
28056,28596
28056,28597
28057,28598
28057,28599
28058,28600
28058,28601
28058,28602
28059,28603
28059,28604
28060,28605
28060,28606
28061,28607
28061,28608
28062,28609
28062,28610
28063,28611
28063,28612
28063,28613
28064,28614
28064,28615
28065,28616
28065,28617
28065,28618
28066,28619
28066,28620
28067,28621
28067,28622
28068,28623
28068,28624
28069,28625
28069,28626
28069,28627
28070,28628
28070,28629
28070,28630
28071,28631
28071,28632
28071,28633
28072,28634
28072,28635
28073,28636
28073,28637
28074,28638
28074,28639
28074,28640
28075,28536
28075,28537
28075,28538
28076,28641
28076,28642
28076,28643
28077,28644
28077,28645
28077,28646
28078,28647
28078,28648
28078,28649
28079,28650
28079,28651
28079,28652
28080,28653
28080,28654
28081,28655
28081,28656
28081,28657
28082,28658
28082,28659
28083,28660
28083,28661
28083,28662
28084,28663
28084,28664
28085,28665
28085,28666
28085,28667
28086,28668
28086,28669
28087,28670
28087,28671
28087,28672
28088,28673
28088,28674
28088,28675
28089,28676
28089,28677
28090,28678
28090,28679
28090,28680
28091,28681
28091,28682
28091,28683
28092,28684
28092,28685
28093,28686
28093,28687
28094,28688
28094,28689
28094,28690
28095,28691
28095,28692
28096,28693
28096,28694
28096,28695
28097,28696
28097,28697
28097,28698
28098,28699
28098,28700
28098,28701
28099,28702
28099,28703
28100,28704
28100,28705
28101,28706
28101,28707
28102,28708
28102,28709
28102,28710
28103,28711
28103,28712
28103,28713
28104,28714
28104,28715
28104,28716
28105,28717
28105,28718
28105,28719
28106,28720
28106,28721
28107,28722
28107,28723
28107,28724
28108,28725
28108,28726
28109,28727
28109,28728
28109,28729
28110,28730
28110,28731
28110,28732
28111,28733
28111,28734
28112,28735
28112,28736
28113,28737
28113,28738
28114,28739
28114,28740
28115,28741
28115,28742
28115,28743
28116,28744
28116,28745
28117,28746
28117,28747
28117,28748
28118,28749
28118,28750
28119,28751
28119,28752
28120,28753
28120,28754
28121,28755
28121,28756
28122,28757
28122,28758
28122,28759
28123,28760
28123,28761
28123,28762
28124,28763
28124,28764
28125,28765
28125,28766
28125,28767
28126,28768
28126,28769
28127,28770
28127,28771
28127,28772
28128,28773
28128,28774
28129,28775
28129,28776
28129,28777
28130,28778
28130,28779
28130,28780
28131,28781
28131,28782
28131,28783
28132,28784
28132,28785
28133,28786
28133,28787
28134,28788
28134,28789
28134,28790
28135,28791
28135,28792
28135,28793
28136,28794
28136,28795
28136,28796
28137,28797
28137,28798
28138,28799
28138,28800
28138,28801
28139,28802
28139,28803
28139,28804
28140,28805
28140,28806
28141,28807
28141,28808
28142,28809
28142,28810
28143,28811
28143,28812
28144,28813
28144,28814
28145,28815
28145,28816
28146,28817
28146,28818
28147,28819
28147,28820
28148,28821
28148,28822
28148,28823
28149,28824
28149,28825
28149,28826
28150,28827
28150,28828
28151,28829
28151,28830
28151,28831
28152,28832
28152,28833
28153,28834
28153,28835
28153,28836
28154,28837
28154,28838
28154,28839
28155,28840
28155,28841
28155,28842
28156,28843
28156,28844
28157,28845
28157,28846
28157,28847
28158,28848
28158,28849
28158,28850
28159,28851
28159,28852
28160,28853
28160,28854
28160,28855
28161,28856
28161,28857
28162,28858
28162,28859
28163,28860
28163,28861
28164,28862
28164,28863
28165,28864
28165,28865
28165,28866
28166,28867
28166,28868
28167,28869
28167,28870
28168,28871
28168,28872
28169,28873
28169,28874
28170,28875
28170,28876
28171,28877
28171,28878
28171,28879
28172,28880
28172,28881
28172,28882
28173,28883
28173,28884
28174,28885
28174,28886
28175,28887
28175,28888
28175,28889
28176,28890
28176,28891
28177,28892
28177,28893
28178,28894
28178,28895
28178,28896
28179,28897
28179,28898
28180,28899
28180,28900
28181,28901
28181,28902
28182,28903
28182,28904
28182,28905
28183,28906
28183,28907
28184,28908
28184,28909
28185,28910
28185,28911
28186,28912
28186,28913
28186,28914
28187,28915
28187,28916
28188,28917
28188,28918
28188,28919
28189,28920
28189,28921
28190,28922
28190,28923
28191,28924
28191,28925
28192,28926
28192,28927
28193,28928
28193,28929
28193,28930
28194,28931
28194,28932
28195,28933
28195,28934
28196,28935
28196,28936
28196,28937
28197,28938
28197,28939
28198,28940
28198,28941
28198,28942
28199,28943
28199,28944
28200,28945
28200,28946
28200,28947
28201,28948
28201,28949
28201,28950
28202,28951
28202,28952
28203,28953
28203,28954
28204,28955
28204,28956
28205,28957
28205,28958
28206,28959
28206,28960
28207,28961
28207,28962
28208,28963
28208,28964
28208,28965
28209,28966
28209,28967
28209,28968
28210,28969
28210,28970
28211,28971
28211,28972
28211,28973
28212,28974
28212,28975
28213,28976
28213,28977
28214,28978
28214,28979
28214,28980
28215,28981
28215,28982
28215,28983
28216,28984
28216,28985
28217,28986
28217,28987
28217,28988
28218,28989
28218,28990
28218,28991
28219,28992
28219,28993
28220,28994
28220,28995
28221,28996
28221,28997
28222,28998
28222,28999
28223,28959
28223,29000
28223,29001
28224,29002
28224,29003
28225,29004
28225,28820
28226,29005
28226,29006
28226,29007
28227,29008
28227,29009
28228,29010
28228,29011
28229,29012
28229,29013
28229,29014
28230,29015
28230,29016
28231,29017
28231,29018
28231,29019
28232,29020
28232,29021
28232,29022
28233,29023
28233,29024
28233,29025
28318,28539
28318,28540
28536,29033
28536,29034
28537,29035
28537,29036
28538,29037
28538,29038
28539,29039
28539,29040
28539,29041
28540,29042
28540,29043
28541,29044
28541,29045
28541,29046
28542,29047
28542,29048
28542,29049
28543,29026
28543,29027
28544,29050
28544,29051
28545,29052
28545,29053
28546,29054
28546,29055
28547,29056
28547,29057
28548,29058
28548,29059
28549,29060
28549,29061
28550,29062
28550,29063
28551,29064
28551,29065
28551,29066
28552,29067
28552,29068
28553,29069
28553,29070
28553,29071
28554,29072
28554,29073
28554,29074
28555,29075
28555,29076
28555,29077
28556,29078
28556,29079
28557,29080
28557,29081
28558,29082
28558,29083
28558,29084
28559,29085
28559,29086
28559,29087
28560,29088
28560,29089
28560,29090
28561,29091
28561,29092
28561,29093
28562,29094
28562,29095
28562,29096
28563,29097
28563,29098
28564,29099
28564,29100
28565,29101
28565,29102
28565,29103
28566,29104
28566,29105
28567,29106
28567,29107
28568,29108
28568,29109
28568,29110
28569,29111
28569,29112
28569,29113
28570,29114
28570,29115
28570,29116
28571,29117
28571,29118
28572,29119
28572,29120
28572,29121
28573,29122
28573,29123
28573,29124
28574,29125
28574,29126
28575,29127
28575,29128
28575,29129
28576,29130
28576,29131
28577,29132
28577,29133
28577,29134
28578,29135
28578,29136
28579,29137
28579,29138
28579,29139
28580,29140
28580,29141
28580,29142
28581,29143
28581,29144
28582,29145
28582,29146
28583,29147
28583,29148
28584,29149
28584,29150
28585,29151
28585,29152
28586,29153
28586,29154
28587,29155
28587,29156
28588,29157
28588,29158
28589,29159
28589,29160
28590,29161
28590,29162
28590,29163
28591,29164
28591,29165
28592,29166
28592,29167
28592,29168
28593,29169
28593,29170
28593,29171
28594,29172
28594,29173
28595,29174
28595,29175
28595,29176
28596,29177
28596,29178
28596,29179
28597,29180
28597,29181
28598,29182
28598,29183
28598,29184
28599,29185
28599,29186
28600,29187
28600,29188
28601,29189
28601,29190
28602,29191
28602,29192
28602,29193
28603,29194
28603,29195
28603,29196
28604,29197
28604,29198
28605,29199
28605,29200
28605,29201
28606,29202
28606,29203
28606,29204
28607,29205
28607,29206
28607,29207
28608,29208
28608,29209
28609,29210
28609,29211
28609,29212
28610,29213
28610,29214
28610,29215
28611,29216
28611,29217
28612,29218
28612,29219
28613,29220
28613,29221
28614,29222
28614,29223
28614,29224
28615,29225
28615,29226
28615,29227
28616,29228
28616,29229
28616,29230
28617,29231
28617,29232
28617,29233
28618,29234
28618,29235
28618,29236
28619,29237
28619,29238
28620,29239
28620,29240
28621,29241
28621,29242
28621,29243
28622,29244
28622,29245
28623,29246
28623,29247
28623,29248
28624,29249
28624,29250
28624,29251
28625,29252
28625,29253
28625,29254
28626,29255
28626,29256
28627,29257
28627,29258
28627,29259
28628,29260
28628,29261
28629,29262
28629,29263
28629,29264
28630,29265
28630,29266
28630,29267
28631,29268
28631,29269
28631,29270
28632,29271
28632,29272
28633,29273
28633,29274
28634,29275
28634,29276
28635,29277
28635,29278
28636,29279
28636,29280
28637,29281
28637,29282
28638,29283
28638,29284
28638,29285
28639,29286
28639,29287
28640,29288
28640,29289
28641,29290
28641,29291
28642,29292
28642,29293
28642,29294
28643,29295
28643,29296
28644,29297
28644,29298
28644,29299
28645,29300
28645,29301
28646,29302
28646,29303
28647,29304
28647,29305
28648,29306
28648,29307
28648,29308
28649,29309
28649,29310
28649,29311
28650,29312
28650,29313
28650,29314
28651,29315
28651,29316
28652,29317
28652,29318
28652,29319
28653,29320
28653,29321
28654,29322
28654,29323
28655,29324
28655,29325
28655,29326
28656,29327
28656,29328
28657,29329
28657,29330
28657,29331
28658,29332
28658,29333
28658,29334
28659,29335
28659,29336
28660,29337
28660,29338
28661,29339
28661,29340
28662,29341
28662,29342
28662,29343
28663,29344
28663,29345
28663,29346
28664,29347
28664,29348
28665,29349
28665,29350
28665,29351
28666,29352
28666,29353
28667,29354
28667,29355
28668,29356
28668,29357
28668,29358
28669,29359
28669,29360
28669,29361
28670,29362
28670,29363
28670,29364
28671,29365
28671,29366
28671,29367
28672,29368
28672,29369
28673,29370
28673,29371
28674,29372
28674,29373
28675,29374
28675,29375
28676,29376
28676,29377
28676,29378
28677,29379
28677,29380
28677,29381
28678,29382
28678,29383
28678,29384
28679,29385
28679,29386
28680,29387
28680,29388
28681,29389
28681,29390
28681,29391
28682,29392
28682,29393
28682,29394
28683,29395
28683,29396
28684,29397
28684,29398
28685,29399
28685,29400
28685,29401
28686,29402
28686,29403
28686,29404
28687,29405
28687,29406
28688,29407
28688,29408
28688,29409
28689,29410
28689,29411
28690,29412
28690,29413
28691,29414
28691,29415
28691,29416
28692,29417
28692,29418
28692,29419
28693,29420
28693,29421
28694,29422
28694,29423
28694,29424
28695,29425
28695,29426
28696,29427
28696,29428
28697,29429
28697,29430
28697,29431
28698,29432
28698,29433
28698,29434
28699,29435
28699,29436
28699,29437
28700,29438
28700,29439
28700,29440
28701,29441
28701,29442
28701,29443
28702,29444
28702,29445
28703,29446
28703,29447
28703,29448
28704,29449
28704,29450
28705,29451
28705,29452
28705,29453
28706,29454
28706,29455
28706,29456
28707,29457
28707,29458
28707,29459
28708,29460
28708,29461
28708,29462
28709,29463
28709,29464
28709,29465
28710,29466
28710,29467
28710,29468
28711,29469
28711,29470
28711,29471
28712,29472
28712,29473
28713,29474
28713,29475
28713,29476
28714,29477
28714,29478
28714,29479
28715,29480
28715,29481
28716,29482
28716,29483
28716,29484
28717,29485
28717,29486
28717,29487
28718,29488
28718,29489
28718,29490
28719,29491
28719,29492
28719,29493
28720,29494
28720,29495
28721,29496
28721,29497
28722,29498
28722,29499
28722,29500
28723,29501
28723,29502
28723,29503
28724,29504
28724,29505
28724,29506
28725,29507
28725,29508
28725,29509
28726,29510
28726,29511
28726,29512
28727,29513
28727,29514
28727,29515
28728,29516
28728,29517
28729,29518
28729,29519
28729,29520
28730,29521
28730,29522
28731,29523
28731,29524
28732,29525
28732,29526
28732,29527
28733,29528
28734,29529
28734,29530
28820,29028
28820,29029
28820,29030
28959,29031
28959,29032
29026,29534
29026,29535
29027,29536
29027,29537
29028,29538
29028,29539
29029,29540
29029,29541
29029,29542
29030,29543
29030,29544
29030,29545
29031,29546
29031,29547
29031,29548
29032,29549
29032,29550
29033,29551
29033,29552
29033,29553
29034,29554
29034,29555
29035,29556
29035,29557
29036,29558
29036,29559
29037,29560
29037,29561
29037,29562
29038,29563
29038,29564
29038,29565
29039,29552
29039,29566
29040,29567
29040,29568
29041,29569
29041,29570
29041,29571
29042,29572
29042,29573
29043,29574
29043,29575
29043,29576
29044,29577
29044,29578
29045,29579
29045,29580
29045,29581
29046,29582
29046,29583
29047,29584
29047,29585
29048,29586
29048,29587
29048,29588
29049,29589
29049,29590
29049,29591
29050,29592
29050,29593
29051,29594
29051,29595
29051,29596
29052,29597
29052,29598
29052,29599
29053,29600
29053,29601
29053,29602
29054,29603
29054,29604
29055,29605
29055,29606
29056,29607
29056,29608
29057,29609
29057,29610
29058,29611
29058,29612
29059,29613
29059,29614
29059,29615
29060,29616
29060,29617
29060,29618
29061,29619
29061,29620
29062,29621
29062,29622
29063,29623
29063,29624
29063,29625
29064,29626
29064,29627
29065,29628
29065,29629
29066,29630
29066,29631
29067,29632
29067,29633
29067,29634
29068,29635
29068,29636
29069,29637
29069,29638
29070,29639
29070,29640
29070,29641
29071,29642
29071,29643
29071,29644
29072,29645
29072,29646
29072,29647
29073,29648
29073,29649
29073,29650
29074,29651
29074,29652
29074,29653
29075,29654
29075,29655
29075,29656
29076,29657
29076,29658
29076,29659
29077,29660
29077,29661
29077,29662
29078,29663
29078,29664
29079,29665
29079,29666
29079,29667
29080,29668
29080,29669
29080,29670
29081,29671
29081,29672
29081,29673
29082,29674
29082,29675
29083,29676
29083,29677
29084,29678
29084,29679
29084,29680
29085,29681
29085,29682
29086,29683
29086,29684
29087,29685
29087,29686
29087,29687
29088,29688
29088,29689
29088,29690
29089,29691
29089,29692
29090,29693
29090,29694
29091,29695
29091,29696
29092,29697
29092,29698
29092,29699
29093,29700
29093,29701
29094,29702
29094,29703
29094,29704
29095,29705
29095,29706
29096,29707
29096,29708
29096,29709
29097,29710
29097,29711
29098,29712
29098,29713
29099,29714
29099,29715
29100,29716
29100,29717
29101,29718
29101,29719
29101,29720
29102,29721
29102,29722
29103,29723
29103,29724
29103,29725
29104,29726
29104,29727
29105,29728
29105,29729
29105,29730
29106,29731
29106,29732
29106,29733
29107,29734
29107,29735
29107,29736
29108,29737
29108,29738
29109,29739
29109,29740
29109,29741
29110,29742
29110,29743
29111,29744
29111,29745
29111,29746
29112,29747
29112,29748
29112,29749
29113,29750
29113,29751
29114,29752
29114,29753
29114,29754
29115,29755
29115,29756
29115,29757
29116,29758
29116,29759
29117,29760
29117,29761
29117,29762
29118,29763
29118,29764
29119,29765
29119,29766
29120,29767
29120,29768
29121,29769
29121,29770
29121,29771
29122,29772
29122,29773
29122,29774
29123,29775
29123,29776
29123,29777
29124,29778
29124,29779
29125,29780
29125,29781
29126,29782
29126,29783
29127,29784
29127,29785
29127,29786
29128,29787
29128,29788
29128,29789
29129,29790
29129,29791
29130,29792
29130,29793
29131,29794
29131,29795
29132,29796
29132,29797
29132,29798
29133,29799
29133,29800
29133,29801
29134,29802
29134,29803
29134,29804
29135,29805
29135,29806
29135,29807
29136,29808
29136,29809
29137,29810
29137,29811
29137,29812
29138,29813
29138,29814
29139,29815
29139,29816
29139,29817
29140,29818
29140,29819
29140,29820
29141,29821
29141,29822
29142,29823
29142,29824
29142,29825
29143,29826
29143,29827
29143,29828
29144,29829
29144,29830
29144,29831
29145,29832
29145,29833
29145,29834
29146,29835
29146,29836
29146,29837
29147,29838
29147,29839
29147,29840
29148,29841
29148,29842
29148,29843
29149,29844
29149,29845
29149,29846
29150,29847
29150,29848
29151,29849
29151,29850
29151,29851
29152,29852
29152,29853
29152,29854
29153,29855
29153,29856
29154,29857
29155,29858
29155,29859
29156,29860
29156,29861
29156,29862
29157,29863
29157,29864
29157,29865
29158,29866
29158,29867
29158,29868
29159,29869
29159,29870
29160,29871
29160,29872
29161,29873
29161,29874
29161,29875
29162,29876
29162,29877
29163,29878
29163,29879
29164,29880
29164,29881
29164,29882
29165,29883
29165,29884
29165,29885
29166,29886
29166,29887
29166,29888
29167,29889
29167,29890
29168,29891
29168,29892
29168,29893
29169,29894
29169,29895
29169,29896
29170,29897
29170,29898
29171,29899
29171,29900
29172,29901
29172,29902
29173,29903
29173,29904
29174,29905
29174,29906
29174,29907
29175,29908
29175,29909
29175,29910
29176,29911
29176,29912
29177,29913
29177,29914
29178,29915
29178,29916
29179,29917
29179,29918
29179,29919
29180,29920
29180,29921
29180,29922
29181,29923
29181,29924
29181,29925
29182,29926
29182,29927
29183,29928
29183,29929
29184,29930
29184,29931
29185,29932
29185,29933
29185,29934
29186,29935
29186,29936
29186,29937
29187,29938
29187,29939
29187,29940
29188,29941
29188,29942
29189,29943
29189,29944
29190,29945
29190,29946
29191,29947
29191,29948
29192,29949
29192,29950
29193,29951
29193,29952
29193,29953
29194,29954
29194,29955
29195,29956
29195,29957
29195,29958
29196,29959
29196,29960
29196,29961
29197,29962
29197,29963
29198,29964
29198,29965
29199,29966
29199,29967
29199,29968
29200,29969
29200,29970
29200,29971
29201,29972
29201,29973
29202,29974
29203,29975
29203,29976
29204,29977
29204,29978
29205,29979
29205,29980
29205,29981
29206,29982
29206,29983
29207,29984
29207,29985
29208,29986
29208,29987
29209,29988
29209,29989
29209,29990
29210,29991
29210,29992
29211,29993
29211,29994
29211,29995
29212,29996
29212,29997
29213,29998
29213,29999
29214,30000
29214,30001
29215,30002
29215,30003
29216,30004
29216,30005
29216,30006
29217,30007
29217,30008
29218,30009
29218,30010
29218,30011
29219,30012
29219,30013
29219,30014
29220,30015
29220,30016
29221,30017
29221,30018
29221,30019
29222,30020
29222,30021
29222,30022
29223,30023
29223,30024
29224,30025
29224,30026
29224,30027
29225,30028
29225,30029
29528,29531
29528,29532
29528,29533
29531,30040
29531,30041
29531,30042
29532,30043
29532,30044
29532,30045
29533,30046
29533,30047
29534,30048
29534,30049
29535,30050
29535,30051
29536,30052
29536,30053
29537,30054
29537,30055
29537,30056
29538,30057
29538,30058
29539,30059
29539,30060
29539,30061
29540,30062
29540,30063
29540,30064
29541,30065
29541,30066
29542,30067
29542,30068
29542,30069
29543,30070
29543,30071
29543,30072
29544,30073
29544,30074
29545,30075
29545,30076
29546,30077
29546,30078
29547,30079
29547,30080
29547,30081
29548,30082
29548,30083
29549,30084
29549,30085
29549,30086
29550,30087
29550,30088
29550,30089
29551,30090
29551,30091
29552,30030
29552,30031
29552,30032
29553,30092
29553,30093
29553,30094
29554,30095
29554,30096
29555,30097
29555,30098
29556,30099
29556,30100
29556,30101
29557,30102
29557,30103
29558,30104
29558,30105
29558,30106
29559,30107
29559,30108
29560,30109
29560,30110
29560,30111
29561,30112
29561,30113
29561,30114
29562,30115
29562,30116
29562,30117
29563,30118
29563,30119
29563,30120
29564,30121
29564,30122
29564,30123
29565,30124
29565,30125
29565,30126
29566,30127
29566,30128
29566,30129
29567,30130
29567,30131
29567,30132
29568,30133
29568,30134
29568,30135
29569,30136
29569,30137
29570,30138
29570,30139
29570,30140
29571,30141
29571,30142
29571,30143
29572,30144
29572,30145
29573,30146
29573,30147
29573,30148
29574,30149
29574,30150
29575,30151
29575,30152
29575,30153
29576,30154
29576,30155
29577,30156
29577,30157
29577,30158
29578,30159
29578,30160
29579,30161
29579,30162
29579,30163
29580,30164
29580,30165
29581,30166
29581,30167
29582,30168
29582,30169
29582,30170
29583,30171
29583,30172
29583,30173
29584,30174
29584,30175
29585,30176
29585,30177
29586,30178
29586,30179
29587,30180
29587,30181
29588,30182
29588,30183
29589,30184
29589,30185
29589,30186
29590,30187
29590,30188
29590,30189
29591,30190
29591,30191
29592,30192
29592,30193
29593,30194
29593,30195
29594,30196
29594,30197
29595,30198
29595,30199
29595,30200
29596,30201
29596,30202
29597,30203
29597,30204
29597,30205
29598,30206
29598,30207
29598,30208
29599,30209
29599,30210
29600,30211
29600,30212
29601,30213
29601,30214
29601,30203
29602,30215
29602,30216
29602,30217
29603,30218
29603,30219
29604,30220
29604,30221
29605,30222
29605,30223
29606,30224
29606,30225
29606,30226
29607,30227
29607,30228
29607,30229
29608,30230
29608,30231
29609,30232
29609,30233
29610,30234
29610,30235
29610,30236
29611,30237
29611,30238
29611,30239
29612,30240
29612,30241
29612,30242
29613,30243
29613,30244
29614,30245
29614,30246
29615,30247
29615,30248
29616,30249
29616,30250
29617,30251
29617,30252
29618,30253
29618,30254
29618,30255
29619,30256
29619,30257
29620,30258
29620,30259
29620,30260
29621,30261
29621,30262
29621,30263
29622,30264
29622,30265
29622,30266
29623,30267
29623,30268
29623,30269
29624,30270
29624,30271
29624,30272
29625,30273
29625,30274
29625,30275
29626,30276
29626,30277
29626,30278
29627,30279
29627,30280
29628,30281
29628,30282
29629,30283
29629,30284
29629,30285
29630,30286
29630,30287
29631,30288
29631,30289
29632,30290
29632,30291
29632,30292
29633,30293
29633,30294
29634,30295
29634,30296
29635,30297
29635,30298
29636,30299
29636,30300
29637,30301
29637,30302
29638,30303
29638,30304
29639,30305
29639,30306
29640,30307
29640,30308
29641,30309
29641,30310
29641,30311
29642,30312
29642,30313
29643,30314
29643,30315
29643,30316
29644,30317
29644,30318
29645,30319
29645,30320
29646,30321
29646,30322
29646,30323
29647,30324
29647,30325
29648,30326
29648,30327
29648,30328
29649,30329
29649,30330
29650,30331
29650,30332
29650,30333
29651,30334
29651,30335
29652,30336
29652,30337
29652,30338
29653,30339
29653,30340
29654,30341
29654,30342
29655,30343
29655,30344
29655,30345
29656,30346
29656,30347
29656,30348
29657,30349
29657,30350
29658,30351
29658,30352
29659,30353
29659,30354
29659,30355
29660,30356
29660,30357
29661,30358
29661,30359
29662,30360
29662,30361
29663,30362
29663,30363
29663,30364
29664,30365
29664,30366
29665,30367
29665,30368
29665,30369
29666,30370
29666,30371
29666,30372
29667,30373
29667,30374
29668,30375
29668,30376
29668,30377
29669,30378
29669,30379
29670,30380
29670,30381
29670,30382
29671,30383
29671,30384
29672,30385
29672,30386
29672,30387
29673,30388
29673,30389
29674,30390
29674,30391
29674,30392
29675,30393
29675,30394
29675,30395
29676,30396
29676,30397
29676,30398
29677,30399
29677,30400
29678,30401
29678,30402
29679,30403
29679,30404
29679,30405
29680,30406
29680,30407
29681,30408
29681,30409
29681,30410
29682,30411
29682,30412
29682,30413
29683,30414
29683,30415
29684,30416
29684,30417
29685,30418
29685,30419
29686,30420
29686,30421
29687,30422
29687,30423
29688,30424
29688,30425
29689,30426
29689,30427
29689,30428
29690,30429
29690,30430
29690,30431
29691,30432
29691,30433
29692,30434
29692,30435
29693,30436
29693,30437
29693,30438
29694,30439
29694,30440
29694,30441
29695,30442
29695,30443
29695,30444
29696,30445
29696,30446
29696,30447
29697,30448
29697,30449
29697,30450
29698,30451
29698,30452
29699,30453
29699,30454
29700,30455
29700,30456
29700,30457
29701,30458
29701,30459
29701,30460
29702,30461
29702,30462
29702,30463
29703,30464
29703,30465
29703,30466
29704,30467
29704,30468
29704,30469
29705,30470
29705,30471
29706,30472
29706,30473
29706,30474
29707,30475
29707,30476
29707,30477
29708,30478
29708,30479
29708,30480
29709,30481
29709,30482
29709,30483
29710,30484
29710,30485
29710,30486
29711,30487
29711,30488
29711,30489
29712,30490
29712,30491
29712,30492
29713,30493
29713,30494
29714,30495
29714,30496
29714,30497
29715,30498
29715,30499
29716,30500
29716,30501
29716,30502
29717,30503
29717,30504
29718,30505
29718,30506
29719,30507
29719,30508
29720,30509
29720,30510
29720,30511
29721,30512
29721,30513
29721,30514
29722,30515
29722,30516
29722,30517
29723,30518
29723,30519
29723,30520
29724,30521
29724,30522
29724,30523
29725,30524
29725,30525
29726,30526
29726,30527
29726,30528
29727,30529
29727,30530
29728,30531
29728,30532
29857,30033
29857,30034
29902,30035
29902,30036
29974,30037
29974,30038
29974,30039
30030,30535
30030,30536
30031,30537
30031,30538
30031,30539
30032,30540
30032,30541
30032,30542
30033,30543
30033,30544
30034,30545
30034,30546
30035,30547
30035,30548
30036,30549
30036,30550
30037,30551
30037,30552
30038,30553
30038,30554
30039,30555
30039,30556
30039,30557
30040,30558
30040,30559
30040,30560
30041,30561
30041,30562
30041,30563
30042,30564
30042,30565
30043,30566
30043,30567
30043,30568
30044,30569
30044,30570
30044,30571
30045,30572
30045,30573
30045,30574
30046,30575
30046,30576
30047,30577
30047,30578
30047,30579
30048,30580
30048,30581
30048,30582
30049,30583
30049,30584
30050,30585
30050,30586
30050,30587
30051,30588
30051,30589
30052,30590
30052,30591
30052,30592
30053,30593
30053,30594
30053,30595
30054,30596
30054,30597
30055,30598
30055,30599
30056,30600
30056,30601
30057,30602
30057,30603
30058,30604
30058,30605
30059,30606
30059,30607
30060,30608
30060,30609
30061,30610
30061,30611
30062,30612
30062,30613
30062,30614
30063,30615
30063,30616
30064,30617
30064,30618
30065,30619
30065,30620
30066,30621
30066,30622
30067,30623
30067,30624
30068,30625
30068,30626
30069,30627
30069,30628
30070,30629
30070,30630
30071,30631
30071,30632
30071,30633
30072,30634
30072,30635
30073,30636
30073,30637
30074,30638
30074,30639
30075,30640
30075,30641
30076,30642
30076,30643
30077,30644
30077,30645
30077,30646
30078,30647
30078,30648
30078,30649
30079,30650
30079,30651
30079,30652
30080,30653
30080,30654
30081,30655
30081,30656
30082,30657
30082,30658
30082,30659
30083,30660
30083,30661
30083,30662
30084,30663
30084,30664
30085,30665
30085,30666
30086,30667
30086,30668
30086,30669
30087,30670
30087,30671
30088,30672
30088,30673
30088,30674
30089,30675
30089,30676
30089,30677
30090,30678
30090,30679
30091,30680
30091,30681
30092,30682
30092,30683
30092,30684
30093,30685
30093,30686
30093,30687
30094,30688
30094,30689
30094,30690
30095,30691
30095,30692
30096,30693
30096,30694
30096,30695
30097,30696
30097,30697
30098,30698
30098,30699
30099,30700
30099,30701
30100,30702
30100,30703
30101,30704
30101,30705
30102,30706
30102,30707
30103,30708
30103,30709
30104,30710
30104,30711
30104,30712
30105,30713
30105,30714
30105,30715
30106,30716
30106,30717
30106,30718
30107,30719
30107,30720
30108,30721
30108,30722
30109,30723
30109,30724
30110,30725
30110,30726
30111,30727
30111,30728
30112,30729
30112,30730
30112,30731
30113,30732
30113,30733
30114,30734
30114,30735
30114,30736
30115,30737
30115,30738
30116,30739
30116,30740
30117,30741
30117,30742
30118,30743
30118,30744
30119,30745
30119,30746
30119,30747
30120,30748
30120,30749
30120,30750
30121,30751
30121,30752
30121,30753
30122,30754
30122,30755
30122,30756
30123,30757
30123,30758
30124,30759
30124,30760
30125,30761
30125,30762
30125,30763
30126,30764
30126,30765
30126,30766
30127,30767
30127,30768
30127,30769
30128,30770
30128,30771
30128,30772
30129,30773
30129,30774
30130,30775
30130,30776
30131,30777
30131,30778
30132,30779
30132,30780
30133,30781
30133,30782
30134,30783
30134,30784
30134,30785
30135,30786
30135,30787
30136,30788
30136,30789
30137,30790
30137,30791
30137,30792
30138,30793
30138,30794
30138,30795
30139,30795
30139,30796
30139,30797
30140,30798
30140,30799
30140,30800
30141,30801
30141,30802
30142,30803
30142,30804
30142,30805
30143,30806
30143,30807
30143,30808
30144,30809
30144,30810
30144,30811
30145,30812
30145,30813
30145,30814
30146,30815
30146,30816
30146,30817
30147,30818
30147,30819
30148,30820
30148,30821
30149,30822
30149,30823
30149,30824
30150,30825
30150,30826
30151,30827
30151,30828
30151,30829
30152,30830
30152,30831
30152,30832
30153,30833
30153,30834
30153,30835
30154,30836
30154,30837
30155,30838
30155,30839
30156,30840
30156,30841
30156,30842
30157,30843
30157,30844
30158,30845
30158,30846
30159,30847
30159,30848
30160,30849
30160,30850
30161,30851
30161,30852
30162,30853
30162,30854
30163,30855
30163,30856
30164,30857
30164,30858
30164,30859
30165,30860
30165,30861
30165,30862
30166,30863
30166,30864
30167,30865
30167,30866
30168,30867
30168,30868
30168,30869
30169,30870
30169,30871
30170,30872
30170,30873
30171,30874
30171,30875
30171,30876
30172,30877
30172,30878
30172,30879
30173,30880
30173,30881
30174,30882
30174,30883
30174,30884
30175,30885
30175,30886
30176,30887
30176,30888
30177,30889
30177,30890
30178,30891
30178,30892
30178,30893
30179,30894
30179,30895
30179,30896
30180,30897
30180,30898
30180,30899
30181,30900
30181,30901
30181,30902
30182,30903
30182,30904
30182,30905
30183,30906
30183,30907
30183,30908
30184,30909
30184,30910
30184,30911
30185,30912
30185,30913
30186,30914
30186,30915
30187,30916
30187,30917
30187,30918
30188,30919
30188,30920
30188,30921
30189,30922
30189,30923
30189,30924
30190,30925
30190,30926
30190,30927
30191,30928
30191,30929
30191,30930
30192,30931
30192,30932
30193,30933
30193,30934
30193,30935
30194,30936
30194,30937
30194,30938
30195,30939
30195,30940
30195,30941
30196,30942
30196,30943
30196,30944
30197,30945
30197,30946
30198,30947
30198,30948
30198,30949
30199,30950
30199,30951
30199,30952
30200,30953
30200,30954
30201,30955
30201,30956
30202,30957
30202,30958
30202,30959
30203,30533
30203,30534
30204,30960
30204,30961
30205,30962
30205,30963
30205,30964
30206,30965
30206,30966
30207,30967
30207,30968
30208,30969
30208,30970
30209,30971
30209,30972
30209,30973
30210,30974
30210,30975
30210,30976
30211,30977
30211,30978
30211,30979
30212,30980
30212,30981
30212,30982
30213,30983
30213,30984
30214,30985
30214,30986
30214,30987
30215,30988
30215,30989
30216,30990
30216,30991
30217,30992
30217,30993
30218,30994
30218,30995
30218,30996
30219,30997
30219,30998
30219,30999
30220,31000
30220,31001
30221,31002
30221,31003
30221,31004
30222,31005
30222,31006
30223,31007
30223,31008
30223,31009
30224,31010
30224,31011
30225,31012
30225,31013
30226,31014
30226,31015
30226,31016
30227,31017
30227,31018
30227,31019
30228,31020
30228,31021
30228,31022
30229,31023
30229,31024
30229,31025
30230,31026
30230,31027
30230,31028
30533,31031
30533,31032
30533,31033
30534,31034
30534,31035
30535,31036
30535,31037
30535,31038
30536,31039
30536,31040
30537,31041
30537,31042
30538,31043
30538,31044
30539,31045
30539,31046
30540,31047
30540,31048
30541,31049
30541,31050
30541,31051
30542,31052
30542,31053
30543,31054
30543,31055
30543,31056
30544,31057
30544,31058
30545,31059
30545,31060
30546,31061
30546,31062
30547,31063
30547,31064
30547,31065
30548,31066
30548,31067
30549,31068
30549,31069
30550,31070
30550,31071
30551,31072
30551,31073
30551,31074
30552,31075
30552,31076
30552,31077
30553,31078
30553,31079
30554,31080
30554,31081
30554,31082
30555,31083
30555,31084
30555,31085
30556,31086
30556,31087
30557,31088
30557,31089
30558,31090
30558,31091
30558,31092
30559,31093
30559,31094
30559,31095
30560,31096
30560,31097
30561,31098
30561,31099
30561,31100
30562,31101
30562,31102
30562,31103
30563,31104
30563,31105
30563,31106
30564,31107
30564,31108
30565,31109
30565,31110
30565,31111
30566,31112
30566,31113
30567,31114
30567,31115
30568,31116
30568,31117
30569,31118
30569,31119
30570,31120
30570,31121
30571,31122
30571,31123
30572,31124
30572,31125
30572,31126
30573,31127
30573,31128
30573,31129
30574,31130
30574,31131
30575,31132
30575,31133
30576,31134
30576,31135
30576,31136
30577,31137
30577,31138
30578,31139
30578,31140
30579,31141
30579,31142
30579,31143
30580,31144
30580,31145
30581,31146
30581,31147
30582,31148
30582,31149
30583,31150
30583,31151
30583,31152
30584,31153
30584,31154
30584,31155
30585,31156
30585,31157
30586,31158
30586,31159
30586,31160
30587,31161
30587,31162
30588,31163
30588,31164
30589,31165
30589,31166
30589,31167
30590,31168
30590,31169
30590,31170
30591,31171
30591,31172
30592,31173
30592,31174
30592,31175
30593,31176
30593,31177
30594,31178
30594,31179
30595,31180
30595,31181
30595,31182
30596,31183
30596,31184
30597,31185
30597,31186
30597,31187
30598,31188
30598,31189
30598,31190
30599,31191
30599,31192
30600,31193
30600,31194
30600,31195
30601,31196
30601,31197
30602,31198
30602,31199
30603,31200
30603,31201
30604,31202
30604,31203
30604,31204
30605,31205
30605,31206
30605,31207
30606,31208
30606,31209
30607,31210
30607,31211
30608,31212
30608,31213
30608,31214
30609,31215
30609,31216
30609,31217
30610,31218
30610,31219
30611,31220
30611,31221
30612,31222
30612,31223
30613,31224
30613,31225
30613,31226
30614,31227
30614,31228
30614,31229
30615,31230
30615,31231
30616,31232
30616,31233
30617,31234
30617,31235
30617,31236
30618,31237
30618,31238
30619,31239
30619,31240
30620,31241
30620,31242
30620,31243
30621,31244
30621,31245
30622,31246
30622,31227
30622,31247
30623,31248
30623,31249
30624,31250
30624,31251
30624,31252
30625,31253
30625,31254
30625,31255
30626,31256
30626,31257
30627,31258
30627,31259
30628,31260
30628,31261
30629,31262
30629,31263
30630,31264
30630,31265
30631,31266
30631,31267
30631,31268
30632,31269
30632,31270
30633,31271
30633,31272
30633,31273
30634,31274
30634,31275
30634,31276
30635,31277
30635,31278
30635,31279
30636,31280
30636,31281
30637,31282
30637,31283
30637,31284
30638,31285
30638,31286
30639,31287
30639,31288
30640,31289
30640,31290
30641,31291
30641,31292
30642,31293
30642,31294
30643,31295
30643,31296
30643,31297
30644,31298
30644,31299
30645,31300
30645,31301
30646,31302
30646,31303
30647,31304
30647,31305
30647,31306
30648,31307
30648,31308
30648,31309
30649,31310
30649,31311
30650,31312
30650,31313
30651,31314
30651,31315
30652,31316
30652,31317
30653,31318
30653,31319
30653,31320
30654,31321
30654,31322
30655,31323
30655,31324
30655,31325
30656,31326
30656,31327
30657,31328
30657,31329
30658,31330
30658,31331
30659,31332
30659,31333
30660,31334
30660,31335
30660,31336
30661,31337
30661,31338
30662,31339
30662,31340
30663,31341
30663,31342
30663,31343
30664,31344
30664,31345
30665,31346
30665,31347
30665,31348
30666,31349
30666,31350
30667,31351
30667,31352
30667,31353
30668,31354
30668,31355
30669,31356
30669,31357
30669,31358
30670,31359
30670,31360
30670,31361
30671,31362
30671,31363
30671,31364
30672,31365
30672,31366
30672,31367
30673,31368
30673,31369
30674,31370
30674,31371
30675,31372
30675,31373
30676,31374
30676,31375
30677,31376
30677,31377
30677,31378
30678,31379
30678,31380
30679,31381
30679,31382
30680,31383
30680,31384
30680,31385
30681,31386
30681,31387
30682,31388
30682,31389
30683,31390
30683,31391
30683,31392
30684,31393
30684,31394
30685,31395
30685,31396
30685,31397
30686,31398
30686,31399
30687,31400
30687,31401
30688,31402
30688,31403
30689,31404
30689,31405
30690,31406
30690,31407
30691,31408
30691,31409
30691,31410
30692,31411
30692,31412
30693,31413
30693,31414
30694,31415
30694,31416
30694,31417
30695,31418
30695,31419
30695,31420
30696,31421
30696,31422
30697,31423
30697,31424
30697,31425
30698,31426
30698,31427
30699,31428
30699,31429
30700,31430
30700,31431
30700,31432
30701,31433
30701,31434
30701,31435
30702,31436
30702,31437
30703,31438
30703,31439
30704,31440
30704,31441
30704,31442
30705,31443
30705,31444
30705,31445
30706,31446
30706,31447
30706,31448
30707,31449
30707,31450
30707,31451
30708,31452
30708,31453
30709,31454
30709,31455
30710,31456
30710,31457
30710,31458
30711,31459
30711,31460
30712,31461
30712,31462
30712,31463
30713,31464
30713,31465
30714,31466
30714,31467
30715,31468
30715,31469
30715,31470
30716,31471
30716,31472
30717,31473
30717,31474
30717,31475
30718,31476
30718,31477
30719,31478
30719,31479
30720,31480
30720,31481
30720,31482
30721,31483
30721,31484
30721,31485
30722,31486
30722,31487
30723,31488
30723,31489
30723,31490
30724,31491
30724,31492
30725,31493
30725,31494
30725,31495
30726,31496
30726,31497
30727,31498
30727,31499
30728,31500
30728,31501
30728,31502
30729,31503
30729,31504
30729,31505
30730,31506
30730,31507
30731,31508
30731,31509
30731,31510
30732,31511
30732,31512
30732,31513
30795,31029
30795,31030
31029,31521
31029,31522
31029,31523
31030,31524
31030,31525
31031,31526
31031,31527
31032,31528
31032,31529
31033,31530
31033,31531
31034,31532
31034,31533
31034,31534
31035,31535
31035,31536
31035,31537
31036,31538
31036,31539
31037,31540
31037,31541
31037,31542
31038,31543
31038,31544
31038,31545
31039,31546
31039,31547
31040,31548
31040,31549
31040,31550
31041,31551
31041,31552
31041,31553
31042,31554
31042,31555
31042,31556
31043,31557
31043,31558
31043,31559
31044,31560
31044,31561
31044,31562
31045,31514
31045,31515
31046,31563
31046,31564
31047,31565
31047,31566
31048,31567
31048,31568
31049,31569
31049,31570
31050,31571
31050,31572
31051,31573
31051,31574
31051,31575
31052,31576
31052,31577
31052,31578
31053,31579
31053,31580
31054,31581
31054,31582
31054,31583
31055,31584
31055,31585
31056,31586
31056,31587
31057,31588
31057,31589
31058,31590
31058,31591
31059,31592
31059,31593
31059,31594
31060,31595
31060,31596
31060,31597
31061,31598
31061,31599
31061,31600
31062,31601
31062,31602
31062,31603
31063,31604
31063,31605
31064,31606
31064,31607
31065,31608
31065,31609
31065,31610
31066,31611
31066,31612
31066,31613
31067,31614
31067,31615
31067,31616
31068,31617
31068,31618
31069,31619
31069,31620
31070,31621
31070,31622
31070,31623
31071,31624
31071,31625
31071,31626
31072,31627
31072,31628
31072,31629
31073,31630
31073,31631
31073,31632
31074,31633
31074,31634
31075,31635
31075,31636
31076,31637
31076,31638
31076,31639
31077,31640
31077,31641
31077,31642
31078,31643
31078,31644
31078,31645
31079,31646
31079,31647
31080,31648
31080,31649
31081,31650
31081,31651
31082,31652
31082,31653
31082,31654
31083,31655
31083,31656
31084,31657
31084,31658
31084,31659
31085,31660
31085,31661
31086,31662
31086,31663
31086,31664
31087,31665
31087,31666
31087,31667
31088,31668
31088,31669
31088,31670
31089,31671
31089,31672
31090,31673
31090,31674
31091,31675
31091,31676
31091,31677
31092,31678
31092,31679
31092,31680
31093,31681
31093,31682
31093,31683
31094,31684
31094,31685
31094,31686
31095,31687
31095,31688
31095,31689
31096,31690
31096,31691
31096,31692
31097,31693
31097,31694
31098,31695
31098,31696
31098,31697
31099,31698
31099,31699
31100,31700
31100,31701
31101,31702
31101,31703
31101,31704
31102,31705
31102,31706
31103,31707
31103,31708
31103,31709
31104,31710
31104,31711
31104,31712
31105,31713
31105,31714
31105,31715
31106,31716
31106,31717
31106,31718
31107,31719
31107,31720
31107,31721
31108,31722
31108,31723
31109,31724
31109,31725
31109,31726
31110,31727
31110,31728
31111,31729
31111,31730
31111,31731
31112,31732
31112,31733
31113,31734
31113,31735
31114,31736
31114,31737
31115,31738
31115,31739
31115,31740
31116,31741
31116,31742
31116,31743
31117,31744
31117,31745
31117,31746
31118,31747
31118,31748
31118,31749
31119,31750
31119,31751
31120,31752
31120,31753
31121,31754
31121,31755
31122,31756
31122,31757
31122,31758
31123,31759
31123,31760
31123,31761
31124,31762
31124,31763
31124,31764
31125,31765
31125,31766
31125,31767
31126,31768
31126,31769
31127,31770
31127,31771
31128,31772
31128,31773
31129,31774
31129,31775
31129,31776
31130,31777
31130,31778
31131,31779
31131,31780
31132,31781
31132,31782
31133,31783
31133,31784
31133,31785
31134,31786
31134,31787
31134,31788
31135,31789
31135,31790
31136,31791
31136,31792
31136,31793
31137,31794
31137,31795
31137,31796
31138,31797
31138,31798
31139,31799
31139,31800
31139,31801
31140,31802
31140,31803
31140,31804
31141,31805
31141,31806
31142,31807
31142,31808
31143,31809
31143,31810
31144,31811
31144,31812
31144,31813
31145,31814
31145,31815
31145,31816
31146,31817
31146,31818
31146,31819
31147,31820
31147,31821
31147,31822
31148,31823
31148,31824
31149,31825
31149,31826
31150,31827
31150,31828
31151,31829
31151,31830
31152,31831
31152,31832
31152,31833
31153,31834
31153,31835
31154,31836
31154,31837
31154,31838
31155,31839
31155,31840
31156,31841
31156,31842
31156,31843
31157,31844
31157,31845
31157,31846
31158,31847
31158,31848
31159,31849
31159,31850
31160,31851
31160,31852
31161,31853
31161,31854
31161,31855
31162,31856
31162,31857
31162,31858
31163,31859
31163,31860
31164,31861
31164,31862
31165,31863
31165,31864
31166,31865
31166,31866
31166,31867
31167,31868
31167,31869
31168,31870
31168,31871
31168,31872
31169,31873
31169,31874
31170,31875
31170,31876
31170,31877
31171,31878
31171,31879
31171,31880
31172,31881
31172,31882
31173,31883
31173,31884
31174,31885
31174,31886
31175,31887
31175,31888
31176,31889
31176,31890
31176,31891
31177,31892
31177,31893
31178,31894
31178,31895
31179,31896
31179,31897
31180,31898
31180,31899
31181,31900
31181,31901
31181,31902
31182,31903
31182,31904
31183,31905
31183,31906
31183,31907
31184,31908
31184,31909
31184,31910
31185,31911
31185,31912
31186,31913
31186,31914
31186,31915
31187,31916
31187,31917
31187,31918
31188,31919
31188,31920
31189,31921
31189,31922
31189,31923
31190,31924
31190,31925
31190,31926
31191,31927
31191,31928
31191,31929
31192,31930
31192,31931
31192,31932
31193,31933
31193,31934
31194,31935
31194,31936
31195,31937
31195,31938
31195,31939
31196,31940
31196,31941
31197,31942
31197,31943
31198,31944
31198,31945
31199,31946
31199,31947
31199,31948
31200,31949
31200,31950
31201,31951
31201,31952
31201,31953
31202,31954
31202,31955
31202,31956
31203,31957
31203,31958
31203,31959
31204,31960
31204,31961
31204,31962
31205,31963
31205,31964
31205,31965
31206,31966
31206,31967
31206,31968
31207,31969
31207,31970
31208,31971
31208,31972
31209,31973
31209,31974
31209,31975
31210,31976
31210,31977
31211,31978
31211,31979
31211,31980
31212,31981
31212,31982
31212,31983
31213,31984
31213,31985
31214,31986
31214,31987
31215,31988
31215,31989
31215,31990
31216,31991
31216,31992
31216,31993
31217,31994
31217,31995
31217,31996
31218,31997
31218,31998
31218,31999
31219,32000
31219,32001
31220,32002
31220,32003
31220,32004
31221,32005
31221,32006
31222,32007
31222,32008
31223,32009
31223,32010
31223,32011
31224,32012
31224,32013
31224,32014
31225,32015
31225,32016
31225,32017
31226,32018
31226,32019
31226,32020
31227,31516
31227,31517
31228,32021
31228,32022
31228,32023
31368,31518
31368,31519
31368,31520
31514,32024
31514,32025
31515,32026
31515,32027
31516,32028
31516,32029
31517,32030
31517,32031
31517,32032
31518,32033
31518,32034
31518,32035
31519,32036
31519,32037
31519,32038
31520,32039
31520,32040
31520,32041
31521,32042
31521,32043
31522,32044
31522,32045
31523,32046
31523,32047
31524,32048
31524,32049
31524,32050
31525,32051
31525,32052
31526,32053
31526,32054
31526,32055
31527,32056
31527,32057
31527,32058
31528,32059
31528,32060
31529,32061
31529,32062
31530,32063
31530,32064
31530,32065
31531,32066
31531,32067
31531,32068
31532,32069
31532,32070
31532,32071
31533,32072
31533,32073
31534,32074
31534,32075
31534,32076
31535,32077
31535,32078
31535,32079
31536,32080
31536,32081
31537,32082
31537,32083
31538,32084
31538,32085
31539,32086
31539,32087
31539,32088
31540,32089
31540,32090
31541,32091
31541,32092
31542,32093
31542,32094
31543,32095
31543,32096
31544,32097
31544,32098
31545,32099
31545,32100
31545,32101
31546,32102
31546,32103
31546,32104
31547,32105
31547,32106
31547,32107
31548,32108
31548,32109
31548,32110
31549,32111
31549,32112
31549,32113
31550,32114
31550,32115
31550,32116
31551,32117
31551,32118
31551,32119
31552,32120
31552,32121
31552,32122
31553,32123
31553,32124
31553,32125
31554,32126
31554,32127
31554,32128
31555,32129
31555,32130
31555,32131
31556,32132
31556,32133
31557,32134
31557,32135
31557,32136
31558,32137
31558,32138
31559,32139
31559,32140
31560,32141
31560,32142
31560,32143
31561,32144
31561,32145
31561,32146
31562,32147
31562,32148
31563,32149
31563,32150
31563,32151
31564,32152
31564,32153
31565,32154
31565,32155
31566,32156
31566,32157
31566,32158
31567,32159
31567,32160
31568,32161
31568,32162
31569,32163
31569,32164
31569,32165
31570,32166
31570,32167
31571,32168
31571,32169
31571,32170
31572,32171
31572,32172
31572,32173
31573,32174
31573,32175
31573,32176
31574,32177
31574,32178
31574,32179
31575,32180
31575,32181
31575,32182
31576,32183
31576,32184
31576,32185
31577,32186
31577,32187
31578,32188
31578,32189
31579,32190
31579,32191
31579,32192
31580,32193
31580,32194
31580,32195
31581,32196
31581,32197
31582,32198
31582,32199
31582,32200
31583,32201
31583,32202
31583,32203
31584,32204
31584,32205
31584,32206
31585,32207
31585,32208
31586,32209
31586,32210
31587,32211
31587,32212
31587,32213
31588,32214
31588,32215
31588,32216
31589,32217
31589,32218
31590,32219
31590,32220
31590,32221
31591,32222
31591,32223
31592,32224
31592,32225
31593,32226
31593,32227
31594,32228
31594,32229
31595,32230
31595,32231
31595,32232
31596,32233
31596,32234
31597,32235
31597,32236
31597,32237
31598,32238
31598,32239
31598,32240
31599,32241
31599,32242
31599,32243
31600,32244
31600,32245
31600,32246
31601,32247
31601,32248
31601,32249
31602,32250
31602,32251
31602,32252
31603,32253
31603,32254
31603,32255
31604,32256
31604,32257
31605,32258
31605,32259
31605,32260
31606,32261
31606,32262
31607,32263
31607,32264
31608,32265
31608,32266
31608,32267
31609,32268
31609,32269
31610,32270
31610,32271
31611,32272
31611,32273
31612,32274
31612,32275
31612,32276
31613,32277
31613,32278
31614,32279
31614,32280
31614,32281
31615,32282
31615,32283
31616,32284
31616,32285
31616,32286
31617,32287
31617,32288
31618,32289
31618,32290
31619,32291
31619,32292
31620,32293
31620,32294
31621,32295
31621,32296
31622,32297
31622,32298
31622,32299
31623,32300
31623,32301
31624,32302
31624,32303
31624,32304
31625,32305
31625,32306
31625,32307
31626,32308
31626,32309
31627,32310
31627,32311
31628,32312
31628,32313
31628,32314
31629,32315
31629,32316
31630,32317
31630,32318
31631,32319
31631,32320
31631,32321
31632,32322
31632,32323
31633,32324
31633,32325
31634,32326
31634,32327
31634,32328
31635,32329
31635,32330
31635,32331
31636,32332
31636,32333
31636,32334
31637,32335
31637,32336
31638,32337
31638,32338
31639,32339
31639,32340
31639,32341
31640,32342
31640,32343
31640,32344
31641,32345
31641,32346
31642,32347
31642,32348
31643,32349
31643,32350
31644,32351
31644,32352
31645,32353
31645,32354
31646,32355
31646,32356
31647,32357
31647,32358
31647,32359
31648,32360
31648,32361
31649,32362
31649,32363
31650,32364
31650,32365
31650,32366
31651,32367
31651,32368
31651,32369
31652,32370
31652,32371
31653,32372
31653,32373
31654,32374
31654,32375
31654,32376
31655,32377
31655,32378
31655,32379
31656,32380
31656,32381
31657,32382
31657,32383
31658,32384
31658,32385
31659,32386
31659,32387
31659,32388
31660,32389
31660,32390
31661,32391
31661,32392
31662,32393
31662,32394
31663,32395
31663,32396
31664,32397
31664,32398
31665,32399
31665,32400
31666,32401
31666,32402
31667,32403
31667,32404
31668,32405
31668,32406
31668,32407
31669,32408
31669,32409
31670,32410
31670,32411
31670,32412
31671,32413
31671,32414
31671,32415
31672,32416
31672,32417
31673,32418
31673,32419
31674,32420
31674,32421
31675,32422
31675,32423
31676,32424
31676,32425
31677,32426
31677,32427
31678,32428
31678,32429
31678,32430
31679,32431
31679,32432
31680,32433
31680,32434
31681,32435
31681,32436
31682,32437
31682,32438
31682,32439
31683,32440
31683,32441
31683,32442
31684,32443
31684,32444
31684,32445
31685,32446
31685,32447
31686,32448
31686,32449
31687,32450
31687,32451
31688,32452
31688,32453
31689,32454
31689,32455
31690,32456
31690,32457
31690,32458
31691,32459
31691,32460
31692,32461
31692,32462
31692,32463
31693,32464
31693,32465
31693,32466
31694,32467
31694,32468
31694,32469
31695,32470
31695,32471
31695,32472
31696,32473
31696,32474
31696,32475
31697,32476
31697,32477
31697,32478
31698,32479
31698,32480
31699,32481
31699,32482
31700,32483
31700,32484
31701,32485
31701,32486
31701,32487
31702,32488
31702,32489
31703,32490
31703,32491
31703,32492
31704,32493
31704,32494
31704,32495
31705,32496
31705,32497
31706,32498
31706,32499
31706,32500
31707,32501
31707,32502
31707,32503
31708,32504
31708,32505
31709,32506
31709,32507
31709,32508
31710,32509
31710,32510
31711,32511
31711,32512
31712,32513
31712,32514
31713,32515
31713,32516
31713,32517
31714,32518
31714,32519
32024,32523
32024,32524
32025,32525
32025,32526
32026,32527
32026,32528
32026,32529
32027,32530
32027,32531
32027,32532
32028,32533
32028,32534
32028,32535
32029,32536
32029,32537
32030,32538
32030,32539
32031,32540
32031,32541
32031,32542
32032,32543
32032,32544
32032,32545
32033,32546
32033,32547
32033,32548
32034,32549
32034,32550
32034,32551
32035,32552
32035,32553
32036,32554
32036,32555
32037,32556
32037,32557
32038,32558
32038,32559
32038,32560
32039,32561
32039,32562
32039,32563
32040,32564
32040,32565
32040,32566
32041,32567
32041,32568
32042,32569
32042,32570
32043,32571
32043,32572
32043,32573
32044,32574
32044,32575
32044,32576
32045,32577
32045,32578
32046,32579
32046,32580
32046,32581
32047,32582
32047,32583
32048,32584
32048,32585
32049,32586
32049,32587
32049,32588
32050,32589
32050,32590
32051,32520
32051,32521
32051,32522
32052,32591
32052,32592
32052,32593
32053,32594
32053,32595
32054,32596
32054,32597
32055,32598
32055,32599
32055,32600
32056,32601
32056,32602
32057,32603
32057,32604
32057,32605
32058,32606
32058,32607
32058,32608
32059,32609
32059,32610
32059,32611
32060,32612
32060,32613
32060,32614
32061,32615
32061,32616
32061,32617
32062,32618
32062,32619
32062,32620
32063,32621
32063,32622
32063,32623
32064,32624
32064,32625
32065,32626
32065,32627
32066,32628
32066,32629
32066,32630
32067,32631
32067,32632
32067,32633
32068,32634
32068,32635
32069,32636
32069,32637
32070,32638
32070,32639
32071,32640
32071,32641
32072,32642
32072,32643
32072,32644
32073,32645
32073,32646
32074,32647
32074,32648
32074,32649
32075,32650
32075,32651
32075,32652
32076,32653
32076,32654
32077,32655
32077,32656
32078,32657
32078,32658
32078,32659
32079,32660
32079,32661
32079,32662
32080,32663
32080,32664
32081,32665
32081,32666
32082,32667
32082,32668
32083,32669
32083,32670
32083,32671
32084,32672
32084,32673
32084,32674
32085,32675
32085,32676
32085,32677
32086,32678
32086,32679
32087,32680
32087,32681
32088,32682
32088,32683
32089,32684
32089,32685
32089,32686
32090,32687
32090,32688
32091,32689
32091,32690
32091,32691
32092,32692
32092,32693
32093,32694
32093,32695
32094,32696
32094,32697
32094,32698
32095,32699
32095,32700
32096,32701
32096,32702
32096,32703
32097,32704
32097,32705
32097,32706
32098,32707
32098,32708
32098,32709
32099,32710
32099,32711
32100,32712
32100,32713
32100,32714
32101,32715
32101,32716
32102,32717
32102,32718
32103,32719
32103,32720
32104,32721
32104,32722
32104,32723
32105,32724
32105,32725
32106,32726
32106,32727
32107,32728
32107,32729
32107,32730
32108,32731
32108,32732
32109,32733
32109,32734
32110,32735
32110,32736
32111,32737
32111,32738
32112,32739
32112,32740
32113,32741
32113,32742
32113,32743
32114,32744
32114,32745
32115,32746
32115,32747
32116,32748
32116,32749
32117,32750
32117,32751
32118,32752
32118,32753
32118,32754
32119,32755
32119,32756
32119,32757
32120,32758
32120,32759
32121,32760
32121,32761
32121,32762
32122,32763
32122,32764
32123,32765
32123,32766
32123,32767
32124,32768
32124,32769
32125,32770
32125,32771
32125,32772
32126,32773
32126,32774
32127,32775
32127,32776
32128,32777
32128,32778
32129,32779
32129,32780
32130,32781
32130,32782
32131,32783
32131,32784
32131,32785
32132,32786
32132,32787
32132,32788
32133,32789
32133,32790
32134,32791
32134,32792
32134,32793
32135,32794
32135,32795
32136,32796
32136,32797
32136,32798
32137,32799
32137,32800
32138,32801
32138,32802
32138,32803
32139,32804
32139,32805
32140,32806
32140,32807
32140,32808
32141,32809
32141,32810
32141,32811
32142,32812
32142,32813
32142,32814
32143,32815
32143,32816
32144,32817
32144,32818
32145,32819
32145,32820
32145,32821
32146,32822
32146,32823
32147,32824
32147,32825
32148,32826
32148,32827
32148,32828
32149,32829
32149,32830
32149,32831
32150,32832
32150,32833
32150,32834
32151,32835
32151,32836
32151,32837
32152,32838
32152,32839
32153,32840
32153,32841
32153,32842
32154,32843
32154,32844
32155,32845
32155,32846
32156,32847
32156,32848
32156,32849
32157,32850
32157,32851
32157,32852
32158,32853
32158,32854
32158,32855
32159,32856
32159,32857
32159,32858
32160,32859
32160,32860
32161,32861
32161,32862
32162,32863
32162,32864
32162,32865
32163,32866
32163,32867
32164,32868
32164,32869
32165,32870
32165,32871
32165,32872
32166,32873
32166,32874
32166,32875
32167,32876
32167,32763
32167,32877
32168,32878
32168,32879
32169,32880
32169,32881
32170,32882
32170,32883
32170,32884
32171,32885
32171,32886
32171,32887
32172,32888
32172,32889
32172,32890
32173,32891
32173,32892
32174,32893
32174,32894
32174,32895
32175,32896
32175,32897
32175,32898
32176,32899
32176,32900
32177,32901
32177,32902
32178,32903
32178,32904
32179,32905
32179,32906
32180,32907
32180,32908
32181,32909
32181,32910
32182,32911
32182,32912
32182,32913
32183,32914
32183,32915
32184,32916
32184,32917
32185,32918
32185,32919
32185,32920
32186,32921
32186,32922
32187,32923
32187,32924
32188,32925
32188,32926
32188,32927
32189,32928
32189,32929
32190,32930
32190,32931
32190,32932
32191,32933
32191,32934
32192,32935
32192,32936
32193,32937
32193,32938
32193,32939
32194,32940
32194,32941
32194,32942
32195,32943
32195,32944
32196,32945
32196,32946
32196,32947
32197,32948
32197,32949
32197,32950
32198,32951
32198,32952
32198,32953
32199,32954
32199,32955
32199,32956
32200,32957
32200,32958
32201,32959
32201,32960
32201,32961
32202,32962
32202,32963
32202,32964
32203,32965
32203,32966
32204,32967
32204,32968
32205,32969
32205,32970
32206,32971
32206,32972
32207,32973
32207,32974
32207,32975
32208,32976
32208,32977
32209,32978
32209,32979
32209,32980
32210,32981
32210,32982
32210,32983
32211,32984
32211,32985
32211,32682
32212,32986
32212,32987
32213,32988
32213,32989
32213,32990
32214,32991
32214,32992
32215,32993
32215,32994
32215,32995
32216,32996
32216,32997
32216,32998
32217,32999
32217,33000
32218,33001
32218,33002
32218,33003
32219,33004
32219,33005
32220,33006
32220,33007
32220,33008
32221,33009
32221,33010
32222,33011
32222,33012
32222,33013
32223,33014
32223,33015
32224,33016
32224,33017
32224,33018
32520,33024
32520,33025
32520,33026
32521,33027
32521,33028
32522,33029
32522,33030
32523,33031
32523,33032
32524,33033
32524,33034
32525,33035
32525,33036
32525,33037
32526,33038
32526,33039
32527,33040
32527,33041
32528,33042
32528,33043
32528,33044
32529,33045
32529,33046
32529,33047
32530,33048
32530,33049
32531,33050
32531,33051
32532,33052
32532,33053
32533,33054
32533,33055
32534,33056
32534,33057
32534,33058
32535,33059
32535,33060
32535,33061
32536,33062
32536,33063
32536,33064
32537,33065
32537,33066
32538,33067
32538,33068
32538,33069
32539,33070
32539,33071
32540,33072
32540,33073
32541,33074
32541,33075
32542,33076
32542,33077
32542,33078
32543,33079
32543,33080
32543,33081
32544,33082
32544,33083
32545,33084
32545,33085
32546,33086
32546,33087
32547,33088
32547,33089
32547,33090
32548,33091
32548,33092
32549,33093
32549,33094
32550,33095
32550,33096
32551,33097
32551,33098
32551,33099
32552,33100
32552,33101
32552,33102
32553,33103
32553,33104
32553,33105
32554,33106
32554,33107
32555,33108
32555,33109
32556,33110
32556,33111
32557,33112
32557,33113
32557,33114
32558,33115
32558,33116
32559,33117
32559,33118
32560,33119
32560,33120
32560,33121
32561,33122
32561,33123
32562,33124
32562,33125
32562,33126
32563,33127
32563,33128
32564,33129
32564,33130
32565,33131
32565,33132
32565,33133
32566,33134
32566,33135
32566,33136
32567,33137
32567,33138
32567,33139
32568,33140
32568,33141
32569,33142
32569,33143
32569,33144
32570,33145
32570,33146
32570,33147
32571,33148
32571,33149
32571,33150
32572,33151
32572,33152
32573,33153
32573,33154
32574,33155
32574,33156
32575,33157
32575,33158
32575,33159
32576,33160
32576,33161
32577,33162
32577,33163
32578,33164
32578,33165
32579,33166
32579,33167
32579,33168
32580,33169
32580,33170
32581,33171
32581,33172
32581,33173
32582,33174
32582,33175
32583,33176
32583,33177
32584,33178
32584,33179
32585,33180
32585,33181
32586,33182
32586,33183
32587,33184
32587,33185
32588,33186
32588,33187
32589,33188
32589,33189
32589,33190
32590,33191
32590,33192
32590,33193
32591,33194
32591,33195
32591,33196
32592,33197
32592,33198
32593,33199
32593,33200
32594,33201
32594,33202
32594,33203
32595,33204
32595,33205
32596,33206
32596,33207
32597,33208
32597,33209
32597,33210
32598,33211
32598,33212
32598,33213
32599,33214
32599,33215
32599,33216
32600,33217
32600,33218
32601,33219
32601,33220
32601,33221
32602,33222
32602,33223
32603,33224
32603,33225
32603,33226
32604,33227
32604,33228
32604,33229
32605,33230
32605,33231
32605,33232
32606,33233
32606,33234
32607,33235
32607,33236
32607,33237
32608,33238
32608,33239
32608,33240
32609,33241
32609,33242
32609,33243
32610,33244
32610,33245
32611,33246
32611,33247
32611,33248
32612,33249
32612,33250
32613,33251
32613,33252
32613,33253
32614,33254
32614,33255
32614,33256
32615,33257
32615,33258
32616,33259
32616,33260
32617,33261
32617,33262
32617,33263
32618,33264
32618,33265
32618,33266
32619,33267
32619,33268
32620,33269
32620,33270
32621,33271
32621,33272
32622,33273
32622,33274
32622,33275
32623,33276
32623,33277
32623,33278
32624,33279
32624,33280
32625,33281
32625,33282
32625,33283
32626,33284
32626,33285
32626,33286
32627,33287
32627,33288
32627,33289
32628,33290
32628,33291
32628,33292
32629,33293
32629,33294
32629,33295
32630,33296
32630,33297
32630,33298
32631,33299
32631,33300
32632,33301
32632,33302
32633,33303
32633,33304
32634,33305
32634,33306
32635,33307
32635,33308
32636,33309
32636,33310
32637,33311
32637,33312
32637,33313
32638,33314
32638,33315
32638,33316
32639,33317
32639,33318
32639,33319
32640,33320
32641,33321
32641,33322
32641,33323
32642,33324
32642,33325
32642,33326
32643,33327
32643,33328
32644,33329
32644,33330
32644,33331
32645,33332
32645,33333
32646,33334
32646,33335
32646,33336
32647,33337
32647,33338
32647,33339
32648,33340
32648,33341
32648,33342
32649,33343
32649,33344
32650,33345
32650,33346
32650,33347
32651,33348
32651,33349
32651,33350
32652,33351
32652,33352
32652,33353
32653,33354
32653,33355
32653,33356
32654,33357
32654,33358
32655,33359
32655,33360
32656,33361
32656,33362
32656,33363
32657,33364
32657,33365
32657,33366
32658,33367
32658,33368
32658,33369
32659,33370
32659,33371
32659,33372
32660,33373
32660,33374
32660,33375
32661,33376
32662,33377
32662,33378
32662,33379
32663,33380
32663,33381
32663,33382
32664,33383
32664,33384
32665,33385
32665,33386
32665,33387
32666,33388
32666,33389
32667,33390
32667,33391
32668,33392
32668,33393
32669,33394
32669,33395
32670,33396
32670,33397
32670,33398
32671,33399
32671,33400
32671,33401
32672,33402
32672,33403
32672,33404
32673,33405
32673,33406
32673,33407
32674,33408
32674,33409
32674,33410
32675,33411
32675,33412
32676,33413
32676,33414
32677,33415
32677,33416
32678,33417
32678,33418
32679,33419
32679,33420
32680,33421
32680,33422
32681,33423
32681,33424
32682,33019
32682,33020
32683,33425
32683,33426
32683,33427
32684,33428
32684,33429
32685,33430
32685,33431
32685,33432
32686,33433
32686,33434
32687,33435
32687,33436
32688,33437
32688,33438
32689,33439
32689,33440
32690,33441
32690,33442
32691,33443
32691,33444
32692,33445
32692,33446
32692,33447
32693,33448
32693,33449
32694,33450
32694,33451
32695,33452
32695,33453
32695,33454
32696,33455
32696,33456
32696,33457
32697,33458
32697,33459
32698,33460
32698,33461
32698,33462
32699,33463
32699,33464
32699,33465
32700,33466
32700,33467
32701,33468
32701,33469
32701,33470
32702,33471
32702,33435
32702,33472
32703,33473
32703,33474
32704,33475
32704,33476
32705,33477
32705,33478
32706,33479
32706,33480
32706,33481
32707,33482
32707,33483
32707,33484
32708,33485
32708,33486
32709,33487
32709,33488
32710,33489
32710,33490
32711,33491
32711,33492
32711,33493
32712,33494
32712,33495
32712,33496
32713,33497
32713,33498
32713,33499
32714,33500
32714,33501
32714,33502
32715,33503
32715,33504
32715,33505
32716,33506
32716,33507
32716,33508
32717,33509
32717,33510
32718,33511
32718,33512
32719,33513
32719,33514
32763,33021
32763,33022
32763,33023
33019,33524
33019,33525
33019,33526
33020,33527
33020,33528
33020,33529
33021,33530
33021,33531
33021,33532
33022,33533
33022,33534
33022,33535
33023,33536
33023,33537
33024,33538
33024,33539
33025,33540
33025,33541
33026,33542
33026,33543
33027,33544
33027,33545
33027,33546
33028,33547
33028,33548
33028,33549
33029,33550
33029,33551
33030,33552
33030,33553
33031,33554
33031,33555
33031,33556
33032,33557
33032,33558
33033,33559
33033,33560
33034,33561
33034,33562
33035,33563
33035,33564
33036,33565
33036,33566
33036,33567
33037,33568
33037,33569
33038,33570
33038,33571
33039,33572
33039,33573
33040,33574
33040,33575
33041,33576
33041,33577
33042,33578
33042,33579
33043,33580
33043,33581
33043,33582
33044,33583
33044,33584
33044,33585
33045,33586
33045,33587
33045,33588
33046,33589
33046,33590
33046,33591
33047,33592
33047,33593
33047,33594
33048,33595
33048,33596
33048,33597
33049,33598
33049,33599
33050,33600
33050,33601
33051,33602
33051,33603
33051,33604
33052,33605
33052,33606
33053,33607
33053,33608
33053,33609
33054,33610
33054,33611
33054,33612
33055,33613
33055,33614
33056,33615
33056,33616
33057,33617
33057,33618
33057,33619
33058,33620
33058,33621
33059,33622
33059,33623
33060,33624
33060,33625
33061,33626
33061,33627
33062,33628
33062,33629
33062,33630
33063,33631
33063,33632
33064,33633
33064,33634
33065,33635
33065,33636
33065,33637
33066,33638
33066,33639
33067,33640
33067,33641
33068,33642
33068,33643
33069,33644
33069,33645
33070,33646
33070,33647
33070,33648
33071,33649
33071,33650
33071,33651
33072,33652
33072,33653
33073,33654
33073,33655
33073,33656
33074,33657
33074,33658
33075,33659
33075,33660
33076,33661
33076,33662
33077,33663
33077,33664
33077,33665
33078,33666
33078,33667
33078,33668
33079,33669
33079,33670
33080,33671
33080,33672
33080,33673
33081,33674
33081,33675
33081,33676
33082,33677
33082,33678
33082,33679
33083,33680
33083,33681
33083,33682
33084,33683
33084,33684
33084,33685
33085,33686
33085,33687
33085,33688
33086,33689
33086,33690
33086,33691
33087,33692
33087,33693
33088,33694
33088,33695
33088,33696
33089,33697
33089,33698
33090,33699
33090,33700
33090,33701
33091,33702
33091,33703
33092,33704
33092,33705
33092,33706
33093,33707
33093,33708
33094,33709
33094,33710
33095,33711
33095,33712
33096,33713
33096,33714
33097,33715
33097,33716
33097,33717
33098,33718
33098,33719
33098,33720
33099,33721
33099,33722
33099,33723
33100,33724
33100,33725
33101,33726
33101,33727
33102,33728
33102,33729
33102,33730
33103,33731
33103,33732
33103,33733
33104,33734
33104,33735
33104,33736
33105,33737
33105,33738
33105,33739
33106,33740
33106,33741
33107,33742
33107,33743
33107,33744
33108,33745
33108,33746
33108,33747
33109,33748
33109,33749
33110,33750
33110,33751
33110,33752
33111,33753
33111,33754
33112,33755
33112,33756
33112,33757
33113,33758
33113,33759
33114,33760
33114,33761
33114,33762
33115,33763
33115,33764
33116,33765
33116,33766
33117,33767
33117,33768
33117,33769
33118,33770
33118,33771
33119,33772
33119,33773
33120,33774
33120,33775
33121,33776
33121,33777
33121,33778
33122,33779
33122,33780
33123,33781
33123,33782
33124,33783
33124,33784
33125,33785
33125,33786
33126,33787
33126,33788
33126,33789
33127,33790
33127,33791
33127,33792
33128,33793
33128,33794
33128,33795
33129,33796
33129,33797
33130,33798
33130,33799
33131,33800
33131,33801
33132,33802
33132,33803
33132,33804
33133,33805
33133,33806
33134,33807
33134,33808
33134,33809
33135,33810
33135,33811
33135,33812
33136,33813
33136,33814
33136,33815
33137,33816
33137,33817
33138,33818
33138,33819
33138,33820
33139,33821
33139,33822
33140,33823
33140,33824
33141,33825
33141,33826
33142,33827
33142,33828
33142,33829
33143,33830
33143,33831
33144,33832
33144,33833
33144,33834
33145,33835
33145,33836
33146,33837
33146,33838
33146,33839
33147,33840
33147,33841
33148,33842
33148,33843
33149,33844
33149,33845
33149,33846
33150,33847
33150,33848
33151,33849
33151,33850
33151,33851
33152,33852
33152,33853
33152,33854
33153,33855
33153,33856
33153,33857
33154,33858
33154,33859
33155,33860
33155,33861
33155,33862
33156,33863
33156,33864
33157,33865
33157,33866
33158,33867
33158,33868
33158,33869
33159,33870
33159,33871
33159,33872
33160,33873
33160,33874
33161,33875
33161,33876
33161,33877
33162,33878
33162,33879
33163,33880
33163,33881
33163,33882
33164,33883
33164,33884
33164,33885
33165,33886
33165,33887
33166,33888
33166,33889
33167,33890
33167,33891
33168,33892
33168,33893
33168,33894
33169,33895
33169,33896
33169,33897
33170,33898
33170,33899
33170,33900
33171,33901
33171,33902
33172,33903
33172,33904
33172,33905
33173,33906
33173,33907
33173,33908
33174,33909
33174,33910
33174,33911
33175,33912
33175,33913
33176,33914
33176,33915
33176,33916
33177,33917
33177,33918
33178,33919
33178,33920
33179,33921
33179,33922
33180,33923
33180,33924
33180,33925
33181,33926
33181,33927
33181,33928
33182,33929
33182,33930
33182,33931
33183,33932
33183,33933
33183,33934
33184,33935
33184,33936
33185,33937
33185,33938
33185,33939
33186,33940
33186,33941
33186,33942
33187,33943
33187,33944
33187,33945
33188,33946
33188,33947
33189,33948
33189,33949
33189,33950
33190,33951
33190,33952
33191,33953
33191,33954
33192,33955
33192,33956
33193,33957
33193,33958
33194,33959
33194,33960
33194,33961
33195,33962
33195,33963
33195,33964
33196,33965
33196,33966
33197,33967
33197,33968
33197,33969
33198,33970
33198,33971
33198,33972
33199,33973
33199,33974
33200,33975
33200,33976
33200,33977
33201,33978
33201,33979
33202,33980
33202,33981
33203,33982
33203,33983
33204,33984
33204,33985
33204,33986
33205,33987
33205,33988
33206,33989
33206,33990
33206,33991
33207,33992
33207,33993
33207,33994
33208,33995
33208,33996
33208,33997
33209,33998
33209,33999
33210,34000
33210,34001
33210,34002
33211,34003
33211,34004
33212,34005
33212,34006
33213,34007
33213,34008
33214,34009
33214,34010
33215,34011
33215,34012
33215,34013
33259,33515
33259,33516
33320,33517
33320,33518
33376,33519
33376,33520
33435,33521
33435,33522
33435,33523
33515,34014
33515,34015
33516,34016
33516,34017
33517,34018
33517,34019
33518,34020
33518,34021
33519,34022
33519,34023
33520,34024
33520,34025
33521,34026
33521,34027
33521,34028
33522,34029
33522,34030
33523,34031
33523,34032
33523,34033
33524,34034
33524,34035
33525,34036
33525,34037
33526,34038
33526,34039
33527,34040
33527,34041
33527,34042
33528,34043
33528,34044
33528,34045
33529,34046
33529,34047
33529,34048
33530,34049
33530,34050
33531,34051
33531,34052
33531,34053
33532,34054
33532,34055
33533,34056
33533,34057
33533,34058
33534,34059
33534,34060
33535,34061
33535,34062
33536,34063
33536,34064
33537,34065
33537,34066
33537,34067
33538,34068
33538,34069
33539,34070
33539,34071
33540,34072
33540,34073
33540,34074
33541,34075
33541,34076
33541,34077
33542,34078
33542,34079
33542,34080
33543,34081
33543,34082
33544,34083
33544,34084
33545,34085
33545,34086
33545,34087
33546,34088
33546,34089
33547,34090
33547,34091
33547,34092
33548,34093
33548,34094
33549,34095
33549,34096
33550,34097
33550,34098
33550,34099
33551,34100
33551,34101
33552,34102
33552,34103
33553,34104
33553,34105
33553,34106
33554,34107
33554,34108
33555,34109
33555,34110
33555,34111
33556,34112
33556,34113
33557,34114
33557,34115
33557,34116
33558,34117
33558,34118
33559,34119
33559,34120
33560,34121
33560,34122
33561,34123
33561,34124
33562,34125
33562,34126
33563,34127
33563,34128
33563,34129
33564,34130
33564,34131
33564,34132
33565,34133
33565,34134
33565,34135
33566,34136
33566,34137
33567,34138
33567,34139
33568,34140
33568,34141
33568,34142
33569,34143
33569,34144
33569,34145
33570,34146
33570,34147
33571,34148
33571,34149
33571,34150
33572,34151
33572,34152
33572,34153
33573,34154
33573,34155
33574,34156
33574,34157
33574,34158
33575,34159
33575,34160
33575,34161
33576,34162
33576,34163
33577,34164
33577,34165
33578,34166
33578,34167
33579,34168
33579,34169
33579,34170
33580,34171
33580,34172
33580,34173
33581,34174
33581,34175
33582,34176
33582,34177
33583,34178
33583,34179
33584,34180
33584,34181
33585,34182
33585,34183
33586,34184
33586,34185
33586,34186
33587,34187
33587,34188
33588,34189
33588,34190
33589,34191
33589,34192
33589,34193
33590,34194
33590,34195
33590,34196
33591,34197
33591,34198
33592,34199
33592,34200
33593,34201
33593,34202
33593,34203
33594,34204
33594,34205
33594,34206
33595,34207
33595,34208
33595,34209
33596,34210
33596,34211
33597,34212
33597,34213
33597,34214
33598,34215
33598,34216
33598,34217
33599,34218
33599,34219
33599,34220
33600,34221
33600,34222
33600,34223
33601,34165
33601,34224
33602,34225
33602,34226
33603,34227
33603,34201
33604,34228
33604,34229
33605,34230
33605,34231
33606,34232
33606,34233
33607,34234
33607,34235
33607,34236
33608,34237
33608,34238
33609,34239
33609,34240
33610,34241
33610,34242
33611,34243
33611,34244
33612,34245
33612,34246
33613,34247
33613,34248
33614,34249
33614,34250
33615,34251
33615,34252
33616,34253
33616,34254
33617,34255
33617,34256
33617,34257
33618,34258
33618,34259
33619,34260
33619,34261
33619,34262
33620,34263
33620,34264
33620,34265
33621,34266
33621,34267
33622,34268
33622,34269
33622,34270
33623,34271
33623,34272
33624,34273
33624,34274
33624,34275
33625,34276
33625,34277
33626,34278
33626,34279
33626,34280
33627,34281
33627,34282
33627,34283
33628,34284
33628,34285
33629,34286
33629,34287
33629,34288
33630,34289
33630,34290
33630,34291
33631,34292
33631,34293
33632,34294
33632,34295
33633,34296
33633,34297
33633,34298
33634,34299
33634,34300
33634,34301
33635,34302
33635,34303
33635,34304
33636,34305
33636,34306
33636,34307
33637,34308
33637,34309
33637,34310
33638,34311
33638,34312
33638,34313
33639,34314
33639,34315
33640,34316
33640,34317
33640,34318
33641,34319
33641,34320
33642,34321
33642,34322
33643,34323
33643,34324
33643,34325
33644,34326
33644,34327
33645,34328
33645,34329
33645,34330
33646,34331
33646,34332
33647,34333
33647,34334
33647,34335
33648,34336
33648,34337
33648,34338
33649,34339
33649,34340
33650,34341
33650,34342
33651,34343
33651,34344
33651,34345
33652,34346
33652,34347
33653,34348
33653,34349
33654,34350
33654,34351
33654,34352
33655,34353
33655,34354
33655,34355
33656,34104
33656,34356
33656,34357
33657,34358
33657,34359
33657,34347
33658,34360
33658,34361
33659,34362
33659,34363
33659,34364
33660,34365
33660,34366
33660,34367
33661,34368
33661,34369
33661,34370
33662,34371
33662,34372
33663,34373
33663,34374
33664,34375
33664,34376
33664,34377
33665,34378
33665,34379
33665,34380
33666,34381
33666,34382
33666,34383
33667,34384
33667,34385
33668,34386
33668,34387
33669,34388
33669,34389
33670,34390
33670,34391
33671,34392
33671,34393
33671,34394
33672,34395
33672,34396
33673,34397
33673,34398
33674,34399
33674,34400
33674,34401
33675,34402
33675,34403
33676,34404
33676,34405
33677,34406
33677,34407
33677,34408
33678,34409
33678,34410
33679,34411
33679,34412
33680,34413
33680,34414
33681,34415
33681,34416
33681,34417
33682,34418
33682,34419
33682,34420
33683,34421
33683,34422
33684,34423
33684,34424
33684,34425
33685,34426
33685,34427
33686,34428
33686,34429
33687,34430
33687,34431
33687,34432
33688,34433
33688,34434
33688,34435
33689,34436
33689,34437
33689,34438
33690,34439
33690,34440
33690,34441
33691,34442
33691,34443
33691,34444
33692,34445
33692,34446
33693,34447
33693,34448
33694,34449
33694,34450
33694,34451
33695,34452
33695,34453
33696,34454
33696,34455
33696,34456
33697,34457
33697,34458
33697,34459
33698,34460
33698,34461
33699,34462
33699,34463
33699,34464
33700,34465
33700,34466
33701,34467
33701,34468
33701,34469
33702,34470
33702,34471
33702,34472
33703,34473
33703,34392
33704,34474
33704,34475
33705,34476
33705,34477
33705,34478
33706,34479
33706,34480
33706,34481
33707,34482
33707,34483
33708,34484
33708,34485
33709,34486
33709,34487
33710,34488
33710,34489
33710,34490
33711,34491
33711,34492
33712,34493
33712,34494
33712,34495
33713,34496
33713,34497
33714,34498
33714,34499
33715,34500
33715,34501
34014,34517
34014,34518
34014,34519
34015,34520
34015,34521
34015,34522
34016,34523
34016,34524
34017,34525
34017,34526
34018,34527
34018,34528
34018,34529
34019,34530
34019,34531
34020,34532
34020,34533
34020,34534
34021,34535
34021,34536
34022,34537
34022,34538
34022,34539
34023,34540
34023,34541
34024,34542
34024,34543
34025,34544
34025,34545
34026,34546
34026,34547
34026,34548
34027,34549
34027,34550
34027,34551
34028,34552
34028,34553
34028,34554
34029,34555
34029,34556
34029,34557
34030,34558
34030,34559
34031,34560
34031,34561
34032,34562
34032,34563
34032,34564
34033,34565
34033,34566
34033,34567
34034,34568
34034,34569
34035,34570
34035,34571
34036,34572
34036,34573
34036,34574
34037,34575
34037,34576
34038,34577
34038,34578
34038,34579
34039,34580
34039,34581
34039,34582
34040,34583
34040,34584
34041,34585
34041,34586
34042,34587
34042,34588
34043,34589
34043,34590
34043,34591
34044,34592
34044,34593
34044,34594
34045,34595
34045,34596
34046,34597
34046,34598
34047,34599
34047,34600
34047,34601
34048,34602
34048,34603
34048,34604
34049,34605
34049,34606
34049,34607
34050,34608
34050,34609
34051,34610
34051,34611
34052,34612
34052,34613
34052,34614
34053,34615
34053,34616
34054,34617
34054,34618
34054,34619
34055,34620
34055,34621
34056,34622
34056,34623
34057,34624
34057,34625
34057,34626
34058,34627
34058,34628
34059,34629
34059,34630
34059,34631
34060,34632
34060,34633
34060,34634
34061,34635
34061,34636
34062,34637
34062,34638
34063,34639
34063,34640
34063,34641
34064,34642
34064,34643
34065,34644
34065,34645
34065,34646
34066,34647
34066,34648
34066,34649
34067,34650
34067,34651
34067,34652
34068,34653
34068,34654
34068,34655
34069,34656
34069,34657
34070,34658
34070,34659
34070,34660
34071,34661
34071,34662
34071,34663
34072,34664
34072,34665
34072,34666
34073,34667
34073,34668
34074,34669
34074,34670
34074,34671
34075,34672
34075,34673
34076,34674
34076,34675
34077,34676
34077,34677
34078,34678
34078,34679
34078,34680
34079,34681
34079,34682
34079,34683
34080,34684
34080,34685
34081,34686
34081,34687
34082,34688
34082,34689
34083,34690
34083,34691
34084,34692
34084,34693
34085,34694
34085,34695
34086,34696
34086,34697
34087,34698
34087,34699
34088,34700
34088,34701
34088,34702
34089,34703
34089,34704
34089,34705
34090,34706
34090,34707
34090,34708
34091,34709
34091,34710
34092,34711
34092,34712
34092,34713
34093,34714
34093,34715
34093,34716
34094,34717
34094,34718
34095,34719
34095,34720
34096,34721
34096,34722
34097,34723
34097,34724
34097,34725
34098,34726
34098,34727
34099,34728
34099,34729
34099,34730
34100,34731
34100,34732
34100,34733
34101,34734
34101,34735
34102,34736
34102,34737
34103,34738
34103,34739
34104,34502
34104,34503
34104,34504
34105,34740
34105,34741
34106,34742
34106,34743
34106,34744
34107,34745
34107,34746
34108,34747
34108,34748
34109,34749
34109,34750
34109,34751
34110,34752
34110,34753
34111,34754
34111,34755
34111,34756
34112,34757
34112,34758
34113,34759
34113,34760
34113,34761
34114,34762
34114,34763
34115,34764
34115,34765
34116,34766
34116,34767
34116,34768
34117,34769
34117,34770
34117,34771
34118,34772
34118,34773
34118,34774
34119,34775
34119,34776
34120,34777
34120,34778
34121,34779
34121,34780
34121,34781
34122,34782
34122,34783
34122,34784
34123,34785
34123,34786
34123,34787
34124,34788
34124,34789
34124,34790
34125,34791
34125,34792
34125,34793
34126,34794
34126,34795
34127,34796
34127,34797
34128,34798
34128,34799
34129,34800
34129,34801
34130,34802
34130,34803
34130,34804
34131,34805
34131,34806
34131,34807
34132,34808
34132,34809
34132,34810
34133,34811
34133,34812
34133,34813
34134,34814
34134,34815
34134,34816
34135,34817
34135,34818
34136,34819
34136,34820
34136,34821
34137,34822
34137,34823
34138,34824
34138,34825
34139,34826
34139,34827
34139,34828
34140,34829
34140,34830
34141,34831
34141,34832
34141,34833
34142,34834
34142,34835
34142,34836
34143,34837
34143,34838
34144,34839
34144,34840
34145,34841
34145,34842
34145,34843
34146,34844
34146,34845
34146,34846
34147,34847
34147,34848
34148,34849
34148,34850
34149,34851
34149,34852
34150,34853
34150,34854
34150,34855
34151,34856
34151,34857
34151,34858
34152,34859
34152,34860
34152,34861
34153,34862
34153,34863
34154,34864
34154,34865
34155,34866
34155,34867
34155,34868
34156,34869
34156,34870
34157,34871
34157,34872
34158,34873
34158,34874
34158,34875
34159,34876
34159,34877
34160,34878
34160,34879
34160,34880
34161,34881
34161,34882
34161,34883
34162,34884
34162,34885
34162,34886
34163,34887
34163,34888
34163,34889
34164,34890
34164,34891
34164,34892
34165,34505
34165,34506
34165,34507
34166,34893
34166,34894
34167,34895
34167,34896
34168,34897
34168,34898
34169,34899
34169,34900
34169,34901
34170,34902
34170,34903
34171,34904
34171,34905
34171,34906
34172,34907
34172,34908
34173,34909
34173,34910
34174,34911
34174,34912
34175,34913
34175,34914
34176,34915
34176,34916
34177,34917
34177,34918
34178,34919
34178,34920
34178,34921
34179,34922
34179,34923
34179,34924
34180,34925
34180,34926
34180,34927
34181,34928
34181,34929
34182,34930
34182,34931
34183,34932
34183,34933
34184,34934
34184,34935
34184,34936
34185,34937
34185,34938
34186,34939
34186,34940
34187,34941
34187,34942
34188,34943
34188,34944
34188,34945
34189,34946
34189,34947
34190,34948
34190,34949
34191,34950
34191,34951
34191,34952
34192,34953
34192,34954
34193,34955
34193,34956
34194,34957
34194,34958
34194,34959
34195,34960
34195,34961
34195,34962
34196,34963
34196,34964
34196,34965
34197,34966
34197,34967
34198,34968
34198,34969
34199,34970
34199,34971
34200,34972
34200,34973
34201,34508
34201,34509
34201,34510
34202,34974
34202,34975
34202,34976
34203,34977
34203,34978
34204,34979
34204,34980
34204,34981
34205,34982
34205,34983
34205,34984
34206,34985
34206,34986
34207,34987
34207,34988
34207,34989
34208,34990
34208,34991
34209,34992
34209,34993
34209,34994
34210,34995
34210,34996
34211,34997
34211,34998
34212,34999
34212,35000
34347,34511
34347,34512
34347,34513
34392,34514
34392,34515
34392,34516
34502,35003
34502,35004
34502,35005
34503,35006
34503,35007
34503,35008
34504,35009
34504,35010
34504,35011
34505,35012
34505,35013
34505,35014
34506,35015
34506,35016
34506,35017
34507,35018
34507,35019
34507,35020
34508,35021
34508,35022
34509,35023
34509,35024
34510,35025
34510,35026
34510,35027
34511,35028
34511,35029
34511,35030
34512,35031
34512,35032
34513,35033
34513,35034
34514,35035
34514,35036
34515,35037
34515,35038
34515,35039
34516,35040
34516,35041
34517,35042
34517,35043
34518,35044
34518,35045
34519,35046
34519,35047
34519,35048
34520,35049
34520,35050
34521,35051
34521,35052
34521,35053
34522,35054
34522,35055
34522,35056
34523,35057
34523,35058
34524,35059
34524,35060
34524,35061
34525,35062
34525,35063
34526,35064
34526,35065
34526,35066
34527,35067
34527,35068
34528,35069
34528,35070
34528,35071
34529,35072
34529,35073
34529,35074
34530,35075
34530,35076
34531,35077
34531,35078
34531,35079
34532,35080
34532,35081
34533,35082
34533,35083
34533,35084
34534,35085
34534,35086
34534,35087
34535,35088
34535,35089
34535,35090
34536,35001
34536,35002
34537,35091
34537,35092
34537,35093
34538,35094
34538,35095
34539,35096
34539,35097
34540,35098
34540,35099
34541,35100
34541,35101
34541,35102
34542,35103
34542,35104
34542,35105
34543,35106
34543,35107
34544,35108
34544,35109
34544,35110
34545,35111
34545,35112
34545,35113
34546,35114
34546,35115
34546,35116
34547,35117
34547,35118
34548,35119
34548,35120
34549,35121
34549,35122
34549,35123
34550,35124
34550,35125
34550,35126
34551,35127
34551,35128
34552,35129
34552,35130
34553,35131
34553,35132
34554,35133
34554,35134
34555,35135
34555,35136
34556,35137
34556,35138
34557,35139
34557,35140
34558,35141
34558,35142
34558,35143
34559,35144
34559,35145
34559,35146
34560,35147
34560,35148
34560,35149
34561,35150
34561,35151
34561,35152
34562,35153
34562,35154
34562,35155
34563,35156
34563,35157
34563,35158
34564,35159
34564,35160
34565,35161
34565,35162
34566,35163
34566,35164
34566,35165
34567,35166
34567,35167
34568,35168
34568,35169
34568,35170
34569,35171
34569,35172
34570,35173
34570,35174
34570,35175
34571,35176
34571,35177
34571,35178
34572,35179
34572,35180
34573,35181
34573,35182
34574,35183
34574,35184
34575,35185
34575,35186
34575,35187
34576,35188
34576,35189
34577,35190
34577,35191
34577,35192
34578,35193
34578,35194
34578,35195
34579,35196
34579,35197
34579,35198
34580,35199
34580,35200
34580,35201
34581,35202
34581,35203
34582,35204
34582,35205
34582,35206
34583,35207
34583,35208
34584,35209
34584,35210
34584,35211
34585,35212
34585,35213
34586,35214
34586,35215
34587,35216
34587,35217
34587,35218
34588,35219
34588,35220
34588,35221
34589,35222
34589,35223
34589,35224
34590,35225
34590,35226
34591,35227
34591,35228
34592,35202
34592,35229
34592,35230
34593,35231
34593,35232
34594,35233
34594,35234
34595,35235
34595,35236
34596,35237
34596,35238
34597,35239
34597,35240
34597,35241
34598,35242
34598,35243
34598,35244
34599,35245
34599,35246
34599,35247
34600,35248
34600,35249
34600,35250
34601,35251
34601,35252
34602,35253
34602,35254
34603,35255
34603,35256
34604,35257
34604,35258
34605,35259
34605,35260
34606,35261
34606,35262
34607,35263
34607,35264
34607,35265
34608,35266
34608,35267
34608,35268
34609,35269
34609,35270
34609,35271
34610,35272
34610,35273
34610,35274
34611,35275
34611,35276
34611,35277
34612,35278
34612,35279
34612,35280
34613,35281
34613,35282
34613,35283
34614,35284
34614,35285
34614,35286
34615,35287
34615,35288
34616,35289
34616,35290
34616,35291
34617,35292
34617,35293
34618,35294
34618,35295
34619,35296
34619,35297
34620,35298
34620,35299
34621,35300
34621,35301
34622,35302
34622,35303
34623,35304
34623,35305
34624,35306
34624,35307
34624,35308
34625,35309
34625,35310
34625,35311
34626,35312
34626,35313
34627,35314
34627,35315
34628,35316
34628,35317
34629,35318
34629,35319
34629,35320
34630,35321
34630,35322
34631,35323
34631,35324
34631,35325
34632,35326
34632,35327
34632,35328
34633,35329
34633,35330
34633,35331
34634,35332
34634,35333
34635,35334
34635,35335
34635,35336
34636,35337
34636,35338
34637,35339
34637,35340
34637,35341
34638,35342
34638,35343
34639,35344
34639,35345
34639,35346
34640,35347
34640,35348
34641,35349
34641,35350
34641,35351
34642,35352
34642,35353
34642,35354
34643,35355
34643,35356
34644,35357
34644,35358
34645,35359
34645,35360
34646,35361
34646,35362
34647,35363
34647,35364
34648,35365
34648,35366
34648,35367
34649,35368
34649,35369
34650,35370
34650,35371
34650,35372
34651,35373
34651,35374
34652,35375
34652,35376
34653,35377
34653,35378
34654,35379
34654,35380
34654,35381
34655,35382
34655,35383
34655,35384
34656,35385
34656,35386
34657,35387
34657,35388
34658,35389
34658,35390
34658,35391
34659,35392
34659,35393
34659,35394
34660,35395
34660,35396
34660,35397
34661,35398
34661,35399
34661,35400
34662,35401
34662,35402
34663,35403
34663,35404
34663,35405
34664,35406
34664,35407
34664,35408
34665,35409
34665,35410
34665,35411
34666,35412
34666,35413
34667,35414
34667,35415
34667,35416
34668,35417
34668,35418
34668,35419
34669,35420
34669,35421
34670,35422
34670,35423
34671,35424
34671,35425
34672,35426
34672,35427
34673,35428
34673,35429
34673,35430
34674,35431
34674,35432
34675,35433
34675,35434
34676,35435
34676,35436
34677,35437
34677,35438
34677,35439
34678,35440
34678,35441
34679,35442
34679,35443
34679,35444
34680,35445
34680,35446
34681,35447
34681,35448
34681,35449
34682,35450
34682,35451
34683,35452
34683,35453
34683,35454
34684,35455
34684,35456
34685,35457
34685,35458
34686,35459
34686,35460
34687,35461
34687,35462
34687,35463
34688,35464
34688,35465
34689,35466
34689,35467
34689,35468
34690,35469
34690,35470
34691,35471
34691,35472
34691,35473
34692,35474
34692,35475
34693,35476
34693,35477
34693,35478
34694,35479
34694,35480
34695,35481
34695,35482
34696,35483
34696,35484
34696,35485
34697,35486
34697,35487
34697,35488
34698,35489
34698,35490
34699,35491
34699,35492
34699,35493
34700,35494
34700,35495
34701,35496
34701,35497
34701,35498
34702,35499
34702,35500
35001,35508
35001,35509
35001,35510
35001,35511
35002,35512
35002,35513
35002,35514
35002,35515
35003,35516
35003,35517
35003,35518
35003,35519
35004,35520
35004,35521
35004,35522
35005,35523
35005,35524
35005,35525
35005,35526
35006,35527
35006,35528
35006,35529
35006,35530
35007,35531
35007,35532
35007,35533
35008,35534
35008,35535
35008,35536
35008,35537
35009,35538
35009,35539
35009,35540
35009,35541
35010,35542
35010,35543
35010,35544
35010,35545
35011,35546
35011,35547
35011,35548
35011,35549
35012,35550
35012,35551
35012,35552
35012,35553
35013,35554
35013,35555
35013,35556
35014,35557
35014,35558
35014,35559
35015,35560
35015,35561
35015,35562
35015,35563
35016,35564
35016,35565
35016,35566
35016,35567
35017,35568
35017,35569
35017,35570
35017,35571
35018,35572
35018,35573
35018,35574
35018,35575
35019,35576
35019,35577
35019,35578
35019,35579
35020,35580
35020,35581
35020,35582
35021,35583
35021,35584
35021,35585
35022,35586
35022,35587
35022,35588
35023,35589
35023,35590
35023,35591
35024,35592
35024,35593
35024,35594
35025,35595
35025,35596
35025,35597
35026,35598
35026,35599
35026,35600
35026,35601
35027,35602
35027,35603
35027,35604
35028,35605
35028,35606
35028,35607
35028,35608
35029,35609
35029,35610
35029,35611
35029,35612
35030,35613
35030,35614
35030,35615
35030,35616
35031,35617
35031,35618
35031,35619
35031,35620
35032,35621
35032,35622
35032,35623
35032,35624
35033,35625
35033,35626
35033,35627
35034,35628
35034,35629
35034,35630
35035,35631
35035,35632
35035,35633
35036,35634
35036,35635
35036,35636
35037,35637
35037,35638
35037,35639
35037,35640
35038,35641
35038,35642
35038,35643
35038,35644
35039,35645
35039,35646
35039,35647
35040,35648
35040,35649
35040,35650
35040,35651
35041,35652
35041,35653
35041,35654
35042,35655
35042,35656
35042,35657
35043,35658
35043,35659
35043,35660
35044,35661
35044,35662
35044,35663
35045,35664
35045,35665
35045,35666
35046,35667
35046,35668
35046,35669
35046,35670
35047,35671
35047,35672
35047,35673
35048,35674
35048,35675
35048,35676
35048,35677
35049,35678
35049,35679
35049,35680
35050,35681
35050,35682
35050,35683
35050,35684
35051,35685
35051,35686
35051,35687
35052,35688
35052,35689
35052,35690
35052,35691
35053,35692
35053,35693
35053,35694
35054,35695
35054,35696
35054,35697
35055,35698
35055,35699
35055,35700
35056,35701
35056,35702
35056,35703
35056,35704
35057,35705
35057,35706
35057,35707
35058,35708
35058,35709
35058,35710
35058,35711
35059,35712
35059,35713
35059,35714
35059,35715
35060,35716
35060,35717
35060,35718
35061,35719
35061,35720
35061,35721
35061,35722
35062,35723
35062,35724
35062,35725
35062,35726
35063,35727
35063,35728
35063,35729
35063,35730
35064,35731
35064,35732
35064,35733
35065,35734
35065,35735
35065,35736
35066,35737
35066,35738
35066,35739
35067,35740
35067,35741
35067,35742
35067,35743
35068,35744
35068,35745
35068,35746
35068,35747
35069,35748
35069,35749
35069,35750
35069,35751
35070,35752
35070,35753
35070,35754
35071,35755
35071,35756
35071,35757
35072,35758
35072,35759
35072,35760
35072,35761
35073,35762
35073,35763
35073,35764
35074,35765
35074,35766
35074,35767
35075,35768
35075,35769
35075,35770
35076,35771
35076,35772
35076,35773
35077,35774
35077,35775
35077,35776
35077,35777
35078,35778
35078,35779
35078,35780
35079,35781
35079,35782
35079,35783
35079,35784
35080,35785
35080,35786
35080,35787
35080,35788
35081,35789
35081,35790
35081,35791
35082,35792
35082,35793
35082,35794
35083,35795
35083,35796
35083,35797
35084,35798
35084,35799
35084,35800
35085,35801
35085,35802
35085,35803
35086,35804
35086,35805
35086,35806
35087,35807
35087,35808
35087,35809
35088,35810
35088,35811
35088,35812
35089,35813
35089,35814
35089,35815
35090,35816
35090,35817
35090,35818
35091,35819
35091,35820
35091,35821
35092,35822
35092,35823
35092,35824
35093,35825
35093,35826
35093,35827
35094,35828
35094,35829
35094,35830
35095,35831
35095,35832
35095,35833
35096,35834
35096,35835
35096,35836
35096,35837
35097,35838
35097,35839
35097,35840
35097,35841
35098,35534
35098,35842
35098,35843
35098,35844
35099,35845
35099,35846
35099,35847
35100,35848
35100,35849
35100,35850
35100,35851
35101,35852
35101,35853
35101,35854
35102,35855
35102,35856
35102,35857
35102,35858
35103,35859
35103,35860
35103,35861
35104,35862
35104,35863
35104,35864
35104,35865
35105,35866
35105,35867
35105,35868
35105,35869
35106,35870
35106,35871
35106,35872
35107,35873
35107,35874
35107,35875
35107,35876
35108,35877
35108,35878
35108,35879
35109,35880
35109,35881
35109,35882
35109,35883
35110,35884
35110,35885
35110,35886
35111,35887
35111,35888
35111,35889
35112,35890
35112,35891
35112,35892
35112,35893
35113,35894
35113,35895
35113,35896
35114,35897
35114,35898
35115,35899
35115,35900
35115,35901
35115,35902
35116,35903
35116,35904
35116,35905
35117,35906
35117,35907
35117,35908
35118,35909
35118,35910
35118,35911
35119,35912
35119,35913
35119,35914
35120,35915
35120,35916
35120,35917
35121,35918
35121,35919
35121,35843
35121,35920
35122,35921
35122,35922
35122,35923
35123,35924
35123,35925
35123,35926
35123,35927
35124,35928
35124,35929
35124,35930
35125,35931
35125,35932
35125,35933
35126,35934
35126,35935
35126,35936
35126,35937
35127,35938
35127,35939
35127,35940
35127,35941
35128,35942
35128,35943
35128,35944
35128,35945
35129,35946
35129,35947
35129,35948
35129,35949
35130,35950
35130,35951
35130,35952
35130,35953
35131,35954
35131,35955
35131,35956
35132,35957
35132,35958
35132,35959
35132,35960
35133,35961
35133,35962
35133,35963
35134,35964
35134,35965
35134,35966
35134,35967
35135,35968
35135,35969
35135,35970
35135,35971
35136,35972
35136,35973
35136,35974
35137,35975
35137,35976
35137,35977
35137,35978
35138,35979
35138,35980
35138,35981
35139,35982
35139,35983
35139,35984
35139,35985
35140,35986
35140,35987
35140,35988
35140,35989
35141,35990
35141,35991
35141,35992
35141,35993
35142,35994
35142,35995
35142,35996
35143,35997
35143,35998
35143,35999
35143,36000
35144,36001
35144,36002
35144,36003
35144,36004
35145,36005
35145,36006
35145,36007
35145,36008
35146,36009
35146,36010
35146,36011
35147,36012
35147,36013
35147,36014
35148,36015
35148,36016
35148,36017
35148,36018
35149,36019
35149,36020
35149,36021
35150,36022
35150,36023
35150,36024
35150,36025
35151,36026
35151,36027
35151,36028
35151,36029
35152,36030
35152,36031
35152,36032
35153,36033
35153,36034
35153,36035
35154,36036
35154,36037
35154,36038
35155,36039
35155,36040
35155,36041
35155,36042
35156,36043
35156,36044
35156,36045
35157,36046
35157,36047
35157,36048
35157,36049
35158,36050
35158,36051
35158,36052
35159,36053
35159,36054
35159,36055
35160,36056
35160,36057
35160,36058
35161,36059
35161,36060
35161,36061
35162,36062
35162,36063
35162,36064
35163,36065
35163,36066
35163,36067
35164,36068
35164,36069
35164,36070
35164,36071
35165,36072
35165,36073
35165,36074
35165,36075
35166,36076
35166,36077
35166,36078
35166,36079
35167,36080
35167,36081
35167,36082
35168,36083
35168,36084
35168,36085
35169,36086
35169,36087
35169,36088
35170,36089
35170,36090
35170,36091
35171,36092
35171,36093
35171,36094
35171,36095
35172,36096
35172,36097
35172,36098
35172,36099
35173,36100
35173,36101
35173,36102
35174,36103
35174,36104
35174,36105
35174,36106
35175,36107
35175,36108
35175,36109
35176,36110
35176,36111
35176,36112
35177,36113
35177,36114
35177,36115
35178,36116
35178,36117
35178,36118
35178,36119
35179,35869
35179,36120
35179,36121
35180,36122
35180,36123
35180,36124
35180,36125
35181,36126
35181,36127
35181,36128
35182,36129
35182,36130
35182,36131
35183,36132
35183,36133
35183,36134
35183,36135
35184,36136
35184,36137
35184,36138
35184,36139
35185,36140
35185,36141
35185,36142
35185,36143
35186,36144
35186,36145
35186,36146
35187,36147
35187,36148
35187,36149
35187,36150
35188,36151
35188,36152
35188,36153
35188,36154
35189,36155
35189,36156
35189,36157
35189,36158
35190,36159
35190,36160
35190,36161
35191,36162
35191,36163
35191,36164
35192,36165
35192,36166
35192,36167
35192,36168
35193,36169
35193,36170
35193,36171
35193,36172
35194,36173
35194,36174
35194,36175
35195,36176
35195,36177
35195,36178
35195,36179
35196,36180
35196,36181
35196,36182
35196,36183
35197,36184
35197,36185
35197,36186
35197,36187
35198,36188
35198,36189
35198,36190
35199,36191
35199,36192
35199,36193
35199,36194
35202,35501
35202,35502
35202,35503
35300,35504
35300,35505
35300,35506
35300,35507
35501,36210
35501,36211
35501,36212
35501,36213
35502,36214
35502,36215
35502,36216
35503,36217
35503,36218
35503,36219
35504,36220
35504,36221
35504,36222
35504,36223
35505,36224
35505,36225
35505,36226
35505,36227
35506,36228
35506,36229
35506,36230
35507,36231
35507,36232
35507,36233
35507,36234
35508,36235
35508,36236
35508,36237
35508,36238
35509,36239
35509,36240
35509,36241
35510,36242
35510,36243
35510,36244
35510,36245
35511,36246
35511,36247
35511,36248
35512,36249
35512,36250
35512,36251
35512,36252
35513,36253
35513,36254
35513,36255
35513,36256
35514,36257
35514,36258
35514,36259
35515,36260
35515,36261
35515,36262
35516,36263
35516,36264
35516,36265
35517,36266
35517,36267
35517,36268
35517,36269
35518,36270
35518,36271
35518,36272
35518,36273
35519,36274
35519,36275
35519,36276
35519,36277
35520,36278
35520,36279
35520,36280
35521,36281
35521,36282
35521,36283
35522,36284
35522,36285
35522,36286
35523,36287
35523,36288
35523,36289
35524,36290
35524,36291
35524,36292
35525,36293
35525,36294
35525,36295
35526,36296
35526,36297
35526,36298
35527,36299
35527,36300
35527,36301
35527,36302
35528,36303
35528,36304
35528,36305
35528,36306
35529,36307
35529,36308
35529,36309
35530,36310
35530,36311
35530,36312
35530,36313
35531,36314
35531,36315
35531,36316
35532,36317
35532,36318
35532,36319
35533,36320
35533,36321
35533,36322
35533,36323
35534,36195
35534,36196
35534,36197
35534,36198
35535,36324
35535,36325
35535,36326
35535,36327
35536,36328
35536,36329
35536,36330
35537,36331
35537,36332
35537,36333
35538,36334
35538,36335
35538,36336
35538,36337
35539,36338
35539,36339
35539,36340
35540,36341
35540,36342
35540,36343
35541,36344
35541,36345
35541,36346
35541,36347
35542,36348
35542,36349
35542,36350
35542,36351
35543,36352
35543,36353
35543,36354
35543,36355
35544,36356
35544,36357
35544,36358
35545,36359
35545,36360
35545,36361
35545,36362
35546,36363
35546,36364
35546,36365
35546,36366
35547,36367
35547,36368
35547,36369
35547,36370
35548,36371
35548,36372
35548,36373
35549,36374
35549,36375
35549,36376
35549,36377
35550,36378
35550,36379
35550,36380
35551,36381
35551,36382
35551,36383
35551,36384
35552,36385
35552,36386
35552,36387
35552,36388
35553,36389
35553,36390
35553,36391
35553,36392
35554,36393
35554,36394
35554,36395
35555,36396
35555,36397
35555,36398
35556,36399
35556,36400
35556,36401
35556,36402
35557,36403
35557,36404
35557,36405
35558,36406
35558,36407
35558,36408
35558,36409
35559,36410
35559,36411
35559,36412
35560,36413
35560,36414
35560,36415
35560,36416
35561,36417
35561,36418
35561,36419
35561,36420
35562,36421
35562,36422
35562,36423
35563,36424
35563,36425
35563,36426
35563,36427
35564,36428
35564,36429
35564,36430
35564,36431
35565,36432
35565,36433
35565,36434
35566,36435
35566,36436
35566,36437
35567,36438
35567,36439
35567,36440
35567,36441
35568,36442
35568,36443
35568,36444
35569,36445
35569,36446
35569,36447
35570,36448
35570,36449
35570,36450
35570,36451
35571,36452
35571,36453
35571,36454
35571,36455
35572,36456
35572,36457
35572,36458
35573,36459
35573,36460
35573,36461
35573,36462
35574,36463
35574,36464
35574,36465
35574,36466
35575,36467
35575,36468
35575,36469
35575,36470
35576,36471
35576,36472
35576,36473
35577,36474
35577,36475
35577,36476
35577,36477
35578,36478
35578,36479
35578,36480
35578,36481
35579,36482
35579,36483
35579,36484
35580,36485
35580,36486
35580,36487
35581,36488
35581,36489
35581,36490
35582,36491
35582,36492
35582,36493
35582,36494
35583,36495
35583,36496
35583,36497
35584,36498
35584,36499
35584,36500
35584,36501
35585,36502
35585,36503
35585,36504
35585,36505
35586,36506
35586,36507
35586,36508
35586,36509
35587,36510
35587,36511
35587,36512
35587,36513
35588,36514
35588,36515
35588,36516
35589,36517
35589,36518
35589,36519
35590,36520
35590,36521
35590,36522
35590,36523
35591,36524
35591,36525
35591,36526
35592,36527
35592,36528
35592,36529
35593,36530
35593,36531
35593,36532
35594,36533
35594,36534
35594,36535
35595,36536
35595,36537
35595,36538
35595,36539
35596,36540
35596,36541
35596,36542
35596,36543
35597,36544
35597,36545
35597,36546
35597,36547
35598,36548
35598,36549
35598,36550
35599,36551
35599,36552
35599,36553
35600,36554
35600,36555
35600,36556
35601,36557
35601,36558
35601,36559
35602,36560
35602,36561
35602,36562
35602,36563
35603,36564
35603,36565
35603,36566
35604,36567
35604,36568
35604,36569
35605,36570
35605,36571
35605,36572
35606,36573
35606,36574
35606,36575
35607,36576
35607,36577
35607,36578
35607,36579
35608,36580
35608,36581
35608,36582
35609,36583
35609,36584
35609,36585
35610,36586
35610,36587
35610,36588
35610,36589
35611,36590
35611,36591
35611,36592
35612,36593
35612,36594
35612,36595
35612,36596
35613,36597
35613,36598
35613,36599
35614,36600
35614,36601
35614,36602
35615,36603
35615,36604
35615,36605
35615,36606
35616,36607
35616,36608
35616,36609
35616,36610
35617,36611
35617,36612
35617,36613
35618,36614
35618,36615
35618,36616
35618,36617
35619,36618
35619,36619
35619,36620
35619,36621
35620,36622
35620,36623
35620,36624
35620,36625
35621,36626
35621,36627
35621,36628
35621,36629
35622,36630
35622,36631
35622,36632
35622,36633
35623,36634
35623,36635
35623,36636
35624,36637
35624,36638
35624,36639
35624,36640
35625,36641
35625,36642
35625,36643
35625,36644
35626,36645
35626,36646
35626,36647
35627,36648
35627,36649
35627,36650
35628,36651
35628,36652
35628,36653
35628,36654
35629,36655
35629,36656
35629,36657
35630,36658
35630,36659
35630,36660
35630,36661
35631,36662
35631,36663
35631,36664
35631,36665
35632,36666
35632,36667
35632,36668
35633,36669
35633,36670
35633,36671
35633,36672
35634,36673
35634,36674
35634,36675
35635,36676
35635,36627
35635,36677
35635,36678
35636,36679
35636,36680
35636,36681
35637,36682
35637,36683
35637,36684
35638,36685
35638,36686
35638,36687
35639,36688
35639,36689
35639,36690
35639,36691
35640,36692
35640,36693
35640,36694
35640,36695
35641,36696
35641,36697
35641,36698
35641,36699
35642,36700
35642,36701
35642,36702
35642,36703
35643,36704
35643,36705
35643,36706
35644,36707
35644,36708
35644,36709
35644,36710
35645,36711
35645,36712
35645,36713
35645,36714
35646,36715
35646,36716
35646,36717
35646,36718
35647,36719
35647,36720
35647,36721
35647,36722
35648,36723
35648,36724
35648,36725
35649,36726
35649,36727
35649,36728
35650,36729
35650,36730
35650,36731
35651,36732
35651,36733
35651,36734
35652,36735
35652,36736
35652,36737
35652,36738
35653,36739
35653,36740
35653,36741
35654,36742
35654,36743
35654,36744
35655,36745
35655,36746
35655,36747
35656,36748
35656,36749
35656,36750
35656,36751
35657,36752
35657,36753
35657,36754
35657,36755
35658,36756
35658,36757
35658,36758
35658,36759
35659,36760
35659,36761
35659,36762
35659,36763
35660,36764
35660,36765
35660,36766
35660,36767
35661,36768
35661,36769
35661,36770
35662,36771
35662,36772
35662,36773
35663,36774
35663,36775
35663,36776
35664,36777
35664,36778
35664,36779
35665,36780
35665,36781
35665,36782
35666,36783
35666,36784
35666,36785
35667,36786
35667,36787
35667,36788
35668,36789
35668,36790
35668,36791
35669,36792
35669,36793
35669,36794
35670,36795
35670,36796
35670,36797
35670,36798
35671,36799
35671,36778
35671,36800
35672,36801
35672,36802
35672,36803
35672,36804
35673,36805
35673,36806
35673,36807
35674,36808
35674,36809
35674,36810
35674,36811
35675,36812
35675,36813
35675,36814
35675,36815
35676,36816
35676,36817
35676,36818
35676,36819
35677,36820
35677,36821
35677,36822
35678,36823
35678,36824
35678,36825
35678,36826
35679,36827
35679,36828
35679,36829
35679,36830
35680,36831
35680,36832
35680,36833
35681,36834
35681,36835
35681,36836
35681,36837
35682,36838
35682,36839
35682,36840
35682,36841
35683,36842
35683,36843
35683,36844
35684,36845
35684,36846
35684,36847
35685,36848
35685,36849
35685,36850
35686,36851
35686,36852
35686,36853
35687,36854
35687,36855
35687,36856
35687,36857
35688,36858
35688,36859
35688,36860
35689,36861
35689,36862
35689,36863
35690,36864
35690,36865
35690,36866
35690,36867
35691,36868
35691,36869
35691,36870
35692,36871
35692,36872
35692,36873
35693,36874
35693,36875
35693,36876
35693,36877
35694,36878
35694,36879
35694,36880
35695,36881
35695,36882
35695,36883
35696,36884
35696,36885
35696,36886
35697,36887
35697,36888
35697,36889
35697,36890
35698,36891
35698,36892
35698,36893
35843,36199
35843,36200
35843,36201
35843,36202
35869,36203
35869,36204
35869,36205
35897,36206
35897,36207
35897,36208
35897,36209
36195,36905
36195,36906
36195,36907
36195,36908
36196,36909
36196,36910
36196,36911
36197,36912
36197,36913
36197,36914
36198,36915
36198,36916
36198,36917
36198,36918
36199,36919
36199,36920
36199,36921
36200,36922
36200,36923
36200,36924
36200,36925
36201,36926
36201,36927
36201,36928
36201,36929
36202,36930
36202,36931
36202,36932
36203,36933
36203,36934
36203,36935
36204,36936
36204,36937
36204,36938
36204,36939
36205,36940
36205,36941
36205,36942
36205,36943
36206,36944
36206,36945
36206,36946
36206,36947
36207,36948
36207,36949
36207,36950
36208,36951
36208,36952
36208,36953
36209,36954
36209,36955
36209,36956
36210,36957
36210,36958
36210,36959
36211,36960
36211,36961
36211,36962
36212,36963
36212,36964
36212,36965
36212,36966
36213,36967
36213,36968
36213,36969
36214,36970
36214,36971
36214,36972
36215,36973
36215,36974
36215,36975
36215,36976
36216,36977
36216,36978
36216,36979
36217,36980
36217,36981
36217,36982
36217,36983
36218,36984
36218,36985
36218,36986
36219,36987
36219,36988
36219,36989
36220,36990
36220,36991
36220,36992
36220,36993
36221,36994
36221,36995
36221,36996
36221,36997
36222,36998
36222,36999
36222,37000
36223,37001
36223,37002
36223,37003
36224,37004
36224,37005
36224,37006
36224,37007
36225,37008
36225,37009
36225,37010
36225,37011
36226,37012
36226,37013
36226,37014
36226,37015
36227,37016
36227,37017
36227,37018
36227,37019
36228,37020
36228,37021
36228,37022
36229,37023
36229,37024
36229,37025
36229,37026
36230,37027
36230,37028
36230,37029
36231,37030
36231,37031
36231,37032
36231,37033
36232,37034
36232,37035
36232,37036
36232,37037
36233,37038
36233,37039
36233,37040
36233,37041
36234,37042
36234,37043
36234,37044
36235,37045
36235,37046
36235,37047
36236,37048
36236,37049
36236,37050
36236,37051
36237,37052
36237,37053
36237,37054
36238,37055
36238,37056
36238,37057
36238,37058
36239,37059
36239,37060
36239,37061
36239,37062
36240,37063
36240,37064
36240,37065
36241,37066
36241,37067
36241,37068
36241,37069
36242,37070
36242,37071
36242,37072
36243,37073
36243,37074
36243,37075
36243,37076
36244,37077
36244,37078
36244,37079
36244,37080
36245,37081
36245,37082
36245,37083
36246,37084
36246,37085
36246,37086
36246,37087
36247,37088
36247,37089
36247,37090
36248,37091
36248,37092
36248,37093
36249,37094
36249,37095
36249,37096
36249,37097
36250,37098
36250,37099
36250,37100
36250,37101
36251,37102
36251,37103
36251,37104
36251,37105
36252,37106
36252,37107
36252,37108
36252,37109
36253,37110
36253,37111
36253,37112
36254,37113
36254,37114
36255,37115
36255,37116
36255,37117
36255,37118
36256,37119
36256,37120
36256,37121
36256,37122
36257,37123
36257,37124
36257,37125
36257,37126
36258,37127
36258,37128
36258,37129
36258,37130
36259,37131
36259,37132
36259,37133
36260,37134
36260,37135
36260,37136
36260,37137
36261,37138
36261,37139
36261,37140
36262,37141
36262,37142
36262,37143
36262,37144
36263,37145
36263,37146
36263,37147
36264,37148
36264,37149
36264,37150
36265,37151
36265,37152
36265,37153
36265,37154
36266,37155
36266,37156
36266,37157
36267,37158
36267,37159
36267,37160
36268,37161
36268,37162
36268,37163
36269,37164
36269,37165
36269,37166
36269,37167
36270,37168
36270,37169
36270,37170
36270,37171
36271,37172
36271,37173
36271,37174
36271,37175
36272,37176
36272,37177
36272,37178
36273,37179
36273,37180
36273,37181
36274,37182
36274,37183
36274,37184
36275,37185
36275,37186
36275,37187
36275,37188
36276,37189
36276,37190
36276,37191
36277,37192
36277,37193
36277,37194
36277,37195
36278,37196
36278,37197
36278,37198
36279,37199
36279,37200
36279,37201
36280,37202
36280,37203
36280,37204
36280,37205
36281,37206
36281,37207
36281,37208
36282,37209
36282,37210
36282,37211
36282,37212
36283,37213
36283,37214
36283,37215
36283,37216
36284,37217
36284,37218
36284,37219
36285,37220
36285,37221
36285,37222
36286,37223
36286,37224
36286,37225
36286,37226
36287,37227
36287,37228
36287,37229
36288,37230
36288,37231
36288,37232
36288,37233
36289,37234
36289,37235
36289,37236
36290,37237
36290,37238
36290,37239
36290,37240
36291,37241
36291,37242
36291,37243
36291,37244
36292,37245
36292,37246
36292,37247
36292,37248
36293,37249
36293,37250
36293,37251
36293,37252
36294,37253
36294,37254
36294,37255
36294,37256
36295,37257
36295,37258
36295,37259
36295,37260
36296,37261
36296,37262
36296,37263
36297,37264
36297,37265
36297,37266
36298,37267
36298,37268
36298,37269
36299,37270
36299,37271
36299,37272
36299,37273
36300,37274
36300,37275
36300,37276
36300,37277
36301,37278
36301,37279
36301,37280
36302,37281
36302,37282
36302,37283
36303,37284
36303,37285
36303,37286
36304,37287
36304,37288
36304,37289
36304,37290
36305,37291
36305,37292
36305,37293
36306,37294
36306,37295
36306,37296
36307,37297
36307,37298
36307,37299
36308,37300
36308,37301
36308,37302
36308,37303
36309,37304
36309,37305
36309,37306
36310,37307
36310,37308
36310,37309
36311,37310
36311,37311
36311,37312
36312,37313
36312,37314
36312,37315
36313,37316
36313,37317
36313,37318
36313,37319
36314,37320
36314,37321
36314,37322
36314,37323
36315,37324
36315,37325
36315,37326
36316,37327
36316,37328
36316,37329
36316,37330
36317,37331
36317,37332
36317,37333
36317,37334
36318,37335
36318,37336
36318,37337
36318,37338
36319,37339
36319,37340
36319,37341
36320,37342
36320,37343
36320,37344
36321,37345
36321,37346
36321,37347
36322,37348
36322,37349
36322,37350
36323,37351
36323,37352
36323,37353
36324,37354
36324,37355
36324,37356
36325,37357
36325,37358
36325,37359
36325,37360
36326,37361
36326,37362
36326,37363
36326,37364
36327,37365
36327,37366
36327,37367
36327,37368
36328,37369
36328,37370
36328,37371
36328,37372
36329,37373
36329,37374
36329,37375
36330,37376
36330,37377
36330,37378
36330,37379
36331,37380
36331,37381
36331,37382
36331,37383
36332,37384
36332,37385
36332,37386
36332,37387
36333,37388
36333,37389
36333,37390
36334,37391
36334,37392
36334,37393
36334,37394
36335,37395
36335,37396
36335,37397
36335,37398
36336,37399
36336,37400
36336,37401
36337,37402
36337,37403
36337,37404
36337,37405
36338,37406
36338,37407
36338,37408
36338,37409
36339,37410
36339,37411
36339,37412
36340,37413
36340,37414
36340,37415
36341,37416
36341,37417
36341,37418
36342,37419
36342,37420
36342,37421
36342,37422
36343,37423
36343,37424
36343,37425
36344,37426
36344,37427
36344,37428
36345,37429
36345,37430
36345,37431
36346,37432
36346,37433
36346,37434
36347,37435
36347,37436
36347,37437
36347,37438
36348,37439
36348,37440
36348,37441
36348,37442
36349,37443
36349,37444
36349,37445
36349,37446
36350,37447
36350,37448
36350,37449
36350,37450
36351,37451
36351,37452
36351,37453
36351,37454
36352,37455
36352,37456
36352,37457
36352,37458
36353,37459
36353,37460
36353,37461
36354,37462
36354,37463
36354,37464
36355,37465
36355,37466
36355,37467
36355,37468
36356,37469
36356,37470
36356,37471
36356,37472
36357,37473
36357,37474
36357,37475
36357,37476
36358,37477
36358,37478
36358,37479
36359,37480
36359,37481
36359,37482
36359,37483
36360,37484
36360,37485
36360,37486
36360,37487
36361,37488
36361,37489
36361,37490
36361,37491
36362,37492
36362,37493
36362,37494
36362,37495
36363,37496
36363,37497
36363,37498
36363,37499
36364,37500
36364,37501
36364,37502
36365,37503
36365,37504
36365,37505
36365,37506
36366,37507
36366,37508
36366,37509
36367,37510
36367,37511
36367,37512
36367,37513
36368,37514
36368,37515
36368,37516
36369,37517
36369,37518
36369,37519
36370,37520
36370,37521
36370,37522
36370,37523
36371,37524
36371,37525
36371,37526
36371,37527
36372,37528
36372,37529
36372,37530
36373,37531
36373,37532
36373,37533
36374,37534
36374,37535
36374,37536
36375,37537
36375,37538
36375,37539
36375,37540
36376,37541
36376,37542
36376,37543
36377,37544
36377,37545
36377,37546
36377,37547
36378,37548
36378,37549
36378,37550
36378,37551
36379,37552
36379,37553
36379,37554
36379,37555
36380,37556
36380,37557
36380,37558
36380,37559
36381,37560
36381,37561
36381,37562
36381,37563
36382,37564
36382,37565
36382,37566
36382,37567
36383,37568
36383,37569
36383,37570
36384,37571
36384,37572
36384,37573
36385,37574
36385,37575
36385,37576
36385,37577
36386,37578
36386,37579
36386,37580
36386,37581
36387,37582
36387,37583
36387,37584
36387,37585
36388,37586
36388,37587
36388,37588
36388,37589
36389,37590
36389,37591
36389,37592
36389,37593
36390,37594
36390,37595
36390,37596
36391,37597
36391,37598
36391,37599
36392,37600
36392,37601
36392,37602
36392,37603
36627,36894
36627,36895
36627,36896
36627,36897
36744,36898
36744,36899
36744,36900
36778,36901
36778,36902
36778,36903
36778,36904
36894,37614
36894,37615
36894,37616
36895,37617
36895,37618
36895,37619
36896,37620
36896,37615
36896,37621
36896,37622
36897,37623
36897,37624
36897,37625
36897,37626
36898,37627
36898,37628
36898,37629
36899,37630
36899,37631
36899,37632
36900,37633
36900,37634
36900,37635
36901,37636
36901,37637
36901,37638
36901,37639
36902,37640
36902,37641
36902,37642
36902,37643
36903,37644
36903,37645
36903,37646
36904,37647
36904,37648
36904,37649
36904,37650
36905,37651
36905,37652
36905,37653
36906,37654
36906,37655
36906,37656
36907,37657
36907,37658
36907,37659
36907,37660
36908,37661
36908,37662
36908,37663
36909,37664
36909,37665
36909,37666
36909,37667
36910,37668
36910,37669
36910,37670
36910,37671
36911,37672
36911,37673
36911,37674
36911,37675
36912,37676
36912,37677
36912,37678
36913,37679
36913,37680
36913,37681
36913,37682
36914,37683
36914,37684
36914,37685
36914,37686
36915,37687
36915,37688
36915,37689
36916,37690
36916,37691
36916,37692
36916,37693
36917,37694
36917,37695
36917,37696
36918,37697
36918,37698
36918,37699
36918,37700
36919,37701
36919,37702
36919,37703
36919,37704
36920,37705
36920,37706
36920,37707
36921,37708
36921,37709
36921,37710
36921,37711
36922,37712
36922,37713
36922,37714
36923,37715
36923,37716
36923,37717
36923,37718
36924,37719
36924,37720
36924,37721
36924,37722
36925,37723
36925,37724
36925,37725
36925,37726
36926,37727
36926,37728
36926,37729
36926,37730
36927,37731
36927,37732
36927,37733
36928,37734
36928,37735
36928,37736
36929,37737
36929,37738
36929,37739
36929,37740
36930,37741
36930,37742
36930,37743
36930,37744
36931,37745
36931,37746
36931,37747
36932,37748
36932,37749
36932,37750
36933,37751
36933,37752
36933,37753
36934,37754
36934,37755
36934,37756
36934,37757
36935,37758
36935,37759
36935,37760
36936,37761
36936,37762
36936,37763
36936,37764
36937,37765
36937,37766
36937,37767
36938,37768
36938,37769
36938,37770
36938,37771
36939,37772
36939,37773
36939,37774
36940,37775
36940,37776
36940,37777
36940,37778
36941,37779
36941,37780
36941,37781
36941,37782
36942,37783
36942,37784
36942,37785
36943,37786
36943,37787
36943,37788
36944,37789
36944,37790
36944,37791
36944,37792
36945,37793
36945,37794
36945,37795
36946,37796
36946,37797
36946,37798
36947,37799
36947,37800
36947,37801
36948,37802
36948,37803
36948,37804
36948,37805
36949,37806
36949,37807
36949,37808
36949,37809
36950,37810
36950,37811
36950,37812
36950,37813
36951,37814
36951,37815
36951,37816
36951,37817
36952,37818
36952,37819
36952,37820
36953,37821
36953,37822
36953,37823
36953,37824
36954,37825
36954,37826
36954,37827
36954,37828
36955,37829
36955,37830
36955,37831
36956,37832
36956,37833
36956,37834
36957,37835
36957,37836
36957,37837
36958,37838
36958,37839
36958,37840
36958,37841
36959,37842
36959,37843
36959,37844
36959,37845
36960,37846
36960,37847
36960,37848
36961,37849
36961,37850
36961,37851
36962,37852
36962,37853
36962,37854
36963,37855
36963,37856
36963,37857
36964,37858
36964,37859
36964,37860
36964,37861
36965,37862
36965,37863
36965,37864
36965,37865
36966,37866
36966,37867
36966,37868
36967,37869
36967,37870
36967,37871
36968,37872
36968,37873
36968,37874
36969,37875
36969,37876
36969,37877
36969,37878
36970,37879
36970,37880
36970,37881
36971,37882
36971,37883
36971,37884
36972,37885
36972,37886
36972,37887
36972,37888
36973,37889
36973,37890
36973,37891
36974,37892
36974,37893
36974,37894
36974,37895
36975,37896
36975,37897
36975,37898
36976,37899
36976,37900
36976,37901
36976,37902
36977,37903
36977,37904
36977,37905
36978,37906
36978,37907
36978,37908
36979,37909
36979,37910
36979,37911
36980,37912
36980,37913
36980,37914
36981,37915
36981,37916
36981,37917
36981,37918
36982,37919
36982,37920
36982,37921
36983,37922
36983,37923
36983,37924
36984,37925
36984,37926
36984,37927
36985,37928
36985,37929
36985,37930
36985,37931
36986,37932
36986,37933
36986,37934
36986,37935
36987,37936
36987,37937
36987,37938
36988,37939
36988,37940
36988,37941
36988,37942
36989,37943
36989,37944
36989,37945
36989,37946
36990,37947
36990,37948
36990,37949
36990,37950
36991,37951
36991,37952
36991,37953
36991,37954
36992,37955
36992,37956
36992,37957
36993,37958
36993,37959
36993,37960
36994,37961
36994,37962
36994,37963
36995,37964
36995,37965
36995,37966
36995,37967
36996,37968
36996,37969
36996,37970
36997,37971
36997,37972
36997,37973
36997,37974
36998,37975
36998,37976
36998,37977
36999,37978
36999,37979
36999,37980
37000,37981
37000,37982
37000,37983
37001,37984
37001,37985
37001,37986
37001,37987
37002,37988
37002,37989
37002,37990
37003,37991
37003,37992
37003,37993
37003,37994
37004,37995
37004,37996
37004,37997
37004,37998
37005,37999
37005,38000
37005,38001
37006,38002
37006,38003
37006,38004
37007,38005
37007,38006
37007,38007
37008,38008
37008,38009
37008,38010
37009,38011
37009,38012
37009,38013
37010,38014
37010,38015
37010,38016
37011,38017
37011,38018
37011,38019
37012,38020
37012,38021
37012,38022
37012,38023
37013,38024
37013,38025
37013,38026
37014,38027
37014,38028
37014,38029
37015,38030
37015,38031
37015,38032
37015,38033
37016,38034
37016,38035
37016,38036
37017,38037
37017,38038
37017,38039
37017,38040
37018,38041
37018,38042
37018,38043
37018,38044
37019,38045
37019,38046
37019,38047
37020,38048
37020,38049
37020,38050
37021,38051
37021,38052
37021,38053
37021,38054
37022,38055
37022,38056
37022,38057
37022,38058
37023,38059
37023,38060
37023,38061
37024,38062
37024,38063
37024,38064
37025,38065
37025,38066
37025,38067
37026,38068
37026,38069
37026,38070
37027,38071
37027,38072
37027,38073
37028,38074
37028,38075
37028,38076
37028,38077
37029,38078
37029,38079
37029,38080
37030,38081
37030,38082
37030,38083
37030,38084
37031,38085
37031,38086
37031,38087
37032,38088
37032,38089
37032,38090
37032,38091
37033,38092
37033,38093
37033,38094
37033,38095
37034,38096
37034,38097
37034,38098
37034,38099
37035,38100
37035,38101
37035,38102
37036,38103
37036,38104
37036,38105
37036,38106
37037,38107
37037,38108
37037,38109
37038,38110
37038,38111
37038,38112
37039,38113
37039,38114
37039,38115
37040,38116
37040,38117
37040,38118
37041,38119
37041,38120
37041,38121
37041,38122
37042,38123
37042,38124
37042,38125
37043,38126
37043,38127
37043,38128
37044,38129
37044,38130
37044,38131
37044,38132
37045,38133
37045,38134
37045,38135
37045,38136
37046,38137
37046,38138
37046,38139
37046,38140
37047,38141
37047,38142
37047,38143
37048,38144
37048,38145
37048,38146
37049,38147
37049,38148
37049,38149
37049,38150
37050,38151
37050,38152
37050,38153
37051,38154
37051,38155
37051,38156
37051,38157
37052,37604
37052,37605
37052,37606
37053,38158
37053,38159
37053,38160
37054,38161
37054,38162
37054,38163
37055,38164
37055,38165
37055,38166
37056,38167
37056,38168
37056,38169
37056,38170
37057,38171
37057,38172
37057,38173
37057,38174
37058,38175
37058,38176
37058,38177
37058,38178
37059,38179
37059,38180
37059,38181
37059,38182
37060,38183
37060,38184
37060,38185
37061,38186
37061,38187
37061,38188
37062,38189
37062,38190
37062,38191
37063,38192
37063,38193
37063,38194
37064,38195
37064,38196
37064,38197
37064,38198
37065,38199
37065,38200
37065,38201
37065,38202
37066,38203
37066,38204
37066,38205
37066,38206
37067,38207
37067,38208
37067,38209
37068,38210
37068,38211
37068,38212
37068,38213
37069,38214
37069,38215
37069,38216
37070,38217
37070,38218
37070,38219
37070,38220
37071,38221
37071,38222
37071,38223
37071,38224
37072,38225
37072,38226
37072,38227
37072,38228
37073,38229
37073,38230
37073,38231
37074,38232
37074,38233
37074,38234
37075,38235
37075,38236
37075,38237
37075,38238
37076,38239
37076,38240
37076,38241
37076,38242
37077,38243
37077,38244
37077,38245
37077,38246
37078,38247
37078,38248
37078,38249
37078,38250
37079,38251
37079,38252
37079,38253
37079,38254
37080,38255
37080,38256
37080,38257
37081,38258
37081,38259
37081,38260
37082,38261
37082,38262
37082,38263
37083,38264
37083,38265
37083,38266
37083,38267
37084,38268
37084,38269
37084,38270
37085,38271
37085,38272
37085,38273
37086,38274
37086,38275
37086,38276
37086,38277
37087,38278
37087,38279
37087,38280
37087,38281
37088,38282
37088,38283
37088,38284
37088,38285
37089,38286
37089,38287
37089,38288
37089,38289
37090,38290
37090,38291
37090,38292
37090,38293
37091,38294
37091,38295
37091,38296
37092,38297
37092,38298
37092,38299
37092,38300
37113,37607
37113,37608
37113,37609
37200,37610
37200,37611
37200,37612
37200,37613
37604,38305
37604,38306
37604,38307
37604,38308
37605,38309
37605,38310
37605,38311
37605,38312
37606,38313
37606,38314
37606,38315
37606,38316
37607,38317
37607,38318
37607,38319
37607,38320
37608,38321
37608,38322
37608,38323
37609,38324
37609,38325
37609,38326
37610,38327
37610,38328
37610,38329
37611,38330
37611,38331
37611,38332
37611,38333
37612,38334
37612,38335
37612,38336
37613,38337
37613,38338
37613,38339
37614,38340
37614,38341
37614,38342
37615,38301
37615,38302
37615,38303
37615,38304
37616,38343
37616,38344
37616,38345
37617,38346
37617,38347
37617,38348
37617,38349
37618,38350
37618,38351
37618,38352
37619,38353
37619,38354
37619,38355
37619,38356
37620,38357
37620,38358
37620,38359
37621,38360
37621,38361
37621,38362
37622,38363
37622,38364
37622,38365
37623,38366
37623,38367
37623,38368
37624,38369
37624,38370
37624,38371
37624,38372
37625,38373
37625,38374
37625,38375
37625,38376
37626,38377
37626,38378
37626,38379
37627,38380
37627,38381
37627,38382
37628,38383
37628,38384
37628,38385
37629,38386
37629,38387
37629,38388
37630,38389
37630,38390
37630,38391
37631,38392
37631,38393
37631,38394
37631,38395
37632,38396
37632,38397
37632,38398
37633,38399
37633,38400
37633,38401
37633,38402
37634,38403
37634,38404
37634,38405
37634,38406
37635,38407
37635,38408
37635,38409
37636,38410
37636,38411
37636,38412
37637,38413
37637,38414
37637,38415
37637,38416
37638,38417
37638,38418
37638,38419
37638,38420
37639,38421
37639,38422
37639,38423
37640,38424
37640,38425
37640,38426
37640,38427
37641,38428
37641,38429
37641,38430
37642,38431
37642,38432
37642,38433
37642,38434
37643,38435
37643,38436
37643,38437
37644,38438
37644,38439
37644,38440
37644,38441
37645,38442
37645,38443
37645,38444
37645,38445
37646,38446
37646,38447
37646,38448
37646,38449
37647,38450
37647,38451
37647,38452
37648,38453
37648,38454
37648,38455
37648,38456
37649,38457
37649,38458
37649,38459
37650,38460
37650,38461
37650,38462
37650,38463
37651,38464
37651,38465
37651,38466
37652,38467
37652,38468
37652,38469
37652,38470
37653,38471
37653,38472
37653,38473
37653,38474
37654,38475
37654,38476
37654,38477
37655,38478
37655,38479
37655,38480
37655,38481
37656,38482
37656,38483
37657,38484
37657,38485
37657,38486
37657,38487
37658,38488
37658,38489
37658,38490
37659,38491
37659,38492
37659,38493
37659,38494
37660,38495
37660,38496
37660,38497
37661,38498
37661,38499
37661,38500
37661,38501
37662,38502
37662,38503
37662,38504
37663,38505
37663,38506
37663,38507
37664,38508
37664,38509
37664,38510
37665,38511
37665,38512
37665,38513
37666,38514
37666,38515
37666,38516
37666,38517
37667,38518
37667,38519
37667,38520
37668,38521
37668,38522
37668,38523
37669,38524
37669,38525
37669,38526
37669,38527
37670,38528
37670,38529
37670,38530
37671,38531
37671,38532
37671,38533
37672,38507
37672,38534
37672,38535
37672,38536
37673,38537
37673,38538
37673,38539
37673,38540
37674,38541
37674,38542
37674,38543
37675,38544
37675,38545
37675,38546
37676,38547
37676,38548
37676,38549
37676,38550
37677,38551
37677,38552
37677,38553
37678,38554
37678,38555
37678,38556
37679,38557
37679,38558
37679,38559
37680,38560
37680,38561
37680,38562
37681,38563
37681,38564
37681,38565
37681,38566
37682,38567
37682,38568
37682,38569
37683,38570
37683,38571
37683,38572
37683,38573
37684,38574
37684,38575
37684,38576
37685,38577
37685,38578
37685,38579
37686,38580
37686,38581
37686,38582
37687,38583
37687,38584
37687,38585
37687,38586
37688,38587
37688,38588
37688,38589
37688,38590
37689,38591
37689,38592
37689,38593
37689,38594
37690,38595
37690,38596
37690,38597
37690,38598
37691,38599
37691,38600
37691,38601
37692,38602
37692,38603
37692,38604
37692,38605
37693,38606
37693,38607
37693,38608
37694,38609
37694,38610
37694,38611
37695,38612
37695,38613
37695,38614
37696,38615
37696,38616
37696,38617
37697,38618
37697,38619
37697,38620
37698,38621
37698,38622
37698,38623
37699,38624
37699,38625
37699,38626
37700,38627
37700,38628
37700,38629
37700,38630
37701,38631
37701,38632
37701,38633
37701,38634
37702,38635
37702,38636
37702,38637
37702,38638
37703,38639
37703,38640
37703,38641
37704,38642
37704,38643
37704,38644
37704,38645
37705,38646
37705,38647
37705,38648
37706,38649
37706,38650
37706,38651
37706,38652
37707,38653
37707,38654
37707,38655
37707,38656
37708,38657
37708,38658
37708,38659
37708,38660
37709,38661
37709,38662
37709,38663
37709,38664
37710,38665
37710,38666
37710,38667
37711,38668
37711,38669
37711,38670
37712,38671
37712,38672
37712,38673
37713,38674
37713,38675
37713,38676
37714,38677
37714,38678
37714,38679
37715,38680
37715,38681
37715,38682
37715,38683
37716,38684
37716,38685
37716,38686
37717,38687
37717,38688
37717,38689
37718,38690
37718,38691
37718,38692
37719,38693
37719,38694
37719,38695
37720,38696
37720,38697
37720,38698
37721,38699
37721,38700
37721,38701
37721,38702
37722,38703
37722,38704
37722,38705
37722,38706
37723,38707
37723,38708
37723,38709
37724,38710
37724,38711
37724,38712
37725,38713
37725,38714
37725,38715
37725,38716
37726,38717
37726,38718
37726,38719
37727,38720
37727,38721
37727,38722
37728,38723
37728,38724
37728,38725
37729,38726
37729,38727
37729,38728
37729,38729
37730,38730
37730,38731
37730,38732
37731,38733
37731,38734
37731,38735
37731,38736
37732,38737
37732,38738
37732,38739
37733,38740
37733,38741
37733,38742
37733,38743
37734,38744
37734,38745
37734,38746
37735,38747
37735,38748
37735,38749
37735,38750
37736,38751
37736,38752
37736,38753
37736,38754
37737,38755
37737,38756
37737,38757
37737,38758
37738,38759
37738,38760
37738,38761
37738,38762
37739,38763
37739,38764
37739,38765
37739,38766
37740,38767
37740,38768
37740,38769
37740,38770
37741,38771
37741,38772
37741,38773
37742,38774
37742,38775
37742,38776
37743,38777
37743,38778
37743,38779
37744,38780
37744,38781
37744,38782
37744,38783
37745,38784
37745,38785
37745,38786
37746,38787
37746,38788
37746,38789
37746,38790
37747,38791
37747,38792
37747,38793
37747,38794
37748,38795
37748,38796
37748,38797
37748,38798
37749,38799
37749,38800
37749,38801
37750,38802
37750,38803
37750,38804
37751,38805
37751,38806
37751,38807
37751,38808
37752,38809
37752,38810
37752,38811
37752,38812
37753,38813
37753,38814
37753,38815
37754,38816
37754,38817
37754,38818
37754,38819
37755,38820
37755,38821
37755,38822
37755,38823
37756,38824
37756,38825
37756,38826
37756,38827
37757,38828
37757,38829
37757,38830
37757,38831
37758,38832
37758,38833
37758,38834
37759,38835
37759,38836
37759,38837
37759,38838
37760,38839
37760,38840
37760,38841
37760,38842
37761,38843
37761,38844
37761,38845
37761,38846
37762,38847
37762,38848
37762,38849
37762,38850
37763,38851
37763,38852
37763,38853
37763,38854
37764,38855
37764,38856
37764,38857
37765,38858
37765,38859
37765,38860
37766,38861
37766,38862
37766,38863
37766,38864
37767,38865
37767,38866
37767,38867
37767,38868
37768,38869
37768,38870
37768,38871
37769,38872
37769,38873
37769,38874
37769,38875
37770,38876
37770,38877
37770,38878
37770,38879
37771,38880
37771,38881
37771,38882
37772,38883
37772,38884
37772,38885
37773,38886
37773,38887
37773,38888
37773,38889
37774,38890
37774,38891
37774,38892
37774,38893
37775,38894
37775,38895
37775,38896
37776,38897
37776,38898
37776,38899
37776,38900
37777,38901
37777,38902
37777,38903
37777,38904
37778,38905
37778,38906
37778,38907
37778,38908
37779,38909
37779,38910
37779,38911
37780,38912
37780,38913
37780,38914
37781,38915
37781,38916
37781,38917
37782,38918
37782,38919
37782,38920
37782,38921
37783,38922
37783,38923
37783,38924
37784,38925
37784,38926
37784,38927
37784,38928
37785,38929
37785,38930
37785,38931
37785,38932
37786,38933
37786,38934
37786,38935
37787,38936
37787,38937
37787,38938
37788,38939
37788,38940
37788,38941
37788,38942
37789,38943
37789,38944
37789,38945
37790,38946
37790,38947
37790,38948
37791,38949
37791,38950
37791,38951
37792,38952
37792,38953
37792,38954
37793,38955
37793,38956
37793,38957
37793,38958
37794,38959
37794,38960
37794,38961
37794,38962
37795,38963
37795,38964
37795,38965
37796,38966
37796,38967
37796,38968
37796,38969
37797,38970
37797,38971
37797,38972
37798,38973
37798,38974
37798,38975
37798,38976
37799,38977
37799,38978
37799,38979
37800,38980
37800,38981
37800,38982
37800,38983
37801,38984
37801,38985
37801,38986
37802,38987
37802,38988
37802,38989
37802,38990
37803,38991
37803,38992
37803,38993
37804,38994
37804,38995
37804,38996
38301,39003
38301,39004
38301,39005
38301,39006
38302,39007
38302,39008
38302,39009
38303,39010
38303,39011
38303,39012
38304,39013
38304,39014
38304,39015
38305,39016
38305,39017
38305,39018
38306,39019
38306,39020
38306,39021
38306,39022
38307,39023
38307,39024
38307,39025
38308,39026
38308,39027
38308,39028
38308,39029
38309,39030
38309,39031
38309,39032
38309,39033
38310,39034
38310,39035
38310,39036
38310,39037
38311,39038
38311,39039
38311,39040
38311,39041
38312,39042
38312,39043
38312,39044
38312,39045
38313,39046
38313,39047
38313,39048
38314,39049
38314,39050
38314,39051
38315,39052
38315,39053
38315,39054
38315,39055
38316,39056
38316,39057
38316,39058
38316,39059
38317,39060
38317,39061
38317,39062
38317,39063
38318,39064
38318,39065
38318,39066
38318,39067
38319,39068
38319,39069
38319,39070
38320,39071
38320,39072
38320,39073
38320,39074
38321,39075
38321,39076
38321,39077
38322,39078
38322,39079
38322,39080
38323,39081
38323,39082
38323,39083
38323,39084
38324,39085
38324,39086
38324,39087
38324,39088
38325,39089
38325,39090
38325,39091
38326,39092
38326,39093
38326,39094
38327,39095
38327,39096
38327,39097
38328,39098
38328,39099
38328,39100
38329,39101
38329,39102
38329,39103
38330,39104
38330,39105
38330,39106
38330,39107
38331,39108
38331,39109
38331,39110
38332,39111
38332,39112
38332,39113
38333,39114
38333,39115
38333,39116
38333,39117
38334,39118
38334,39119
38334,39120
38334,39121
38335,39122
38335,39123
38335,39124
38336,39125
38336,39126
38336,39127
38336,39128
38337,39129
38337,39130
38337,39131
38338,39132
38338,39133
38338,39134
38339,39135
38339,39136
38339,39137
38339,39138
38340,39139
38340,39140
38340,39141
38340,39142
38341,39143
38341,39144
38341,39145
38341,39146
38342,39147
38342,39148
38342,39149
38343,39150
38343,39151
38343,39152
38343,39153
38344,39154
38344,39155
38344,39156
38345,39157
38345,39158
38345,39159
38345,39160
38346,39161
38346,39162
38346,39163
38347,39164
38347,39165
38347,39166
38348,39167
38348,39168
38348,39169
38348,39170
38349,39171
38349,39172
38349,39173
38349,39174
38350,39175
38350,39176
38350,39177
38350,39178
38351,39179
38351,39180
38351,39181
38352,39182
38352,39183
38352,39184
38352,39185
38353,39186
38353,39187
38353,39188
38354,39189
38354,39190
38354,39191
38354,39192
38355,39193
38355,39194
38355,39195
38355,39196
38356,39197
38356,39198
38356,39199
38356,39200
38357,39201
38357,39202
38357,39203
38357,39204
38358,39205
38358,39206
38358,39207
38358,39208
38359,39209
38359,39210
38359,39211
38360,39212
38360,39213
38360,39214
38360,39215
38361,39216
38361,39217
38361,39218
38362,39219
38362,39220
38362,39221
38363,39222
38363,39223
38363,39224
38363,39225
38364,39226
38364,39227
38364,39228
38364,39229
38365,39230
38365,39231
38365,39232
38365,39233
38366,39234
38366,39235
38366,39236
38367,39237
38367,39238
38367,39239
38368,39240
38368,39241
38368,39242
38369,39243
38369,39244
38369,39245
38369,39246
38370,39247
38370,39248
38370,39249
38371,39250
38371,39251
38371,39252
38372,39253
38372,39254
38372,39255
38372,39256
38373,39257
38373,39258
38373,39259
38373,39260
38374,39261
38374,39262
38374,39263
38374,39264
38375,39265
38375,39266
38375,39267
38376,39268
38376,39269
38376,39270
38377,39271
38377,39272
38377,39273
38377,39274
38378,39275
38378,39276
38378,39277
38378,39278
38379,39279
38379,39280
38379,39281
38380,39282
38380,39283
38380,39284
38380,39285
38381,39286
38381,39287
38381,39288
38382,39289
38382,39290
38382,39291
38383,39292
38383,39293
38383,39294
38384,39295
38384,39296
38384,39297
38384,39298
38385,39299
38385,39300
38385,39301
38385,39302
38386,39303
38386,39304
38386,39305
38387,39306
38387,39307
38387,39308
38387,39309
38388,39310
38388,39311
38388,39312
38388,39313
38389,39314
38389,39315
38389,39316
38389,39317
38390,39318
38390,39319
38390,39320
38390,39321
38391,39322
38391,39323
38391,39324
38392,39325
38392,39326
38392,39327
38393,39328
38393,39329
38393,39330
38394,39331
38394,39332
38394,39333
38395,39334
38395,39335
38395,39336
38396,39337
38396,39338
38396,39339
38396,39340
38397,39341
38397,39342
38397,39343
38397,39344
38398,39345
38398,39346
38399,39347
38399,39348
38399,39349
38399,39350
38400,39351
38400,39352
38400,39353
38401,39354
38401,39355
38401,39356
38402,39357
38402,39358
38402,39359
38402,39360
38403,39361
38403,39362
38403,39363
38403,39364
38404,39365
38404,39366
38404,39367
38405,39368
38405,39369
38405,39370
38405,39371
38406,39372
38406,39373
38406,39374
38407,39375
38407,39376
38407,39377
38407,39378
38408,39379
38408,39380
38408,39381
38409,39382
38409,39383
38409,39384
38410,39385
38410,39386
38410,39387
38410,39388
38411,39389
38411,39390
38411,39391
38412,39392
38412,39393
38412,39394
38413,39395
38413,39396
38413,39397
38413,39398
38414,39399
38414,39400
38414,39401
38414,39402
38415,39403
38415,39404
38415,39405
38416,39406
38416,39407
38416,39408
38417,39409
38417,39410
38417,39411
38418,39412
38418,39413
38418,39414
38419,39415
38419,39416
38419,39417
38420,39418
38420,39419
38420,39420
38420,39421
38421,39422
38421,39423
38421,39424
38422,39425
38422,39426
38422,39427
38423,39428
38423,39429
38423,39430
38424,39431
38424,39432
38424,39433
38424,39434
38425,39435
38425,39436
38425,39437
38426,39438
38426,39439
38426,39440
38426,39441
38427,39442
38427,39443
38427,39444
38428,39445
38428,39446
38428,39447
38428,39448
38429,39449
38429,39450
38429,39451
38429,39452
38430,39453
38430,39454
38430,39455
38431,39456
38431,39457
38431,39458
38432,39459
38432,39460
38432,39461
38432,39462
38433,39463
38433,39464
38433,39465
38434,39466
38434,39467
38434,39468
38435,39469
38435,39470
38435,39471
38436,39472
38436,39473
38436,39474
38437,39475
38437,39476
38437,39477
38438,39478
38438,39479
38438,39480
38439,39481
38439,39482
38439,39483
38439,39484
38440,39485
38440,39486
38440,39487
38441,39488
38441,39489
38441,39490
38441,39491
38442,39492
38442,39493
38442,39494
38443,39495
38443,39496
38443,39497
38443,39498
38444,39499
38444,39500
38444,39501
38444,39502
38445,39503
38445,39504
38445,39505
38445,39506
38446,39507
38446,39508
38446,39509
38447,39510
38447,39511
38447,39512
38447,39513
38448,39514
38448,39515
38448,39516
38449,39517
38449,39518
38449,39519
38450,39520
38450,39521
38450,39522
38451,39523
38451,39524
38451,39525
38452,39526
38452,39527
38452,39528
38453,39529
38453,39530
38453,39531
38454,39532
38454,39533
38454,39534
38455,39535
38455,39536
38455,39537
38456,39538
38456,39539
38456,39540
38456,39541
38457,39542
38457,39543
38457,39544
38458,39545
38458,39546
38458,39547
38459,39548
38459,39549
38459,39550
38460,39551
38460,39552
38460,39553
38461,39554
38461,39555
38461,39556
38461,39557
38462,39558
38462,39559
38462,39560
38462,39561
38463,39562
38463,39563
38463,39564
38464,39565
38464,39566
38464,39567
38465,39568
38465,39569
38465,39570
38465,39571
38466,39572
38466,39573
38466,39574
38466,39575
38467,39576
38467,39577
38467,39578
38467,39579
38468,39580
38468,39581
38468,39582
38469,39583
38469,39584
38469,39585
38469,39586
38470,39587
38470,39588
38470,39589
38470,39590
38471,39591
38471,39592
38471,39593
38471,39594
38472,39595
38472,39596
38472,39597
38473,39598
38473,39599
38473,39600
38474,39601
38474,39602
38474,39603
38474,39604
38475,39605
38475,39606
38475,39607
38475,39608
38476,39609
38476,39610
38476,39611
38476,39612
38477,39613
38477,39614
38477,39615
38477,39616
38478,39617
38478,39618
38478,39619
38478,39620
38479,39621
38479,39575
38479,39622
38479,39623
38480,39624
38480,39625
38480,39626
38481,39627
38481,39628
38482,38997
38482,38998
38482,38999
38483,39629
38483,39630
38483,39631
38484,39632
38484,39633
38484,39634
38484,39635
38485,39636
38485,39637
38485,39638
38485,39639
38486,39640
38486,39641
38486,39642
38486,39643
38487,39644
38487,39645
38487,39646
38488,39647
38488,39648
38488,39649
38488,39650
38489,39651
38489,39652
38489,39653
38490,39654
38490,39655
38490,39656
38491,39657
38491,39658
38491,39659
38491,39660
38492,39661
38492,39662
38492,39663
38492,39664
38493,39665
38493,39666
38493,39667
38493,39668
38494,39669
38494,39670
38494,39671
38494,39672
38495,39673
38495,39674
38495,39675
38495,39676
38496,39677
38496,39678
38496,39679
38497,39680
38497,39681
38497,39682
38498,39683
38498,39684
38498,39685
38498,39686
38499,39687
38499,39688
38499,39689
38499,39690
38500,39691
38500,39692
38500,39693
38507,39000
38507,39001
38507,39002
38997,39710
38997,39711
38997,39712
38997,39713
38998,39714
38998,39715
38998,39716
38999,39717
38999,39718
38999,39719
38999,39720
39000,39721
39000,39722
39000,39723
39001,39724
39001,39725
39001,39726
39001,39727
39002,39728
39002,39729
39002,39730
39002,39731
39003,39732
39003,39733
39003,39734
39004,39735
39004,39736
39004,39737
39005,39738
39005,39739
39005,39740
39006,39741
39006,39742
39006,39743
39007,39744
39007,39745
39007,39746
39008,39747
39008,39748
39008,39749
39009,39750
39009,39751
39009,39752
39010,39753
39010,39754
39010,39755
39010,39756
39011,39757
39011,39758
39011,39759
39012,39760
39012,39761
39012,39762
39012,39763
39013,39764
39013,39765
39013,39766
39013,39767
39014,39768
39014,39769
39014,39770
39014,39771
39015,39772
39015,39773
39015,39774
39016,39775
39016,39776
39016,39777
39017,39778
39017,39779
39017,39780
39017,39781
39018,39782
39018,39783
39018,39784
39019,39785
39019,39786
39019,39787
39020,39788
39020,39789
39020,39790
39021,39791
39021,39792
39021,39793
39022,39794
39022,39795
39022,39796
39022,39797
39023,39798
39023,39799
39023,39800
39023,39801
39024,39802
39024,39803
39024,39804
39024,39805
39025,39806
39025,39807
39025,39808
39026,39809
39026,39810
39026,39811
39027,39812
39027,39813
39027,39814
39028,39815
39028,39816
39028,39817
39029,39818
39029,39819
39029,39820
39030,39821
39030,39822
39030,39823
39030,39824
39031,39825
39031,39826
39031,39827
39031,39828
39032,39829
39032,39830
39032,39831
39033,39832
39033,39833
39033,39834
39033,39835
39034,39836
39034,39837
39034,39838
39034,39839
39035,39840
39035,39841
39035,39842
39036,39843
39036,39844
39036,39845
39037,39846
39037,39847
39037,39848
39038,39849
39038,39850
39038,39851
39039,39852
39039,39853
39039,39854
39040,39855
39040,39856
39040,39857
39040,39858
39041,39859
39041,39860
39041,39861
39042,39862
39042,39863
39042,39864
39042,39865
39043,39866
39043,39867
39043,39868
39044,39869
39044,39870
39044,39871
39044,39872
39045,39873
39045,39874
39045,39875
39046,39876
39046,39877
39046,39878
39046,39879
39047,39880
39047,39881
39047,39882
39048,39883
39048,39884
39048,39885
39049,39886
39049,39887
39049,39888
39050,39889
39050,39890
39050,39891
39050,39892
39051,39893
39051,39894
39051,39895
39051,39896
39052,39897
39052,39898
39052,39899
39053,39900
39053,39901
39053,39902
39054,39903
39054,39904
39054,39905
39055,39906
39055,39907
39055,39908
39055,39909
39056,39910
39056,39911
39056,39912
39057,39913
39057,39914
39057,39915
39058,39916
39058,39917
39058,39918
39059,39919
39059,39920
39059,39921
39060,39922
39060,39923
39060,39924
39061,39925
39061,39926
39061,39927
39062,39928
39062,39929
39062,39930
39063,39931
39063,39932
39063,39933
39064,39934
39064,39935
39064,39936
39064,39937
39065,39938
39065,39939
39065,39940
39066,39941
39066,39942
39066,39943
39067,39944
39067,39945
39067,39946
39067,39947
39068,39948
39068,39949
39068,39950
39069,39951
39069,39952
39069,39953
39070,39954
39070,39955
39070,39956
39071,39957
39071,39958
39071,39959
39071,39960
39072,39961
39072,39962
39072,39963
39073,39964
39073,39965
39073,39966
39074,39967
39074,39968
39074,39969
39074,39970
39075,39971
39075,39972
39075,39973
39075,39974
39076,39975
39076,39976
39076,39977
39077,39978
39077,39979
39077,39980
39078,39981
39078,39982
39078,39983
39079,39984
39079,39985
39079,39986
39079,39987
39080,39988
39080,39989
39080,39990
39080,39991
39081,39992
39081,39993
39081,39994
39081,39995
39082,39996
39082,39997
39082,39998
39083,39999
39083,40000
39083,40001
39084,40002
39084,40003
39084,40004
39085,40005
39085,40006
39085,40007
39085,40008
39086,40009
39086,40010
39086,40011
39087,40012
39087,40013
39087,40014
39087,40015
39088,40016
39088,40017
39088,40018
39088,40019
39089,40020
39089,40021
39089,40022
39090,40023
39090,40024
39090,40025
39090,40026
39091,40027
39091,40028
39091,40029
39091,40030
39092,40031
39092,40032
39092,40033
39093,40034
39093,40035
39093,40036
39093,40037
39094,40038
39094,40039
39094,40040
39094,40041
39095,40042
39095,40043
39095,40044
39095,40045
39096,40046
39096,40047
39096,40048
39096,40049
39097,40050
39097,40051
39097,40052
39097,40053
39098,40054
39098,40055
39098,40056
39099,40057
39099,40058
39099,40059
39099,40060
39100,40061
39100,40062
39100,40063
39100,40064
39101,40065
39101,40066
39101,40067
39101,40068
39102,40069
39102,40070
39102,40071
39102,40072
39103,40073
39103,40074
39103,40075
39104,40076
39104,40077
39104,40078
39104,40079
39105,40080
39105,40081
39105,40082
39105,40083
39106,40084
39106,40085
39106,40086
39107,40087
39107,40088
39107,40089
39108,40090
39108,40091
39108,40092
39109,40093
39109,40094
39109,40095
39109,40096
39110,40097
39110,40098
39110,40099
39110,40100
39111,40101
39111,40102
39111,40103
39111,40104
39112,40105
39112,40106
39112,40107
39113,40108
39113,40109
39113,40110
39113,40111
39114,40112
39114,40113
39114,40114
39115,40115
39115,40116
39115,40117
39115,40118
39116,40119
39116,40120
39116,40121
39116,40122
39117,40123
39117,40124
39117,40125
39117,40126
39118,40127
39118,40128
39118,40129
39119,40130
39119,40131
39119,40132
39119,40133
39120,40134
39120,40135
39120,40136
39120,40137
39121,40138
39121,40139
39121,40140
39121,40141
39122,40142
39122,40143
39122,40144
39123,40145
39123,40146
39123,40147
39123,40148
39124,40149
39124,40150
39124,40151
39125,40152
39125,40153
39125,40154
39125,40155
39126,40156
39126,40157
39126,40158
39126,40159
39127,40160
39127,40161
39127,40162
39127,40163
39128,40164
39128,40165
39128,40166
39128,40167
39129,40168
39129,40169
39129,40170
39130,40171
39130,40172
39130,40173
39130,40174
39131,40175
39131,40176
39131,40177
39131,40178
39132,40179
39132,40180
39132,40181
39132,40182
39133,40183
39133,40184
39133,40185
39133,40186
39134,40187
39134,40188
39134,40189
39135,40190
39135,40191
39135,40192
39135,40193
39136,40194
39136,40195
39136,40196
39137,40197
39137,40198
39137,40199
39137,40200
39138,40201
39138,40202
39138,40203
39138,40204
39139,40205
39139,40206
39139,40207
39140,40208
39140,40209
39140,40210
39140,40211
39141,40212
39141,40213
39141,40214
39141,40215
39142,40216
39142,40217
39142,40218
39143,40219
39143,40220
39143,40221
39144,40222
39144,40223
39144,40224
39144,40225
39145,40226
39145,40227
39145,40228
39145,40229
39146,40230
39146,40231
39146,40232
39147,40233
39147,40234
39147,40235
39147,40236
39148,40237
39148,40238
39148,40239
39148,40240
39149,40241
39149,40242
39150,40243
39150,40244
39150,40245
39150,40246
39151,40247
39151,40248
39151,40249
39151,40250
39152,40251
39152,40252
39152,40253
39153,40254
39153,40255
39153,40256
39154,40257
39154,40241
39154,40258
39155,40259
39155,40260
39155,40261
39155,40262
39156,40263
39156,40264
39156,40265
39156,40266
39157,40267
39157,40268
39157,40269
39158,40270
39158,40271
39158,40272
39159,40273
39159,40274
39159,40275
39159,40276
39160,40277
39160,40278
39160,40279
39160,40280
39161,40281
39161,40282
39161,40283
39162,40284
39162,40285
39162,40286
39162,40287
39163,40288
39163,40289
39163,40290
39164,40291
39164,40292
39164,40293
39164,40294
39165,40295
39165,40296
39165,40297
39165,40298
39166,40299
39166,40300
39166,40301
39167,40302
39167,40303
39167,40304
39168,40305
39168,40306
39168,40307
39169,40308
39169,40309
39169,40310
39170,40311
39170,40312
39170,40313
39170,40314
39171,40315
39171,40316
39171,40317
39172,40318
39172,40319
39172,40320
39173,40321
39173,40322
39173,40295
39173,40323
39174,40324
39174,40325
39174,40326
39175,40327
39175,40328
39175,40329
39175,40330
39176,40331
39176,40332
39176,40333
39176,40334
39177,40335
39177,40336
39177,40337
39177,40338
39178,40339
39178,40340
39178,40341
39179,40342
39179,40343
39179,40344
39179,40345
39180,40346
39180,40347
39180,40348
39180,40349
39181,40350
39181,40351
39181,40352
39181,40353
39182,40354
39182,40355
39182,40356
39183,40357
39183,40358
39183,40359
39184,40360
39184,40361
39184,40362
39184,40363
39185,40364
39185,40365
39185,40366
39186,40367
39186,40368
39186,40369
39186,40370
39187,40371
39187,40372
39187,40373
39187,40374
39188,40375
39188,40376
39188,40377
39189,40378
39189,40379
39189,40380
39190,40381
39190,40382
39190,40383
39190,40384
39191,40385
39191,40386
39191,40387
39191,40388
39192,40389
39192,40390
39192,40391
39193,40392
39193,40393
39193,40394
39291,39694
39291,39695
39291,39696
39291,39697
39346,39698
39346,39699
39346,39700
39346,39701
39575,39702
39575,39703
39575,39704
39575,39705
39628,39706
39628,39707
39628,39708
39628,39709
39694,40401
39694,40402
39694,40403
39695,40404
39695,40405
39695,40406
39696,40407
39696,40408
39696,40409
39697,40410
39697,40411
39697,40412
39698,40413
39698,40414
39698,40415
39698,40416
39699,40417
39699,40418
39699,40419
39699,40420
39700,40421
39700,40422
39700,40423
39701,40424
39701,40425
39701,40426
39702,40427
39702,40428
39702,40429
39702,40430
39703,40431
39703,40432
39703,40433
39704,40434
39704,40435
39704,40436
39705,40437
39705,40438
39705,40439
39705,40440
39706,40441
39706,40442
39706,40443
39707,40444
39707,40445
39707,40446
39707,40447
39708,40448
39708,40449
39708,40450
39709,40451
39709,40452
39709,40453
39709,40454
39710,40455
39710,40456
39710,40457
39710,40458
39711,40459
39711,40460
39711,40461
39711,40462
39712,40463
39712,40464
39712,40465
39713,40466
39713,40467
39713,40468
39713,40469
39714,40470
39714,40471
39714,40472
39715,40473
39715,40474
39715,40475
39715,40476
39716,40477
39716,40478
39716,40479
39717,40480
39717,40481
39717,40482
39718,40483
39718,40484
39718,40485
39718,40486
39719,40487
39719,40488
39719,40489
39719,40490
39720,40491
39720,40492
39720,40493
39721,40494
39721,40495
39721,40496
39721,40497
39722,40498
39722,40499
39722,40500
39722,40501
39723,40502
39723,40503
39723,40504
39724,40505
39724,40506
39724,40507
39725,40508
39725,40509
39725,40510
39725,40511
39726,40512
39726,40513
39726,40514
39727,40515
39727,40516
39727,40517
39727,40518
39728,40519
39728,40520
39728,40521
39728,40522
39729,40523
39729,40524
39729,40525
39730,40526
39730,40527
39730,40528
39730,40529
39731,40530
39731,40531
39731,40532
39732,40533
39732,40534
39732,40535
39732,40536
39733,40537
39733,40538
39733,40539
39733,40540
39734,40541
39734,40542
39734,40543
39735,40544
39735,40545
39735,40546
39735,40547
39736,40548
39736,40549
39736,40550
39737,40551
39737,40552
39737,40553
39738,40554
39738,40555
39738,40556
39739,40557
39739,40558
39739,40559
39739,40560
39740,40561
39740,40562
39740,40563
39740,40564
39741,40565
39741,40566
39741,40567
39742,40568
39742,40569
39742,40570
39742,40571
39743,40572
39743,40573
39743,40574
39743,40575
39744,40576
39744,40577
39744,40578
39745,40579
39745,40580
39745,40581
39746,40582
39746,40583
39746,40584
39747,40585
39747,40586
39747,40587
39748,40588
39748,40589
39748,40590
39748,40591
39749,40592
39749,40593
39749,40594
39749,40595
39750,40596
39750,40597
39750,40598
39750,40599
39751,40600
39751,40601
39751,40602
39751,40603
39752,40604
39752,40605
39752,40606
39753,40607
39753,40608
39753,40609
39753,40610
39754,40611
39754,40612
39754,40613
39755,40614
39755,40615
39755,40616
39756,40617
39756,40618
39756,40619
39756,40620
39757,40621
39757,40622
39757,40623
39757,40624
39758,40625
39758,40626
39758,40627
39758,40628
39759,40629
39759,40630
39759,40631
39759,40632
39760,40633
39760,40634
39760,40635
39760,40636
39761,40637
39761,40638
39761,40639
39762,40640
39762,40641
39762,40642
39763,40643
39763,40644
39763,40645
39764,40646
39764,40647
39764,40648
39765,40649
39765,40650
39765,40651
39766,40652
39766,40653
39766,40654
39766,40655
39767,40656
39767,40657
39767,40658
39768,40659
39768,40660
39768,40661
39769,40662
39769,40663
39769,40664
39769,40665
39770,40666
39770,40667
39770,40668
39771,40669
39771,40670
39771,40671
39772,40672
39772,40673
39772,40674
39773,40675
39773,40676
39773,40677
39774,40678
39774,40679
39774,40680
39775,40681
39775,40682
39775,40683
39776,40684
39776,40685
39776,40686
39777,40687
39777,40688
39777,40689
39777,40690
39778,40691
39778,40692
39778,40693
39778,40694
39779,40695
39779,40690
39779,40696
39780,40697
39780,40698
39780,40699
39780,40700
39781,40701
39781,40702
39781,40703
39781,40704
39782,40705
39782,40706
39782,40707
39783,40708
39783,40709
39783,40710
39784,40711
39784,40712
39784,40713
39784,40714
39785,40715
39785,40716
39785,40717
39786,40718
39786,40719
39786,40720
39786,40721
39787,40722
39787,40723
39787,40724
39787,40725
39788,40726
39788,40727
39788,40728
39788,40729
39789,40730
39789,40731
39789,40732
39790,40733
39790,40734
39790,40735
39790,40736
39791,40737
39791,40738
39791,40739
39792,40740
39792,40741
39792,40742
39793,40743
39793,40744
39793,40745
39794,40746
39794,40747
39794,40748
39794,40749
39795,40750
39795,40751
39795,40752
39796,40753
39796,40754
39796,40755
39796,40756
39797,40757
39797,40758
39797,40759
39797,40760
39798,40761
39798,40762
39798,40763
39798,40764
39799,40765
39799,40766
39799,40767
39799,40768
39800,40769
39800,40770
39800,40771
39800,40772
39801,40773
39801,40774
39801,40775
39801,40776
39802,40777
39802,40778
39802,40779
39803,40780
39803,40781
39803,40782
39803,40783
39804,40784
39804,40785
39804,40786
39805,40787
39805,40788
39805,40789
39806,40790
39806,40791
39806,40792
39806,40793
39807,40794
39807,40795
39807,40796
39808,40797
39808,40798
39808,40799
39809,40800
39809,40801
39809,40802
39809,40803
39810,40804
39810,40805
39810,40806
39811,40807
39811,40808
39811,40809
39811,40810
39812,40811
39812,40812
39812,40813
39813,40814
39813,40815
39813,40816
39813,40817
39814,40818
39814,40819
39814,40820
39814,40821
39815,40822
39815,40823
39815,40824
39816,40825
39816,40826
39816,40827
39816,40828
39817,40829
39817,40830
39817,40831
39818,40832
39818,40833
39818,40834
39818,40835
39819,40836
39819,40837
39819,40838
39820,40839
39820,40840
39820,40841
39820,40842
39821,40843
39821,40844
39821,40845
39821,40846
39822,40847
39822,40848
39822,40849
39822,40850
39823,40851
39823,40852
39823,40853
39823,40854
39824,40855
39824,40856
39824,40857
39825,40858
39825,40859
39825,40860
39826,40861
39826,40862
39826,40863
39826,40864
39827,40865
39827,40866
39827,40867
39828,40868
39828,40869
39828,40870
39828,40871
39829,40872
39829,40873
39829,40874
39829,40875
39830,40876
39830,40877
39830,40878
39831,40879
39831,40880
39831,40881
39832,40882
39832,40883
39832,40884
39833,40885
39833,40886
39833,40887
39833,40888
39834,40889
39834,40890
39834,40891
39834,40892
39835,40893
39835,40894
39835,40895
39836,40896
39836,40897
39836,40898
39836,40899
39837,40900
39837,40901
39837,40902
39838,40903
39838,40904
39838,40905
39839,40906
39839,40907
39839,40857
39840,40908
39840,40909
39840,40910
39841,40911
39841,40912
39841,40913
39842,40914
39842,40915
39842,40916
39843,40917
39843,40918
39843,40919
39843,40920
39844,40921
39844,40922
39844,40923
39845,40924
39845,40925
39845,40926
39845,40927
39846,40928
39846,40929
39846,40930
39847,40931
39847,40932
39847,40933
39847,40934
39848,40935
39848,40936
39848,40937
39848,40938
39849,40939
39849,40940
39849,40941
39849,40942
39850,40943
39850,40944
39850,40945
39851,40946
39851,40947
39851,40948
39852,40949
39852,40950
39852,40951
39852,40952
39853,40953
39853,40954
39853,40955
39854,40956
39854,40957
39854,40958
39854,40959
39855,40960
39855,40961
39855,40962
39856,40963
39856,40964
39856,40965
39857,40966
39857,40967
39857,40968
39858,40969
39858,40970
39858,40971
39859,40972
39859,40973
39859,40974
39860,40975
39860,40976
39860,40977
39861,40978
39861,40979
39861,40980
39861,40981
39862,40982
39862,40983
39862,40984
39863,40985
39863,40986
39863,40987
39864,40988
39864,40989
39864,40990
39864,40991
39865,40992
39865,40993
39865,40994
39865,40995
39866,40996
39866,40997
39866,40998
39867,40999
39867,41000
39867,41001
39868,41002
39868,41003
39868,41004
39869,41005
39869,41006
39869,41007
39870,41008
39870,41009
39870,41010
39871,41011
39871,41012
39871,41013
39871,41014
39872,41015
39872,41016
39872,41017
39873,41018
39873,41019
39873,41020
39873,41021
39874,41022
39874,41023
39874,41024
39875,41025
39875,41026
39875,41027
39875,41028
39876,41029
39876,41030
39876,41031
39877,41032
39877,41033
39877,41034
39878,41035
39878,41036
39878,41037
39878,41038
39879,41039
39879,41040
39879,41041
39879,41042
39880,41043
39880,41044
39880,41045
39880,41046
39881,41047
39881,41048
39881,41049
39882,41050
39882,41051
39882,41052
39883,41053
39883,41054
39883,41055
39884,41056
39884,41057
39884,41058
39884,41059
39885,41060
39885,41061
39885,41062
39885,41063
39886,41064
39886,41065
39886,41066
39887,41067
39887,41068
39887,41069
39887,41070
39888,41071
39888,41072
39888,41073
39889,41074
39889,41075
39889,41076
39890,41077
39890,41078
39890,41079
39891,41080
39891,41081
39891,41082
39891,41083
39892,41084
39892,41085
39892,41086
40241,40395
40241,40396
40241,40397
40295,40398
40295,40399
40295,40400
40395,41094
40395,41095
40395,41096
40396,41097
40396,41098
40396,41099
40396,41100
40397,41101
40397,41102
40397,41103
40398,41104
40398,41105
40398,41106
40399,41107
40399,41108
40399,41109
40400,41110
40400,41111
40400,41112
40401,41113
40401,41114
40401,41115
40401,41116
40402,41117
40402,41118
40402,41119
40403,41120
40403,41121
40403,41122
40403,41123
40404,41124
40404,41125
40404,41126
40405,41127
40405,41128
40405,41129
40406,41130
40406,41131
40406,41132
40407,41133
40407,41134
40407,41135
40407,41136
40408,41137
40408,41138
40408,41139
40409,41140
40409,41141
40409,41142
40409,41143
40410,41144
40410,41145
40410,41146
40410,41147
40411,41148
40411,41149
40411,41150
40412,41151
40412,41152
40412,41153
40412,41154
40413,41155
40413,41156
40413,41157
40413,41158
40414,41159
40414,41160
40414,41161
40414,41162
40415,41163
40415,41164
40415,41165
40416,41166
40416,41167
40416,41168
40417,41169
40417,41170
40417,41171
40417,41172
40418,41173
40418,41174
40418,41175
40419,41176
40419,41177
40419,41178
40419,41179
40420,41180
40420,41181
40420,41182
40420,41183
40421,41184
40421,41185
40421,41186
40421,41187
40422,41188
40422,41189
40422,41190
40422,41191
40423,41192
40423,41193
40423,41194
40423,41195
40424,41196
40424,41197
40424,41198
40424,41199
40425,41200
40425,41201
40425,41202
40426,41203
40426,41204
40426,41205
40426,41206
40427,41207
40427,41208
40427,41209
40428,41210
40428,41211
40428,41212
40429,41213
40429,41214
40429,41215
40430,41216
40430,41217
40430,41218
40431,41219
40431,41220
40431,41221
40432,41222
40432,41223
40432,41224
40432,41225
40433,41226
40433,41227
40433,41228
40434,41229
40434,41230
40434,41231
40434,41232
40435,41233
40435,41234
40435,41235
40435,41236
40436,41237
40436,41238
40436,41239
40436,41240
40437,41241
40437,41242
40437,41243
40438,41244
40438,41245
40438,41246
40439,41247
40439,41248
40439,41249
40440,41250
40440,41251
40440,41252
40441,41253
40441,41254
40441,41255
40442,41256
40442,41257
40442,41258
40442,41259
40443,41260
40443,41261
40443,41262
40444,41263
40444,41264
40444,41265
40445,41266
40445,41267
40445,41268
40446,41269
40446,41270
40446,41271
40446,41272
40447,41273
40447,41274
40447,41275
40448,41276
40448,41277
40448,41278
40448,41279
40449,41280
40449,41281
40449,41282
40450,41283
40450,41284
40450,41285
40451,41286
40451,41287
40451,41288
40452,41289
40452,41290
40452,41291
40452,41292
40453,41293
40453,41294
40453,41295
40454,41296
40454,41297
40454,41298
40454,41299
40455,41300
40455,41301
40455,41302
40456,41303
40456,41304
40456,41305
40457,41306
40457,41307
40457,41308
40457,41309
40458,41310
40458,41311
40458,41312
40459,41313
40459,41314
40459,41315
40459,41316
40460,41317
40460,41318
40460,41319
40460,41320
40461,41321
40461,41322
40461,41323
40461,41324
40462,41325
40462,41326
40462,41327
40462,41328
40463,41329
40463,41330
40463,41331
40464,41332
40464,41333
40464,41334
40464,41335
40465,41336
40465,41337
40465,41338
40465,41339
40466,41340
40466,41341
40466,41342
40466,41343
40467,41344
40467,41345
40467,41346
40467,41347
40468,41348
40468,41349
40468,41350
40469,41351
40469,41352
40469,41353
40470,41354
40470,41355
40470,41356
40470,41357
40471,41358
40471,41359
40471,41360
40472,41361
40472,41362
40472,41363
40472,41364
40473,41365
40473,41366
40473,41367
40474,41368
40474,41369
40474,41370
40475,41371
40475,41372
40475,41373
40476,41374
40476,41375
40476,41376
40477,41377
40477,41378
40477,41379
40478,41380
40478,41381
40478,41382
40478,41383
40479,41384
40479,41385
40479,41386
40479,41387
40480,41388
40480,41389
40480,41390
40481,41391
40481,41392
40481,41393
40481,41394
40482,41395
40482,41396
40482,41397
40483,41398
40483,41399
40483,41400
40483,41401
40484,41402
40484,41403
40484,41404
40484,41405
40485,41406
40485,41407
40485,41408
40485,41409
40486,41410
40486,41411
40486,41412
40487,41413
40487,41414
40487,41415
40487,41416
40488,41417
40488,41418
40488,41419
40489,41420
40489,41421
40489,41422
40490,41423
40490,41424
40490,41425
40491,41426
40491,41427
40491,41428
40491,41429
40492,41430
40492,41431
40492,41432
40493,41433
40493,41434
40493,41435
40494,41436
40494,41437
40494,41438
40494,41439
40495,41440
40495,41441
40495,41442
40496,41443
40496,41444
40496,41445
40496,41446
40497,41447
40497,41448
40497,41449
40497,41450
40498,41451
40498,41452
40498,41453
40499,41454
40499,41455
40499,41456
40500,41457
40500,41458
40500,41459
40501,41460
40501,41461
40501,41462
40501,41463
40502,41464
40502,41465
40502,41466
40502,41467
40503,41468
40503,41469
40503,41470
40504,41471
40504,41472
40504,41473
40505,41474
40505,41475
40505,41476
40505,41477
40506,41478
40506,41479
40506,41480
40506,41481
40507,41482
40507,41483
40507,41484
40507,41485
40508,41486
40508,41487
40508,41488
40509,41489
40509,41134
40509,41490
40510,41491
40510,41492
40510,41493
40510,41494
40511,41495
40511,41496
40511,41497
40511,41498
40512,41315
40512,41499
40512,41500
40513,41501
40513,41502
40513,41503
40513,41504
40514,41505
40514,41506
40514,41507
40514,41508
40515,41509
40515,41510
40515,41511
40515,41512
40516,41513
40516,41514
40516,41515
40516,41516
40517,41517
40517,41518
40517,41519
40517,41520
40518,41521
40518,41522
40518,41523
40518,41524
40519,41525
40519,41526
40519,41527
40519,41528
40520,41529
40520,41530
40520,41531
40520,41532
40521,41533
40521,41534
40521,41535
40521,41536
40522,41537
40522,41538
40522,41539
40523,41540
40523,41541
40523,41542
40524,41543
40524,41544
40524,41545
40524,41546
40525,41547
40525,41548
40525,41549
40526,41550
40526,41551
40526,41552
40526,41553
40527,41554
40527,41555
40527,41556
40528,41557
40528,41558
40528,41559
40529,41560
40529,41561
40529,41562
40530,41563
40530,41564
40530,41565
40530,41566
40531,41567
40531,41568
40531,41569
40531,41570
40532,41571
40532,41572
40532,41573
40533,41574
40533,41575
40533,41576
40533,41577
40534,41578
40534,41579
40534,41580
40535,41581
40535,41582
40535,41583
40535,41584
40536,41585
40536,41586
40536,41587
40537,41588
40537,41589
40537,41590
40538,41591
40538,41592
40538,41593
40538,41594
40539,41595
40539,41596
40539,41597
40540,41598
40540,41599
40540,41600
40540,41601
40541,41602
40541,41603
40541,41604
40541,41605
40542,41606
40542,41607
40542,41608
40543,41609
40543,41610
40543,41611
40544,41612
40544,41613
40544,41614
40544,41615
40545,41616
40545,41617
40545,41618
40546,41619
40546,41620
40546,41621
40546,41622
40547,41623
40547,41624
40547,41625
40547,41626
40548,41627
40548,41628
40548,41629
40548,41630
40549,41631
40549,41632
40549,41633
40549,41634
40550,41635
40550,41636
40550,41637
40550,41638
40551,41639
40551,41640
40551,41641
40551,41642
40552,41643
40552,41644
40552,41645
40552,41646
40553,41647
40553,41648
40553,41649
40553,41650
40554,41651
40554,41652
40554,41653
40555,41654
40555,41655
40555,41656
40556,41657
40556,41658
40556,41659
40556,41660
40557,41661
40557,41662
40557,41663
40558,41664
40558,41665
40558,41666
40559,41667
40559,41668
40559,41669
40560,41670
40560,41671
40560,41672
40561,41673
40561,41674
40561,41675
40562,41676
40562,41677
40562,41678
40562,41679
40563,41680
40563,41681
40563,41682
40563,41683
40564,41684
40564,41685
40564,41686
40565,41687
40565,41688
40565,41689
40565,41690
40566,41691
40566,41692
40566,41693
40566,41694
40567,41695
40567,41696
40567,41697
40568,41698
40568,41699
40568,41700
40569,41701
40569,41702
40569,41703
40569,41704
40570,41705
40570,41706
40570,41707
40571,41708
40571,41709
40571,41710
40571,41711
40572,41712
40572,41713
40572,41714
40573,41715
40573,41716
40573,41717
40573,41718
40574,41719
40574,41720
40574,41721
40575,41722
40575,41723
40575,41724
40576,41725
40576,41726
40576,41727
40577,41728
40577,41729
40577,41730
40577,41731
40578,41732
40578,41733
40578,41734
40579,41735
40579,41736
40579,41737
40580,41738
40580,41739
40580,41740
40580,41741
40581,41742
40581,41743
40581,41744
40581,41745
40582,41746
40582,41747
40582,41748
40582,41749
40583,41750
40583,41751
40583,41752
40584,41753
40584,41754
40584,41755
40584,41756
40585,41757
40585,41758
40585,41759
40586,41760
40586,41761
40586,41762
40587,41763
40587,41764
40587,41765
40588,41766
40588,41767
40588,41768
40588,41769
40589,41770
40589,41771
40589,41772
40589,41773
40590,41774
40590,41775
40590,41776
40591,41777
40591,41778
40591,41779
40591,41780
40592,41781
40592,41782
40592,41783
40593,41784
40593,41785
40593,41786
40593,41787
40690,41087
40690,41088
40690,41089
40857,41090
40857,41091
40857,41092
40857,41093
41087,41794
41087,41795
41087,41796
41088,41797
41088,41798
41088,41799
41088,41800
41089,41801
41089,41802
41089,41803
41090,41804
41090,41805
41090,41806
41091,41807
41091,41808
41091,41809
41092,41810
41092,41811
41092,41812
41092,41813
41093,41814
41093,41815
41093,41816
41094,41817
41094,41818
41094,41819
41094,41820
41095,41821
41095,41822
41095,41823
41096,41824
41096,41825
41096,41826
41096,41827
41097,41828
41097,41829
41097,41830
41097,41831
41098,41832
41098,41833
41098,41834
41099,41835
41099,41836
41099,41837
41099,41838
41100,41839
41100,41840
41100,41841
41101,41842
41101,41843
41101,41844
41102,41845
41102,41846
41102,41847
41103,41848
41103,41849
41103,41850
41104,41851
41104,41852
41104,41853
41104,41854
41105,41855
41105,41856
41105,41857
41105,41858
41106,41859
41106,41860
41106,41861
41107,41862
41107,41863
41107,41864
41107,41865
41108,41866
41108,41867
41108,41868
41109,41869
41109,41870
41109,41871
41109,41872
41110,41873
41110,41874
41110,41875
41111,41876
41111,41877
41111,41878
41112,41879
41112,41880
41112,41881
41113,41882
41113,41883
41113,41884
41113,41885
41114,41886
41114,41887
41114,41888
41114,41889
41115,41890
41115,41891
41115,41892
41116,41893
41116,41894
41116,41895
41116,41896
41117,41897
41117,41898
41117,41899
41117,41900
41118,41901
41118,41902
41118,41903
41119,41904
41119,41905
41119,41906
41119,41907
41120,41908
41120,41909
41120,41910
41121,41911
41121,41912
41121,41913
41122,41914
41122,41915
41122,41916
41123,41917
41123,41918
41123,41919
41123,41920
41124,41921
41124,41922
41124,41923
41125,41924
41125,41925
41125,41926
41125,41927
41126,41928
41126,41929
41126,41930
41127,41931
41127,41932
41127,41933
41127,41934
41128,41935
41128,41936
41128,41937
41128,41938
41129,41939
41129,41940
41129,41941
41129,41942
41130,41943
41130,41944
41130,41945
41130,41946
41131,41947
41131,41948
41131,41949
41132,41950
41132,41951
41132,41952
41132,41953
41133,41954
41133,41955
41133,41956
41133,41957
41134,41788
41134,41789
41134,41790
41135,41958
41135,41959
41135,41960
41136,41961
41136,41962
41136,41963
41136,41964
41137,41965
41137,41966
41137,41967
41138,41968
41138,41969
41138,41970
41139,41971
41139,41972
41139,41973
41139,41974
41140,41975
41140,41976
41140,41977
41141,41978
41141,41979
41141,41980
41141,41981
41142,41982
41142,41983
41142,41984
41142,41985
41143,41986
41143,41987
41143,41988
41144,41989
41144,41990
41144,41991
41144,41992
41145,41993
41145,41994
41145,41995
41146,41996
41146,41997
41146,41998
41146,41999
41147,42000
41147,42001
41147,42002
41147,42003
41148,42004
41148,42005
41148,42006
41148,42007
41149,42008
41149,42009
41149,42010
41149,42011
41150,42012
41150,42013
41150,42014
41151,42015
41151,42016
41151,42017
41152,42018
41152,42019
41152,42020
41152,42021
41153,42022
41153,42023
41153,42024
41154,42025
41154,42026
41154,42027
41154,42028
41155,42029
41155,42030
41155,42031
41155,42032
41156,42033
41156,42034
41156,42035
41156,42036
41157,42037
41157,42038
41157,42039
41157,42040
41158,42041
41158,42042
41158,42043
41158,42044
41159,42045
41159,42046
41159,42047
41159,42048
41160,42049
41160,42050
41160,42051
41161,42052
41161,42053
41161,42054
41162,42055
41162,42056
41162,42057
41163,42058
41163,42059
41163,42060
41164,42061
41164,42062
41164,42063
41164,42064
41165,42065
41165,42066
41165,42067
41165,42068
41166,42069
41166,42070
41166,42071
41166,42072
41167,42073
41167,42074
41167,42075
41168,42076
41168,42077
41168,42078
41169,42079
41169,42080
41169,42081
41170,42082
41170,42083
41170,42084
41170,42085
41171,42086
41171,42087
41171,42088
41171,42089
41172,42090
41172,42091
41172,42092
41173,42093
41173,42094
41173,42095
41173,42096
41174,42097
41174,42098
41174,42099
41175,42100
41175,42101
41175,42102
41176,42103
41176,42104
41176,42105
41177,42106
41177,42107
41177,42108
41178,42109
41178,42110
41178,42111
41178,42112
41179,42113
41179,42114
41179,42115
41180,42116
41180,42117
41180,42118
41181,42119
41181,42120
41181,42121
41182,42122
41182,42123
41182,42124
41183,42125
41183,42126
41183,42127
41184,42128
41184,42129
41184,42130
41184,42131
41185,42132
41185,42133
41185,42134
41185,42135
41186,42136
41186,42137
41186,42138
41186,42139
41187,42140
41187,42141
41187,42142
41187,42143
41188,42144
41188,42145
41188,42146
41188,42147
41189,42148
41189,42149
41189,42150
41190,42151
41190,42152
41190,42153
41190,42154
41191,42155
41191,42156
41191,42157
41192,42158
41192,42159
41192,42160
41193,42161
41193,42162
41193,42163
41194,42164
41194,42165
41194,42166
41195,42167
41195,42168
41195,42169
41196,42170
41196,42171
41196,42172
41196,42173
41197,42174
41197,42175
41197,42176
41197,42177
41198,42178
41198,42179
41198,42180
41198,42181
41199,42182
41199,42183
41199,42184
41200,42185
41200,42186
41200,42187
41200,42188
41201,42189
41201,42190
41201,42191
41202,42192
41202,42193
41202,42194
41202,42195
41203,42196
41203,42197
41203,42198
41204,42199
41204,42200
41204,42201
41204,42202
41205,42203
41205,42204
41205,42205
41205,42206
41206,42207
41206,42208
41206,42209
41207,42210
41207,42211
41207,42212
41207,42213
41208,42214
41208,42215
41208,42216
41209,42217
41209,42218
41209,42219
41209,42220
41210,42221
41210,42222
41210,42223
41211,42224
41211,42225
41211,42226
41211,42227
41212,42228
41212,42229
41212,42230
41213,42231
41213,42232
41213,42233
41213,42234
41214,42235
41214,42236
41214,42237
41214,42238
41215,42239
41215,42240
41215,42241
41216,42242
41216,42243
41216,42244
41216,42245
41217,42246
41217,42247
41217,42248
41217,42249
41218,42250
41218,42251
41218,42252
41219,42253
41219,42254
41219,42255
41219,42256
41220,42257
41220,42258
41220,42259
41220,42260
41221,42261
41221,42262
41221,42263
41222,42264
41222,42265
41222,42266
41222,42267
41223,42268
41223,42269
41223,42270
41223,42271
41224,42272
41224,42273
41224,42274
41225,42275
41225,42276
41225,42277
41226,42278
41226,42279
41226,42280
41227,42281
41227,42282
41227,42283
41228,42284
41228,42285
41228,42286
41229,42287
41229,42288
41229,42289
41229,42290
41230,42291
41230,42292
41230,42293
41231,42294
41231,42295
41231,42296
41232,42297
41232,42298
41232,42299
41233,42300
41233,42301
41233,42302
41234,42303
41234,42304
41234,42305
41235,42306
41235,42307
41235,42308
41236,42309
41236,42310
41236,42311
41237,42312
41237,42313
41237,42314
41237,42315
41238,42316
41238,42317
41238,42318
41238,42319
41239,42320
41239,42321
41239,42322
41240,42323
41240,42324
41240,42325
41240,42326
41241,42327
41241,42328
41241,42329
41242,42330
41242,42331
41242,42332
41242,42333
41243,42334
41243,42335
41243,42336
41243,42337
41244,42338
41244,42339
41244,42340
41245,42341
41245,42342
41245,42343
41245,42344
41246,42345
41246,42346
41246,42347
41247,42348
41247,42349
41247,42350
41248,42351
41248,42352
41248,42353
41248,42354
41249,42355
41249,42356
41249,42357
41250,42358
41250,42359
41250,42360
41250,42361
41251,42362
41251,42363
41251,42258
41252,42364
41252,42365
41252,42366
41252,42367
41253,42368
41253,42369
41253,42370
41254,42371
41254,42372
41254,42373
41255,42374
41255,42375
41255,42376
41256,42377
41256,42378
41256,42379
41256,42380
41257,42381
41257,42382
41257,42383
41257,42384
41258,42385
41258,42386
41258,42387
41259,42388
41259,42389
41259,42390
41259,42391
41260,42392
41260,42393
41260,42394
41261,42395
41261,42396
41261,42397
41261,42398
41262,42399
41262,42400
41262,42401
41262,42402
41263,42403
41263,42404
41263,42405
41263,42406
41264,42407
41264,42408
41264,42409
41265,42410
41265,42411
41265,42412
41266,42413
41266,42414
41266,42415
41266,42416
41267,42417
41267,42418
41267,42419
41268,42420
41268,42421
41268,42422
41268,42423
41269,42424
41269,42425
41269,42426
41269,42427
41270,42428
41270,42429
41270,42430
41271,42431
41271,42432
41271,42433
41271,42434
41272,42435
41272,42436
41272,42437
41272,42438
41273,42439
41273,42440
41273,42441
41274,42442
41274,42443
41274,42444
41275,42445
41275,42446
41275,42447
41275,42448
41276,42449
41276,42450
41276,42451
41277,42452
41277,42453
41277,42454
41277,42455
41278,42456
41278,42457
41278,42458
41278,42459
41279,42460
41279,42461
41279,42462
41279,42463
41280,42464
41280,42465
41280,42466
41280,42467
41281,42468
41281,42469
41281,42470
41282,42471
41282,42472
41282,42473
41282,42474
41283,42475
41283,42476
41283,42477
41283,42478
41284,42479
41284,42480
41284,42481
41284,42482
41285,42483
41285,42484
41285,42485
41285,42486
41286,42487
41286,42488
41286,42489
41315,41791
41315,41792
41315,41793
41788,42493
41788,42494
41788,42495
41789,42496
41789,42497
41789,42498
41789,42499
41790,42500
41790,42501
41790,42502
41790,42503
41791,42504
41791,42505
41791,42506
41792,42507
41792,42508
41792,42509
41793,42510
41793,42511
41793,42512
41793,42513
41794,42514
41794,42515
41794,42516
41794,42517
41795,42518
41795,42519
41795,42520
41796,42521
41796,42522
41796,42523
41797,42524
41797,42525
41797,42526
41797,42527
41798,42528
41798,42529
41798,42530
41799,42531
41799,42532
41799,42533
41800,42534
41800,42535
41800,42536
41800,42537
41801,42538
41801,42539
41801,42540
41802,42541
41802,42542
41802,42543
41803,42544
41803,42545
41803,42546
41803,42547
41804,42548
41804,42549
41804,42550
41805,42551
41805,42552
41805,42553
41806,42554
41806,42555
41806,42556
41806,42557
41807,42558
41807,42559
41807,42560
41808,42561
41808,42562
41808,42563
41808,42564
41809,42565
41809,42566
41809,42567
41810,42568
41810,42569
41810,42570
41811,42571
41811,42572
41811,42573
41811,42574
41812,42575
41812,42576
41812,42577
41812,42578
41813,42579
41813,42580
41813,42581
41813,42582
41814,42583
41814,42584
41814,42585
41815,42586
41815,42587
41815,42588
41815,42589
41816,42590
41816,42591
41816,42592
41816,42593
41817,42594
41817,42595
41817,42596
41818,42597
41818,42598
41818,42599
41819,42600
41819,42601
41819,42602
41820,42603
41820,42604
41820,42605
41820,42606
41821,42607
41821,42608
41821,42609
41822,42610
41822,42611
41822,42612
41823,42613
41823,42614
41823,42615
41824,42616
41824,42617
41824,42618
41825,42619
41825,42620
41825,42621
41826,42622
41826,42623
41826,42624
41826,42625
41827,42626
41827,42627
41827,42628
41827,42629
41828,42630
41828,42631
41828,42632
41828,42633
41829,42634
41829,42635
41829,42636
41830,42637
41830,42638
41830,42639
41831,42640
41831,42641
41831,42642
41832,42643
41832,42644
41832,42645
41833,42646
41833,42647
41833,42648
41833,42649
41834,42650
41834,42651
41834,42652
41834,42653
41835,42654
41835,42655
41835,42656
41835,42657
41836,42658
41836,42659
41836,42660
41837,42661
41837,42662
41837,42663
41838,42664
41838,42665
41838,42666
41839,42667
41839,42668
41839,42669
41839,42670
41840,42671
41840,42672
41840,42673
41841,42674
41841,42675
41841,42676
41841,42677
41842,42678
41842,42679
41842,42680
41842,42681
41843,42682
41843,42683
41843,42684
41844,42685
41844,42686
41844,42687
41844,42688
41845,42689
41845,42690
41845,42691
41845,42692
41846,42693
41846,42694
41846,42695
41847,42696
41847,42697
41847,42698
41847,42699
41848,42700
41848,42701
41848,42702
41848,42703
41849,42704
41849,42705
41849,42706
41849,42707
41850,42708
41850,42709
41850,42710
41851,42711
41851,42712
41851,42713
41852,42714
41852,42715
41852,42716
41852,42717
41853,42718
41853,42719
41853,42720
41854,42721
41854,42722
41854,42723
41855,42724
41855,42725
41855,42726
41856,42727
41856,42728
41856,42729
41856,42730
41857,42731
41857,42732
41857,42733
41857,42734
41858,42735
41858,42736
41858,42737
41859,42738
41859,42739
41859,42740
41859,42741
41860,42742
41860,42743
41860,42744
41861,42745
41861,42746
41861,42747
41862,42748
41862,42749
41862,42750
41862,42751
41863,42752
41863,42753
41863,42754
41864,42755
41864,42756
41864,42757
41865,42758
41865,42759
41865,42760
41866,42761
41866,42762
41866,42763
41866,42764
41867,42765
41867,42766
41867,42767
41867,42768
41868,42769
41868,42770
41868,42771
41868,42772
41869,42773
41869,42774
41869,42775
41869,42776
41870,42777
41870,42778
41870,42779
41870,42780
41871,42781
41871,42782
41871,42783
41871,42784
41872,42785
41872,42786
41872,42787
41872,42788
41873,42789
41873,42790
41873,42791
41874,42792
41874,42793
41874,42794
41874,42795
41875,42796
41875,42797
41875,42798
41876,42799
41876,42800
41876,42801
41876,42802
41877,42803
41877,42804
41877,42805
41878,42806
41878,42807
41878,42808
41879,42809
41879,42810
41879,42811
41879,42812
41880,42813
41880,42814
41880,42815
41881,42816
41881,42817
41881,42818
41882,42819
41882,42820
41882,42821
41883,42822
41883,42823
41883,42824
41884,42825
41884,42826
41884,42827
41885,42828
41885,42829
41885,42830
41886,42831
41886,42832
41886,42833
41886,42834
41887,42835
41887,42836
41887,42837
41887,42838
41888,42839
41888,42840
41888,42841
41888,42842
41889,42843
41889,42844
41889,42845
41889,42846
41890,42847
41890,42848
41890,42849
41890,42850
41891,42851
41891,42852
41891,42853
41892,42854
41892,42855
41892,42856
41893,42857
41893,42858
41893,42859
41894,42860
41894,42861
41894,42862
41895,42863
41895,42864
41895,42865
41896,42866
41896,42867
41896,42868
41897,42869
41897,42870
41897,42871
41898,42872
41898,42873
41898,42874
41899,42875
41899,42876
41899,42877
41899,42878
41900,42879
41900,42880
41900,42881
41901,42882
41901,42883
41901,42884
41902,42885
41902,42886
41902,42887
41902,42888
41903,42889
41903,42890
41903,42891
41903,42892
41904,42893
41904,42894
41904,42895
41904,42896
41905,42897
41905,42898
41905,42899
41905,42900
41906,42901
41906,42902
41906,42903
41906,42904
41907,42905
41907,42906
41907,42907
41908,42908
41908,42909
41908,42910
41908,42911
41909,42912
41909,42913
41909,42914
41909,42915
41910,42916
41910,42917
41910,42918
41911,42919
41911,42920
41911,42921
41912,42922
41912,42923
41912,42924
41912,42925
41913,42926
41913,42927
41913,42928
41913,42929
41914,42930
41914,42931
41914,42932
41915,42933
41915,42934
41915,42935
41915,42936
41916,42937
41916,42938
41916,42939
41917,42940
41917,42941
41917,42942
41917,42943
41918,42944
41918,42945
41918,42946
41919,42947
41919,42948
41919,42949
41919,42950
41920,42951
41920,42952
41920,42953
41920,42954
41921,42955
41921,42956
41921,42957
41922,42958
41922,42959
41922,42960
41922,42961
41923,42962
41923,42963
41923,42964
41924,42965
41924,42966
41924,42967
41924,42968
41925,42969
41925,42970
41925,42971
41926,42972
41926,42973
41926,42974
41926,42975
41927,42976
41927,42977
41927,42978
41928,42979
41928,42980
41928,42981
41928,42982
41929,42983
41929,42984
41929,42985
41930,42986
41930,42987
41930,42988
41931,42989
41931,42990
41931,42991
41932,42992
41932,42993
41932,42994
41932,42995
41933,42996
41933,42997
41933,42998
41933,42999
41934,43000
41934,43001
41934,43002
41935,43003
41935,43004
41935,43005
41936,43006
41936,43007
41936,43008
41937,43009
41937,43010
41937,43011
41938,43012
41938,43013
41938,43014
41938,43015
41939,43016
41939,43017
41939,43018
41939,43019
41940,43020
41940,43021
41940,43022
41940,43023
41941,43024
41941,43025
41941,43026
41942,43027
41942,43028
41942,43029
41942,43030
41943,43031
41943,43032
41943,43033
41944,43034
41944,43035
41944,43036
41945,43037
41945,43038
41945,43039
41946,43040
41946,43041
41946,43042
41947,43043
41947,43044
41947,43045
41947,43046
41948,43047
41948,43048
41948,43049
41949,43050
41949,43051
41949,43052
41950,43053
41950,43054
41950,43055
41951,43056
41951,43057
41951,43058
41951,43059
41952,43060
41952,43061
41952,43062
41953,43063
41953,43064
41953,43065
41953,43066
41954,43067
41954,43068
41954,43069
41955,43070
41955,43071
41955,43072
41955,43073
41956,43074
41956,43075
41956,43076
41956,43077
41957,43078
41957,43079
41957,43080
41957,43081
41958,43082
41958,43083
41958,43084
41959,43085
41959,43086
41959,43087
41960,43088
41960,43089
41960,43090
41961,43091
41961,43092
41961,43093
41961,43094
41962,43095
41962,43096
41962,43097
41963,43098
41963,43099
41963,43100
41964,43101
41964,43102
41964,43103
41965,43104
41965,43105
41965,43106
41966,43107
41966,43108
41966,43109
41967,43110
41967,43111
41967,43112
41968,43113
41968,43114
41968,43115
41969,43116
41969,43117
41969,43118
41969,43119
41970,43120
41970,43121
41970,43122
41970,43123
41971,43124
41971,43125
41971,43126
41971,43127
41972,43128
41972,43129
41972,43130
41972,43131
41973,43132
41973,43133
41973,43134
41973,43135
41974,43136
41974,43137
41974,43138
41974,43139
41975,43140
41975,43141
41975,43142
41976,43143
41976,43144
41976,43145
41977,43146
41977,43147
41977,43148
41978,43149
41978,43150
41978,43151
41978,43152
41979,43153
41979,43154
41979,43155
41980,43156
41980,43157
41980,43158
41981,43159
41981,43160
41981,43161
41982,43162
41982,43163
41982,43164
41982,43165
41983,43166
41983,43167
41983,43168
41984,43169
41984,43170
41984,43171
41985,43172
41985,43173
41985,43174
41985,43175
41986,43176
41986,43177
41986,43178
41987,43179
41987,43180
41987,43181
41987,43182
42258,42490
42258,42491
42258,42492
42490,43183
42490,43184
42490,43185
42490,43186
42491,43187
42491,43188
42491,43189
42491,43190
42492,43191
42492,43192
42492,43193
42492,43194
42493,43195
42493,43196
42493,43197
42494,43198
42494,43199
42494,43200
42495,43201
42495,43202
42495,43203
42495,43204
42496,43205
42496,43206
42496,43207
42497,43208
42497,43209
42497,43210
42498,43211
42498,43212
42498,43213
42498,43214
42499,43215
42499,43216
42499,43217
42500,43218
42500,43219
42500,43220
42501,43221
42501,43222
42501,43223
42502,43224
42502,43225
42502,43226
42502,43227
42503,43228
42503,43229
42503,43230
42504,43231
42504,43232
42504,43233
42505,43234
42505,43235
42505,43236
42506,43237
42506,43238
42506,43239
42507,43240
42507,43241
42507,43242
42507,43243
42508,43244
42508,43245
42508,43246
42509,43247
42509,43248
42509,43249
42510,43250
42510,43251
42510,43252
42511,43253
42511,43254
42511,43255
42511,43256
42512,43257
42512,43258
42512,43259
42513,43260
42513,43261
42513,43262
42513,43263
42514,43264
42514,43265
42514,43266
42515,43267
42515,43268
42515,43269
42516,43270
42516,43271
42516,43272
42516,43273
42517,43274
42517,43275
42517,43276
42517,43277
42518,43278
42518,43279
42518,43280
42518,43281
42519,43282
42519,43283
42519,43284
42519,43285
42520,43286
42520,43287
42520,43288
42520,43289
42521,43290
42521,43291
42521,43292
42521,43293
42522,43294
42522,43295
42522,43296
42522,43297
42523,43298
42523,43299
42523,43300
42523,43301
42524,43302
42524,43303
42524,43304
42525,43305
42525,43306
42525,43307
42526,43308
42526,43309
42526,43310
42527,43311
42527,43312
42527,43313
42528,43314
42528,43315
42528,43316
42529,43317
42529,43318
42529,43319
42530,43320
42530,43321
42530,43322
42530,43323
42531,43324
42531,43325
42531,43326
42532,43327
42532,43328
42532,43329
42533,43330
42533,43331
42533,43332
42533,43333
42534,43334
42534,43335
42534,43336
42535,43337
42535,43338
42535,43339
42535,43340
42536,43341
42536,43342
42536,43343
42537,43344
42537,43345
42537,43346
42537,43347
42538,43348
42538,43349
42538,43350
42538,43351
42539,43352
42539,43353
42539,43354
42539,43355
42540,43356
42540,43357
42540,43358
42541,43359
42541,43360
42541,43361
42541,43362
42542,43363
42542,43364
42542,43365
42543,43366
42543,43367
42543,43368
42544,43369
42544,43370
42544,43371
42545,43372
42545,43373
42545,43374
42546,43375
42546,43376
42546,43377
42546,43378
42547,43379
42547,43380
42547,43381
42547,43382
42548,43383
42548,43384
42548,43385
42548,43386
42549,43387
42549,43388
42549,43389
42549,43390
42550,43391
42550,43392
42550,43393
42551,43394
42551,43395
42551,43396
42551,43397
42552,43398
42552,43399
42552,43400
42553,43401
42553,43402
42553,43403
42553,43404
42554,43405
42554,43406
42554,43407
42555,43408
42555,43409
42555,43410
42555,43411
42556,43412
42556,43413
42556,43414
42557,43415
42557,43416
42557,43417
42557,43418
42558,43419
42558,43420
42558,43421
42558,43422
42559,43423
42559,43424
42559,43425
42559,43426
42560,43427
42560,43428
42560,43429
42560,43430
42561,43431
42561,43432
42561,43433
42562,43434
42562,43435
42562,43436
42562,43437
42563,43438
42563,43439
42563,43440
42564,43441
42564,43442
42564,43443
42565,43444
42565,43445
42565,43446
42565,43447
42566,43448
42566,43449
42566,43450
42566,43451
42567,43452
42567,43453
42567,43454
42567,43455
42568,43456
42568,43457
42568,43458
42569,43459
42569,43460
42569,43461
42569,43462
42570,43463
42570,43464
42570,43465
42570,43466
42571,43467
42571,43468
42571,43469
42571,43470
42572,43471
42572,43472
42572,43473
42573,43474
42573,43475
42573,43476
42574,43477
42574,43478
42574,43479
42574,43480
42575,43481
42575,43482
42575,43483
42575,43484
42576,43485
42576,43486
42576,43487
42577,43488
42577,43489
42577,43490
42578,43491
42578,43492
42578,43493
42578,43494
42579,43495
42579,43496
42579,43497
42580,43498
42580,43499
42580,43500
42581,43501
42581,43502
42581,43503
42582,43504
42582,43505
42582,43506
42583,43507
42583,43508
42583,43509
42583,43510
42584,43511
42584,43512
42584,43513
42584,43514
42585,43515
42585,43516
42585,43517
42585,43518
42586,43519
42586,43520
42586,43521
42587,43522
42587,43523
42587,43524
42588,43525
42588,43526
42588,43527
42588,43528
42589,43529
42589,43530
42589,43531
42589,43532
42590,43533
42590,43534
42590,43535
42590,43536
42591,43537
42591,43538
42591,43539
42591,43540
42592,43541
42592,43542
42592,43543
42593,43544
42593,43545
42593,43546
42593,43547
42594,43548
42594,43549
42594,43550
42595,43551
42595,43552
42595,43553
42596,43554
42596,43555
42596,43556
42596,43557
42597,43558
42597,43559
42597,43560
42598,43561
42598,43562
42598,43563
42598,43564
42599,43565
42599,43566
42599,43567
42600,43568
42600,43569
42600,43570
42600,43571
42601,43572
42601,43573
42601,43574
42602,43575
42602,43576
42602,43577
42602,43578
42603,43579
42603,43580
42603,43581
42604,43582
42604,43583
42604,43584
42605,43585
42605,43586
42605,43587
42605,43588
42606,43589
42606,43590
42606,43591
42607,43592
42607,43593
42607,43594
42607,43595
42608,43596
42608,43597
42608,43598
42608,43599
42609,43600
42609,43601
42609,43602
42609,43603
42610,43604
42610,43605
42610,43606
42611,43607
42611,43608
42611,43609
42611,43610
42612,43611
42612,43612
42612,43613
42613,43614
42613,43615
42613,43616
42613,43617
42614,43618
42614,43619
42614,43620
42615,43621
42615,43622
42615,43623
42616,43624
42616,43625
42616,43626
42617,43627
42617,43628
42617,43629
42617,43630
42618,43631
42618,43632
42618,43633
42618,43634
42619,43635
42619,43636
42619,43637
42620,43638
42620,43639
42620,43640
42621,43641
42621,43642
42621,43643
42621,43644
42622,43645
42622,43646
42622,43647
42622,43648
42623,43649
42623,43650
42623,43651
42624,43652
42624,43653
42624,43654
42624,43655
42625,43656
42625,43657
42625,43658
42625,43659
42626,43660
42626,43661
42626,43662
42627,43663
42627,43664
42627,43665
42627,43666
42628,43667
42628,43668
42628,43669
42629,43670
42629,43671
42629,43672
42629,43673
42630,43674
42630,43675
42630,43676
42631,43677
42631,43678
42631,43679
42631,43680
42632,43681
42632,43682
42632,43683
42633,43684
42633,43685
42633,43686
42633,43687
42634,43688
42634,43689
42634,43690
42635,43691
42635,43692
42635,43693
42636,43694
42636,43695
42636,43696
42636,43697
42637,43698
42637,43699
42637,43700
42637,43701
42638,43702
42638,43703
42638,43704
42639,43705
42639,43706
42639,43707
42640,43708
42640,43709
42640,43710
42640,43711
42641,43712
42641,43713
42641,43714
42642,43715
42642,43716
42642,43717
42643,43718
42643,43719
42643,43720
42644,43721
42644,43722
42644,43723
42644,43724
42645,43725
42645,43726
42645,43727
42645,43728
42646,43729
42646,43730
42646,43731
42647,43732
42647,43733
42647,43734
42648,43735
42648,43736
42648,43737
42648,43738
42649,43739
42649,43740
42649,43741
42649,43742
42650,43743
42650,43744
42650,43745
42651,43746
42651,43747
42651,43748
42652,43749
42652,43750
42652,43751
42652,43752
42653,43753
42653,43754
42653,43755
42654,43756
42654,43757
42654,43758
42655,43759
42655,43760
42655,43761
42655,43762
42656,43763
42656,43764
42656,43765
42656,43766
42657,43767
42657,43768
42657,43769
42657,43770
42658,43771
42658,43772
42658,43773
42659,43774
42659,43775
42659,43776
42660,43777
42660,43778
42660,43779
42660,43780
42661,43781
42661,43782
42661,43783
42661,43784
42662,43785
42662,43786
42662,43787
42663,43788
42663,43789
42663,43790
42664,43791
42664,43792
42664,43793
42664,43794
42665,43795
42665,43796
42665,43797
42666,43798
42666,43799
42666,43800
42667,43801
42667,43802
42667,43803
42667,43804
42668,43805
42668,43806
42668,43807
42669,43808
42669,43809
42669,43810
42670,43811
42670,43812
42670,43813
42670,43814
42671,43815
42671,43816
42671,43817
42671,43818
42672,43819
42672,43820
42672,43821
42672,43822
42673,43823
42673,43824
42673,43825
42673,43826
42674,43827
42674,43828
42674,43829
42675,43830
42675,43831
42675,43832
42676,43833
42676,43834
42676,43835
42676,43836
42677,43837
42677,43838
42677,43839
42678,43840
42678,43841
42678,43842
42679,43843
42679,43844
42679,43845
42679,43846
42680,43847
42680,43848
42680,43849
42681,43850
42681,43851
42681,43852
42681,43853
42682,43854
42682,43855
42682,43856
42682,43857
42683,43858
42683,43859
42683,43860
42684,43861
42684,43862
42684,43863
42684,43864
42685,43865
42685,43866
42685,43867
42686,43868
42686,43869
42686,43870
42686,43871
42687,43872
42687,43873
42687,43874
42688,43875
42688,43876
42688,43877
42689,43878
42689,43879
42689,43880
42689,43881
42690,43882
42690,43883
42690,43884
43183,43885
43183,43886
43183,43887
43183,43888
43184,43889
43184,43890
43184,43891
43184,43892
43185,43893
43185,43894
43185,43895
43185,43896
43186,43897
43186,43898
43186,43899
43187,43900
43187,43901
43187,43902
43187,43903
43188,43904
43188,43905
43188,43906
43188,43907
43189,43908
43189,43909
43189,43910
43189,43911
43190,43912
43190,43913
43190,43914
43190,43915
43191,43916
43191,43917
43191,43918
43192,43919
43192,43920
43192,43921
43193,43922
43193,43923
43193,43924
43193,43925
43194,43926
43194,43927
43194,43928
43194,43929
43195,43930
43195,43931
43195,43932
43196,43933
43196,43934
43196,43935
43197,43936
43197,43937
43197,43938
43197,43939
43198,43940
43198,43941
43198,43942
43198,43943
43199,43944
43199,43945
43199,43946
43200,43947
43200,43948
43200,43949
43200,43950
43201,43951
43201,43952
43201,43953
43201,43954
43202,43955
43202,43956
43202,43957
43202,43958
43203,43959
43203,43960
43203,43961
43204,43962
43204,43963
43204,43964
43205,43965
43205,43966
43205,43967
43206,43968
43206,43969
43206,43970
43207,43971
43207,43972
43207,43973
43208,43974
43208,43975
43208,43976
43208,43977
43209,43978
43209,43979
43209,43980
43210,43981
43210,43982
43210,43983
43210,43984
43211,43985
43211,43986
43211,43987
43212,43988
43212,43989
43212,43990
43213,43991
43213,43992
43213,43993
43214,43994
43214,43995
43214,43996
43214,43997
43215,43998
43215,43999
43215,44000
43216,44001
43216,44002
43216,44003
43216,44004
43217,44005
43217,44006
43217,44007
43218,44008
43218,44009
43218,44010
43218,44011
43219,44012
43219,44013
43219,44014
43219,44015
43220,44016
43220,44017
43220,44018
43221,44019
43221,44020
43221,44021
43222,44008
43222,44022
43222,44023
43222,44024
43223,44025
43223,44026
43223,44027
43224,44028
43224,44029
43224,44030
43225,44031
43225,44032
43225,44033
43225,44034
43226,44035
43226,44036
43226,44037
43226,44038
43227,44039
43227,44040
43227,44041
43227,44042
43228,44043
43228,44044
43228,44045
43229,44046
43229,44047
43229,44048
43229,44049
43230,44050
43230,44051
43230,44052
43230,44053
43231,44054
43231,44055
43231,44056
43232,44057
43232,44058
43232,44059
43232,44060
43233,44061
43233,44062
43233,44063
43233,44064
43234,44065
43234,44066
43234,44067
43235,44068
43235,44069
43235,44070
43236,44071
43236,44072
43236,44073
43236,44074
43237,44075
43237,44076
43237,44077
43238,44078
43238,44079
43238,44080
43239,44081
43239,44082
43239,44083
43240,44084
43240,44085
43240,44086
43241,44087
43241,44088
43241,44089
43242,44090
43242,44091
43242,44092
43243,44093
43243,44094
43243,44095
43244,44096
43244,44097
43244,44098
43244,44099
43245,44100
43245,44101
43245,44102
43246,44103
43246,44104
43246,44105
43246,44106
43247,44107
43247,44108
43247,44109
43248,44110
43248,44111
43248,44112
43249,44113
43249,44114
43249,44115
43250,44116
43250,44117
43250,44118
43251,44119
43251,44120
43251,44121
43252,44122
43252,44123
43252,44124
43253,44125
43253,44126
43253,44127
43254,44128
43254,44129
43254,44130
43255,44131
43255,44132
43255,44133
43256,44134
43256,44135
43256,44136
43257,44137
43257,44138
43257,44139
43257,44140
43258,44141
43258,44142
43258,44143
43259,44144
43259,44145
43259,44146
43259,44147
43260,44148
43260,44149
43260,44150
43260,44151
43261,44152
43261,44153
43261,44154
43261,44155
43262,44156
43262,44157
43262,44158
43263,44159
43263,44160
43263,44161
43264,44162
43264,44163
43264,44164
43264,44165
43265,44166
43265,44167
43265,44168
43266,44169
43266,44170
43266,44171
43267,44172
43267,44173
43267,44174
43267,44175
43268,44176
43268,44177
43268,44178
43269,44179
43269,44180
43269,44181
43270,44182
43270,44183
43270,44184
43270,44185
43271,44186
43271,44187
43271,44188
43271,44189
43272,44190
43272,44191
43272,44192
43273,44193
43273,44194
43273,44195
43274,44196
43274,44197
43274,44198
43274,44199
43275,44200
43275,44201
43275,44202
43275,44203
43276,44204
43276,44205
43276,44206
43277,44207
43277,44208
43277,44209
43278,44210
43278,44211
43278,44212
43279,44213
43279,44214
43279,44215
43280,44216
43280,44217
43280,44218
43280,44219
43281,44220
43281,44221
43281,44222
43281,44223
43282,44224
43282,44225
43282,44226
43283,44227
43283,44228
43283,44229
43284,44230
43284,44231
43284,44232
43285,44233
43285,44234
43285,44235
43285,44236
43286,44237
43286,44238
43286,44239
43287,44240
43287,44241
43287,44242
43287,44243
43288,44244
43288,44245
43288,44246
43289,44247
43289,44248
43289,44249
43290,44250
43290,44251
43290,44252
43291,44253
43291,44254
43291,44255
43292,44256
43292,44257
43292,44258
43292,44259
43293,44260
43293,44261
43293,44262
43294,44263
43294,44264
43294,44265
43295,44266
43295,44267
43295,44268
43296,44269
43296,44270
43296,44271
43296,44272
43297,44219
43297,44273
43297,44274
43297,44275
43298,44276
43298,44277
43298,44278
43298,44279
43299,44280
43299,44281
43299,44282
43300,44283
43300,44284
43300,44285
43300,44286
43301,44287
43301,44288
43301,44289
43302,44290
43302,44291
43302,44292
43303,44293
43303,44294
43303,44295
43304,44296
43304,44297
43304,44298
43304,44299
43305,44300
43305,44301
43305,44302
43306,44303
43306,44304
43306,44305
43307,44306
43307,44307
43307,44308
43307,44309
43308,44310
43308,44311
43308,44312
43308,44313
43309,44314
43309,44315
43309,44316
43309,44317
43310,44318
43310,44319
43310,44320
43311,44321
43311,44322
43311,44323
43311,44324
43312,44325
43312,44326
43312,44327
43313,44328
43313,44329
43313,44330
43314,44331
43314,44332
43314,44333
43314,44334
43315,44335
43315,44336
43315,44337
43316,44338
43316,44339
43316,44340
43316,44341
43317,44342
43317,44343
43317,44344
43317,44345
43318,44346
43318,44347
43318,44348
43319,44349
43319,44350
43319,44351
43320,44352
43320,44353
43320,44354
43321,44355
43321,44356
43321,44357
43322,44358
43322,44359
43322,44360
43322,44361
43323,44362
43323,44363
43323,44364
43323,44365
43324,44366
43324,44367
43324,44368
43325,44369
43325,44370
43325,44371
43326,44372
43326,44373
43326,44374
43327,44375
43327,44376
43327,44377
43328,44378
43328,44379
43328,44380
43328,44381
43329,44382
43329,44383
43329,44384
43330,44385
43330,44386
43330,44387
43330,44388
43331,44389
43331,44390
43331,44391
43331,44392
43332,44393
43332,44394
43332,44395
43333,44396
43333,44397
43333,44398
43333,44399
43334,44400
43334,44401
43334,44402
43335,44403
43335,44404
43335,44405
43336,44406
43336,44407
43336,44408
43336,44409
43337,44410
43337,44411
43337,44412
43338,44413
43338,44414
43338,44415
43338,44416
43339,44417
43339,44418
43339,44419
43339,44420
43340,44421
43340,44422
43340,44423
43340,44424
43341,44425
43341,44426
43341,44427
43342,44428
43342,44429
43342,44430
43342,44431
43343,44432
43343,44433
43343,44434
43344,44435
43344,44436
43344,44437
43345,44438
43345,44439
43345,44440
43345,44441
43346,44442
43346,44443
43346,44444
43347,44445
43347,44446
43347,44447
43347,44448
43348,44449
43348,44450
43348,44451
43349,44452
43349,44453
43349,44454
43349,44455
43350,44456
43350,44457
43350,44458
43351,44459
43351,44460
43351,44461
43351,44462
43352,44463
43352,44464
43352,44465
43353,44466
43353,44467
43353,44468
43353,44469
43354,44470
43354,44471
43354,44472
43354,44473
43355,44474
43355,44475
43355,44476
43356,44477
43356,44478
43356,44479
43356,44480
43357,44481
43357,44482
43357,44483
43357,44484
43358,44485
43358,44486
43358,44487
43359,44488
43359,44489
43359,44490
43359,44491
43360,44492
43360,44493
43360,44494
43360,44495
43361,44496
43361,44497
43361,44498
43362,44499
43362,44500
43362,44501
43363,44502
43363,44503
43363,44504
43363,44505
43364,44506
43364,44507
43364,44508
43364,44509
43365,44510
43365,44511
43365,44512
43365,44513
43366,44514
43366,44515
43366,44516
43366,44517
43367,44518
43367,44519
43367,44520
43368,44521
43368,44522
43368,44523
43368,44524
43369,44525
43369,44526
43369,44527
43369,44528
43370,44529
43370,44530
43370,44531
43371,44532
43371,44533
43371,44534
43372,44535
43372,44536
43372,44537
43372,44538
43373,44539
43373,44540
43373,44541
43374,44542
43374,44543
43374,44544
43374,44545
43375,44546
43375,44547
43375,44548
43375,44549
43376,44550
43376,44551
43376,44552
43376,44553
43377,44554
43377,44555
43377,44556
43378,44557
43378,44558
43378,44559
43379,44560
43379,44561
43379,44562
43379,44563
43380,44564
43380,44565
43380,44566
43380,44567
43381,44568
43381,44569
43381,44570
43381,44571
43382,44572
43382,44573
43382,44574
43383,44575
43383,44576
43383,44577
43383,44578
43885,44586
43885,44587
43885,44588
43886,44589
43886,44590
43886,44591
43886,44592
43887,44593
43887,44594
43887,44595
43888,44596
43888,44597
43888,44598
43888,44599
43889,44600
43889,44601
43889,44602
43890,44603
43890,44604
43890,44605
43890,44606
43891,44607
43891,44608
43891,44609
43891,44610
43892,44611
43892,44612
43892,44613
43892,44614
43893,44615
43893,44616
43893,44617
43894,44618
43894,44619
43894,44620
43894,44621
43895,44622
43895,44623
43895,44624
43896,44625
43896,44626
43896,44627
43897,44628
43897,44629
43897,44630
43897,44631
43898,44632
43898,44633
43898,44634
43899,44635
43899,44636
43899,44637
43900,44638
43900,44639
43900,44640
43901,44641
43901,44642
43901,44643
43901,44644
43902,44645
43902,44646
43902,44647
43903,44648
43903,44649
43903,44650
43903,44651
43904,44652
43904,44653
43904,44654
43905,44655
43905,44656
43905,44657
43905,44658
43906,44659
43906,44660
43906,44661
43906,44662
43907,44663
43907,44664
43907,44665
43908,44666
43908,44667
43908,44668
43908,44669
43909,44670
43909,44671
43909,44672
43909,44673
43910,44674
43910,44675
43910,44676
43910,44677
43911,44678
43911,44679
43911,44680
43911,44681
43912,44682
43912,44683
43912,44684
43912,44685
43913,44686
43913,44687
43913,44688
43914,44689
43914,44690
43914,44691
43915,44692
43915,44693
43915,44694
43916,44695
43916,44696
43916,44697
43916,44698
43917,44699
43917,44700
43917,44701
43918,44702
43918,44703
43918,44704
43918,44705
43919,44706
43919,44707
43919,44708
43920,44709
43920,44710
43920,44711
43920,44712
43921,44713
43921,44714
43921,44715
43922,44716
43922,44717
43922,44718
43922,44719
43923,44720
43923,44721
43923,44722
43924,44723
43924,44724
43924,44725
43924,44726
43925,44727
43925,44728
43925,44729
43925,44730
43926,44731
43926,44732
43926,44733
43926,44734
43927,44735
43927,44736
43927,44737
43927,44738
43928,44739
43928,44740
43928,44741
43929,44742
43929,44743
43929,44744
43929,44745
43930,44746
43930,44747
43930,44748
43931,44749
43931,44750
43931,44751
43931,44752
43932,44753
43932,44754
43932,44755
43932,44756
43933,44757
43933,44758
43933,44759
43933,44760
43934,44761
43934,44762
43934,44763
43934,44764
43935,44765
43935,44766
43935,44767
43936,44768
43936,44769
43936,44770
43937,44771
43937,44772
43937,44773
43937,44774
43938,44775
43938,44776
43938,44777
43939,44778
43939,44779
43939,44780
43939,44781
43940,44782
43940,44783
43940,44784
43940,44785
43941,44786
43941,44787
43941,44788
43942,44789
43942,44790
43942,44791
43943,44792
43943,44793
43943,44794
43944,44795
43944,44796
43944,44797
43945,44798
43945,44799
43945,44800
43946,44801
43946,44802
43946,44803
43946,44804
43947,44805
43947,44806
43947,44807
43947,44808
43948,44809
43948,44810
43948,44811
43948,44812
43949,44813
43949,44814
43949,44815
43950,44816
43950,44817
43950,44818
43950,44819
43951,44820
43951,44821
43951,44822
43952,44823
43952,44824
43952,44825
43952,44826
43953,44827
43953,44828
43953,44829
43953,44830
43954,44831
43954,44832
43954,44833
43955,44834
43955,44835
43955,44836
43955,44837
43956,44838
43956,44839
43956,44840
43957,44841
43957,44842
43957,44843
43957,44844
43958,44845
43958,44846
43958,44847
43958,44848
43959,44849
43959,44850
43959,44851
43960,44852
43960,44853
43960,44854
43960,44855
43961,44856
43961,44857
43961,44858
43962,44859
43962,44860
43962,44861
43962,44862
43963,44863
43963,44864
43963,44865
43964,44866
43964,44867
43964,44868
43965,44869
43965,44870
43965,44871
43966,44872
43966,44873
43966,44874
43966,44875
43967,44876
43967,44877
43967,44878
43968,44879
43968,44880
43968,44881
43969,44882
43969,44883
43969,44884
43970,44885
43970,44886
43970,44887
43971,44888
43971,44889
43971,44890
43971,44891
43972,44892
43972,44893
43972,44894
43973,44895
43973,44896
43973,44897
43974,44898
43974,44899
43974,44900
43974,44901
43975,44902
43975,44903
43975,44904
43975,44905
43976,44906
43976,44907
43976,44908
43976,44909
43977,44910
43977,44911
43977,44912
43977,44913
43978,44914
43978,44915
43978,44916
43978,44917
43979,44918
43979,44919
43979,44920
43979,44921
43980,44922
43980,44923
43980,44924
43980,44925
43981,44926
43981,44927
43981,44928
43981,44929
43982,44930
43982,44931
43982,44932
43983,44933
43983,44934
43983,44935
43984,44936
43984,44937
43984,44938
43985,44939
43985,44940
43985,44941
43986,44942
43986,44943
43986,44944
43986,44945
43987,44946
43987,44947
43987,44948
43987,44949
43988,44950
43988,44951
43988,44952
43988,44953
43989,44954
43989,44955
43989,44956
43990,44957
43990,44958
43990,44959
43991,44960
43991,44961
43991,44962
43992,44963
43992,44964
43992,44965
43993,44966
43993,44967
43993,44968
43993,44969
43994,44970
43994,44971
43994,44972
43995,44973
43995,44974
43995,44975
43996,44976
43996,44977
43996,44978
43996,44979
43997,44980
43997,44981
43997,44982
43997,44983
43998,44984
43998,44985
43998,44986
43998,44987
43999,44988
43999,44989
43999,44990
44000,44991
44000,44992
44000,44993
44001,44994
44001,44995
44001,44996
44002,44997
44002,44998
44002,44999
44003,45000
44003,45001
44003,45002
44004,45003
44004,45004
44004,45005
44005,45006
44005,45007
44005,45008
44006,45009
44006,45010
44006,45011
44006,45012
44007,45013
44007,45014
44007,45015
44007,45016
44008,44579
44008,44580
44008,44581
44009,45017
44009,45018
44009,45019
44009,45020
44010,45021
44010,45022
44010,45023
44010,45024
44011,45025
44011,45026
44011,45027
44012,45028
44012,45029
44012,45030
44013,45031
44013,45032
44013,45033
44013,45034
44014,45035
44014,45036
44014,45037
44014,45038
44015,45039
44015,45040
44015,45041
44016,45042
44016,45043
44016,45044
44017,45045
44017,45046
44017,45047
44018,45048
44018,45049
44018,45050
44019,45051
44019,45052
44019,45053
44019,45054
44020,45055
44020,45056
44020,45057
44021,45058
44021,45059
44021,45060
44021,45061
44022,45062
44022,45063
44022,45064
44023,45065
44023,45066
44023,45067
44024,45068
44024,45069
44024,45070
44024,45071
44025,45072
44025,45073
44025,45074
44026,45075
44026,45076
44026,45077
44026,45078
44027,45079
44027,45080
44027,45081
44028,45082
44028,45083
44028,45084
44028,45085
44029,45086
44029,45087
44029,45088
44030,45089
44030,45090
44030,45091
44030,45092
44031,45093
44031,45094
44031,45095
44032,45096
44032,45097
44032,45098
44032,45099
44033,45100
44033,45101
44033,45102
44034,45103
44034,45104
44034,45105
44034,45106
44035,45107
44035,45108
44035,45109
44036,45110
44036,45111
44036,45112
44036,45113
44037,45114
44037,45115
44037,45116
44038,45117
44038,45118
44038,45119
44038,45120
44039,45121
44039,45122
44039,45123
44039,45124
44040,45125
44040,45126
44040,45127
44040,45128
44041,45129
44041,45130
44041,45131
44042,45132
44042,45133
44042,45134
44042,45135
44043,45136
44043,45137
44043,45138
44044,45139
44044,45140
44044,45141
44044,45142
44045,45143
44045,45144
44045,45145
44046,45146
44046,45147
44046,45148
44046,45149
44047,45150
44047,45151
44047,45152
44047,45153
44048,45154
44048,45155
44048,45156
44049,45157
44049,45158
44049,45159
44050,45160
44050,45161
44050,45162
44050,45163
44051,45164
44051,45165
44051,45166
44051,45167
44052,45168
44052,45169
44052,45170
44053,45171
44053,45172
44053,45173
44054,45174
44054,45175
44054,45176
44054,45177
44055,45178
44055,45179
44055,45180
44055,45181
44056,45182
44056,45183
44056,45184
44056,45185
44057,45186
44057,45187
44057,45188
44057,45189
44058,45190
44058,45191
44058,45192
44059,45193
44059,45194
44059,45195
44059,45196
44060,45197
44060,45198
44060,45199
44060,45200
44061,45201
44061,45202
44061,45203
44061,45204
44062,45205
44062,45206
44062,45207
44062,45208
44063,45209
44063,45210
44063,45211
44064,45212
44064,45213
44064,45214
44065,45215
44065,45216
44065,45217
44066,45218
44066,45219
44066,45220
44066,45221
44067,45222
44067,45223
44067,45224
44067,45225
44068,45226
44068,45227
44068,45228
44069,45229
44069,45230
44069,45231
44070,45232
44070,45233
44070,45234
44070,45235
44071,45236
44071,45237
44071,45238
44071,45239
44072,45240
44072,45241
44072,45242
44072,45243
44073,45244
44073,45245
44073,45246
44073,45247
44074,45248
44074,45249
44074,45250
44075,45251
44075,45252
44075,45253
44075,45254
44076,45255
44076,45256
44076,45257
44077,45258
44077,45259
44077,45260
44078,45261
44078,45262
44078,45263
44079,45264
44079,45265
44079,45266
44080,45267
44080,45268
44080,45269
44081,45270
44081,45271
44081,45272
44082,45273
44082,45274
44082,45275
44083,45276
44083,45277
44083,45278
44084,45279
44084,45280
44084,45281
44219,44582
44219,44583
44219,44584
44219,44585
44579,45282
44579,45283
44579,45284
44580,45285
44580,45286
44580,45287
44581,45288
44581,45289
44582,45290
44582,45291
44582,45292
44583,45293
44583,45294
44583,45295
44584,45296
44584,45297
44584,45298
44584,45299
44585,45300
44585,45301
44585,45302
44585,45303
44586,45304
44586,45305
44586,45306
44587,45307
44587,45308
44587,45309
44587,45310
44588,45311
44588,45312
44588,45313
44588,45314
44589,45315
44589,45316
44589,45317
44590,45318
44590,45319
44590,45320
44590,45321
44591,45322
44591,45323
44591,45324
44591,45325
44592,45326
44592,45327
44592,45328
44592,45329
44593,45330
44593,45331
44593,45332
44594,45333
44594,45334
44594,45335
44595,45336
44595,45337
44595,45338
44595,45339
44596,45340
44596,45341
44596,45342
44596,45343
44597,45344
44597,45345
44597,45346
44598,45347
44598,45348
44598,45349
44598,45350
44599,45351
44599,45352
44599,45353
44600,45354
44600,45355
44600,45356
44601,45357
44601,45358
44601,45359
44601,45360
44602,45361
44602,45362
44602,45363
44602,45364
44603,45365
44603,45366
44603,45367
44603,45368
44604,45369
44604,45370
44604,45371
44604,45372
44605,45373
44605,45374
44605,45375
44606,45376
44606,45377
44606,45378
44606,45379
44607,45380
44607,45381
44607,45382
44607,45383
44608,45384
44608,45385
44608,45386
44609,45387
44609,45388
44609,45389
44609,45390
44610,45391
44610,45392
44610,45393
44610,45394
44611,45395
44611,45396
44611,45397
44611,45398
44612,45399
44612,45400
44612,45401
44612,45402
44613,45403
44613,45404
44613,45405
44614,45406
44614,45407
44614,45408
44615,45409
44615,45410
44615,45411
44615,45412
44616,45413
44616,45414
44616,45415
44617,45416
44617,45417
44617,45418
44617,45419
44618,45420
44618,45421
44618,45422
44619,45423
44619,45424
44619,45425
44619,45426
44620,45427
44620,45428
44620,45429
44621,45430
44621,45431
44621,45432
44622,45433
44622,45434
44622,45435
44623,45436
44623,45437
44623,45438
44623,45439
44624,45440
44624,45441
44624,45442
44625,45443
44625,45444
44625,45445
44626,45446
44626,45447
44626,45448
44626,45449
44627,45450
44627,45451
44627,45452
44628,45453
44628,45454
44628,45455
44629,45456
44629,45457
44629,45458
44630,45459
44630,45460
44630,45461
44630,45462
44631,45463
44631,45464
44631,45465
44632,45466
44632,45467
44632,45468
44633,45469
44633,45470
44633,45471
44634,45472
44634,45473
44634,45474
44635,45475
44635,45476
44635,45477
44636,45478
44636,45479
44636,45480
44636,45481
44637,45482
44637,45483
44637,45484
44638,45485
44638,45486
44638,45487
44638,45488
44639,45489
44639,45490
44639,45491
44639,45492
44640,45493
44640,45494
44640,45495
44641,45496
44641,45497
44641,45498
44642,45499
44642,45500
44642,45501
44643,45502
44643,45503
44643,45504
44643,45505
44644,45506
44644,45507
44644,45508
44645,45509
44645,45510
44645,45511
44645,45512
44646,45513
44646,45514
44646,45515
44646,45516
44647,45517
44647,45518
44647,45519
44647,45520
44648,45521
44648,45522
44648,45523
44649,45524
44649,45525
44649,45526
44649,45527
44650,45528
44650,45529
44650,45530
44650,45531
44651,45532
44651,45533
44651,45534
44652,45535
44652,45536
44652,45537
44652,45538
44653,45539
44653,45540
44653,45541
44653,45542
44654,45543
44654,45544
44654,45545
44654,45546
44655,45547
44655,45548
44655,45549
44656,45550
44656,45551
44656,45552
44657,45553
44657,45554
44657,45555
44657,45556
44658,45557
44658,45558
44658,45559
44659,45560
44659,45561
44659,45562
44660,45563
44660,45564
44660,45565
44661,45566
44661,45567
44661,45568
44662,45569
44662,45570
44662,45571
44663,45572
44663,45573
44663,45574
44663,45575
44664,45576
44664,45577
44664,45578
44665,45579
44665,45580
44665,45581
44666,45582
44666,45583
44666,45584
44666,45585
44667,45586
44667,45587
44667,45588
44667,45589
44668,45590
44668,45591
44668,45592
44669,45593
44669,45594
44669,45595
44669,45596
44670,45597
44670,45598
44670,45599
44671,45600
44671,45601
44671,45602
44671,45603
44672,45604
44672,45605
44672,45606
44672,45607
44673,45608
44673,45609
44673,45610
44673,45611
44674,45612
44674,45613
44674,45614
44675,45615
44675,45616
44675,45617
44675,45618
44676,45619
44676,45620
44676,45621
44677,45622
44677,45623
44677,45624
44678,45625
44678,45626
44678,45627
44679,45628
44679,45629
44679,45630
44680,45631
44680,45632
44680,45633
44680,45634
44681,45635
44681,45636
44681,45637
44682,45638
44682,45639
44682,45640
44683,45641
44683,45642
44683,45643
44684,45644
44684,45645
44684,45646
44684,45647
44685,45648
44685,45649
44685,45650
44685,45651
44686,45652
44686,45653
44686,45654
44687,45655
44687,45656
44687,45657
44688,45658
44688,45659
44688,45660
44689,45661
44689,45662
44689,45663
44690,45664
44690,45665
44690,45666
44691,45667
44691,45668
44691,45669
44692,45670
44692,45671
44692,45672
44692,45673
44693,45674
44693,45675
44693,45676
44693,45677
44694,45678
44694,45679
44694,45680
44694,45681
44695,45682
44695,45683
44695,45684
44696,45685
44696,45686
44696,45687
44696,45688
44697,45689
44697,45690
44697,45691
44697,45692
44698,45693
44698,45694
44698,45695
44698,45696
44699,45697
44699,45698
44699,45699
44700,45700
44700,45701
44700,45702
44701,45703
44701,45704
44701,45705
44702,45706
44702,45707
44702,45708
44703,45709
44703,45710
44703,45711
44704,45712
44704,45713
44704,45714
44705,45715
44705,45716
44705,45717
44705,45718
44706,45719
44706,45720
44706,45721
44706,45722
44707,45723
44707,45724
44707,45725
44707,45726
44708,45727
44708,45728
44708,45729
44708,45730
44709,45731
44709,45732
44709,45733
44710,45734
44710,45735
44710,45736
44710,45737
44711,45738
44711,45739
44711,45740
44712,45741
44712,45742
44712,45743
44713,45744
44713,45745
44713,45746
44713,45747
44714,45748
44714,45749
44714,45750
44715,45751
44715,45752
44715,45753
44715,45754
44716,45755
44716,45756
44716,45757
44716,45758
44717,45759
44717,45760
44717,45761
44717,45762
44718,45763
44718,45764
44718,45765
44718,45766
44719,45767
44719,45768
44719,45769
44719,45770
44720,45771
44720,45772
44720,45773
44721,45774
44721,45775
44721,45776
44721,45777
44722,45778
44722,45779
44722,45780
44722,45781
44723,45782
44723,45783
44723,45784
44724,45785
44724,45786
44724,45787
44724,45788
44725,45789
44725,45790
44725,45791
44725,45792
44726,45793
44726,45794
44726,45795
44727,45796
44727,45797
44727,45798
44727,45799
44728,45800
44728,45801
44728,45802
44729,45803
44729,45804
44729,45805
44730,45806
44730,45807
44730,45808
44731,45809
44731,45810
44731,45811
44732,45812
44732,45813
44732,45814
44733,45815
44733,45816
44733,45817
44734,45818
44734,45819
44734,45820
44735,45821
44735,45822
44735,45823
44735,45824
44736,45825
44736,45826
44736,45827
44737,45828
44737,45829
44737,45830
44737,45831
44738,45832
44738,45833
44738,45834
44738,45835
44739,45836
44739,45837
44739,45838
44739,45839
44740,45840
44740,45841
44740,45842
44740,45843
44741,45844
44741,45845
44741,45846
44741,45847
44742,45848
44742,45849
44742,45850
44743,45851
44743,45852
44743,45853
44743,45854
44744,45855
44744,45856
44744,45857
44744,45858
44745,45859
44745,45860
44745,45861
44746,45862
44746,45863
44746,45864
44747,45865
44747,45866
44747,45867
44748,45868
44748,45869
44748,45870
44748,45871
44749,45872
44749,45873
44749,45874
44750,45875
44750,45876
44750,45877
44751,45878
44751,45879
44751,45880
44752,45881
44752,45882
44752,45883
44752,45884
44753,45885
44753,45886
44753,45887
44753,45888
44754,45889
44754,45890
44754,45891
44755,45892
44755,45893
44755,45894
44756,45895
44756,45896
44756,45897
44756,45898
44757,45899
44757,45900
44757,45901
44757,45902
44758,45903
44758,45904
44758,45905
44759,45906
44759,45907
44759,45908
44760,45909
44760,45910
44760,45911
44760,45912
44761,45913
44761,45914
44761,45915
44762,45916
44762,45917
44762,45918
44763,45919
44763,45920
44763,45921
44763,45922
44764,45923
44764,45924
44764,45925
44765,45926
44765,45927
44765,45928
44765,45929
44766,45930
44766,45931
44766,45932
44766,45933
44767,45934
44767,45935
44767,45936
44767,45937
44768,45938
44768,45939
44768,45940
44768,45941
44769,45942
44769,45943
44769,45944
44769,45945
44770,45946
44770,45947
44770,45948
44770,45949
44771,45950
44771,45951
44771,45952
44772,45953
44772,45954
44772,45955
44773,45956
44773,45957
44773,45958
44773,45959
44774,45960
44774,45961
44774,45962
44774,45963
44775,45964
44775,45965
44775,45966
44776,45967
44776,45968
44776,45969
44776,45970
44777,45971
44777,45972
44777,45973
44778,45974
44778,45975
44778,45976
44778,45977
44779,45978
44779,45979
44779,45980
45282,45985
45282,45986
45282,45987
45282,45988
45283,45989
45283,45990
45283,45991
45284,45992
45284,45993
45284,45994
45285,45995
45285,45996
45285,45997
45285,45998
45286,45999
45286,46000
45286,46001
45286,46002
45287,46003
45287,46004
45287,46005
45288,45981
45288,45982
45288,45983
45288,45984
45289,46006
45289,46007
45289,46008
45289,46009
45290,46010
45290,46011
45290,46012
45290,46013
45291,46014
45291,46015
45291,46016
45291,46017
45292,46018
45292,46019
45292,46020
45293,46021
45293,46022
45293,46023
45293,46024
45294,46025
45294,46026
45294,46027
45295,46028
45295,46029
45295,46030
45296,46031
45296,46032
45296,46033
45296,46034
45297,46035
45297,46036
45297,46037
45297,46038
45298,46039
45298,46040
45298,46041
45299,46042
45299,46043
45299,46044
45300,46045
45300,46046
45300,46047
45300,46048
45301,46049
45301,46050
45301,46051
45301,46052
45302,46053
45302,46054
45302,46055
45302,46056
45303,46057
45303,46058
45303,46059
45304,46060
45304,46061
45304,46062
45305,46063
45305,46064
45305,46065
45306,46066
45306,46067
45306,46068
45307,46069
45307,46070
45307,46071
45307,46072
45308,46073
45308,46074
45308,46075
45308,46076
45309,46077
45309,46078
45309,46079
45309,46080
45310,46081
45310,46082
45310,46083
45311,46084
45311,46085
45311,46086
45312,46087
45312,46088
45312,46089
45312,46090
45313,46091
45313,46092
45313,46093
45314,46094
45314,46095
45314,46096
45315,46097
45315,46098
45315,46099
45316,46100
45316,46101
45316,46102
45316,46103
45317,46104
45317,46105
45317,46106
45318,46107
45318,46108
45318,46109
45319,46110
45319,46111
45319,46112
45320,46113
45320,46114
45320,46115
45320,46116
45321,46117
45321,46118
45321,46119
45322,46120
45322,46121
45322,46122
45322,46123
45323,46124
45323,46125
45323,46126
45324,46127
45324,46128
45324,46129
45325,46130
45325,46131
45325,46132
45325,46133
45326,46134
45326,46135
45326,46136
45326,46137
45327,46138
45327,46139
45327,46140
45327,46141
45328,46142
45328,46143
45328,46144
45328,46145
45329,46146
45329,46147
45329,46148
45330,46149
45330,46150
45330,46151
45331,46152
45331,46153
45331,46154
45332,46155
45332,46156
45332,46157
45333,46158
45333,46159
45333,46160
45334,46161
45334,46162
45334,46163
45334,46164
45335,46165
45335,46166
45335,46167
45335,46168
45336,46169
45336,46170
45336,46171
45337,46172
45337,46173
45337,46174
45338,46175
45338,46176
45338,46177
45338,46178
45339,46179
45339,46180
45339,46181
45339,46182
45340,46183
45340,46184
45340,46185
45340,46186
45341,46187
45341,46188
45341,46189
45342,46190
45342,46191
45342,46192
45343,46193
45343,46194
45343,46195
45343,46196
45344,46197
45344,46198
45344,46199
45344,46200
45345,46201
45345,46202
45345,46203
45345,46204
45346,46205
45346,46206
45346,46207
45347,46208
45347,46209
45347,46210
45347,46211
45348,46212
45348,46213
45348,46214
45348,46215
45349,46216
45349,46217
45349,46218
45350,46219
45350,46220
45350,46221
45351,46222
45351,46223
45351,46224
45351,46225
45352,46226
45352,46227
45352,46228
45353,46229
45353,46230
45353,46231
45354,46232
45354,46233
45354,46234
45355,46235
45355,46236
45355,46237
45355,46238
45356,46239
45356,46240
45356,46241
45356,46242
45357,46243
45357,46244
45357,46245
45357,46246
45358,46247
45358,46248
45358,46249
45358,46250
45359,46251
45359,46252
45359,46253
45360,46254
45360,46255
45360,46256
45360,46257
45361,46258
45361,46259
45361,46260
45361,46261
45362,46262
45362,46263
45362,46264
45362,46265
45363,46266
45363,46267
45363,46268
45364,46269
45364,46270
45364,46271
45365,46272
45365,46273
45365,46274
45365,46275
45366,46276
45366,46277
45366,46278
45367,46279
45367,46280
45367,46281
45368,46282
45368,46283
45368,46284
45368,46285
45369,46286
45369,46287
45369,46288
45369,46289
45370,46290
45370,46291
45370,46292
45370,46293
45371,46294
45371,46295
45371,46296
45371,46297
45372,46298
45372,46299
45372,46300
45372,46301
45373,46302
45373,46303
45373,46304
45374,46305
45374,46306
45374,46307
45374,46308
45375,46309
45375,46310
45375,46311
45375,46312
45376,46313
45376,46314
45376,46315
45377,46316
45377,46317
45377,46318
45378,46319
45378,46320
45378,46321
45379,46322
45379,46323
45379,46324
45380,46325
45380,46326
45380,46327
45380,46328
45381,46329
45381,46330
45381,46331
45381,46332
45382,46333
45382,46334
45382,46335
45383,46336
45383,46337
45383,46338
45383,46339
45384,46340
45384,46341
45384,46342
45384,46343
45385,46344
45385,46345
45385,46346
45386,46347
45386,46348
45386,46349
45387,46350
45387,46351
45387,46352
45388,46353
45388,46354
45388,46355
45389,46356
45389,46357
45389,46358
45389,46359
45390,46360
45390,46361
45390,46362
45390,46363
45391,46364
45391,46365
45391,46366
45391,46367
45392,46368
45392,46369
45392,46370
45393,46371
45393,46372
45393,46373
45393,46374
45394,46375
45394,46376
45394,46377
45395,46378
45395,46379
45395,46380
45396,46381
45396,46382
45396,46383
45397,46384
45397,46385
45397,46386
45398,46387
45398,46388
45398,46389
45398,46390
45399,46391
45399,46392
45399,46393
45400,46394
45400,46395
45400,46396
45400,46397
45401,46398
45401,46399
45401,46400
45401,46401
45402,46402
45402,46403
45402,46404
45402,46405
45403,46406
45403,46407
45403,46408
45404,46409
45404,46410
45404,46411
45404,46412
45405,46413
45405,46414
45405,46415
45406,46416
45406,46417
45406,46418
45407,46419
45407,46420
45407,46421
45407,46422
45408,46423
45408,46424
45408,46425
45409,46426
45409,46427
45409,46428
45409,46429
45410,46430
45410,46431
45410,46432
45411,46433
45411,46434
45411,46435
45412,46436
45412,46437
45412,46438
45412,46439
45413,46440
45413,46441
45413,46442
45414,46443
45414,46444
45414,46445
45415,46446
45415,46447
45415,46448
45415,46449
45416,46450
45416,46451
45416,46452
45416,46453
45417,46454
45417,46455
45417,46456
45417,46457
45418,46458
45418,46459
45418,46460
45418,46461
45419,46462
45419,46463
45419,46464
45420,46465
45420,46466
45420,46467
45420,46468
45421,46469
45421,46470
45421,46471
45422,46472
45422,46473
45422,46474
45423,46475
45423,46476
45423,46477
45424,46478
45424,46479
45424,46480
45424,46481
45425,46482
45425,46483
45425,46484
45425,46485
45426,46486
45426,46487
45426,46488
45427,46489
45427,46490
45427,46491
45428,46492
45428,46493
45428,46494
45429,46495
45429,46496
45429,46497
45430,46498
45430,46499
45430,46500
45430,46501
45431,46502
45431,46503
45431,46504
45432,46505
45432,46506
45432,46507
45433,46508
45433,46509
45433,46510
45433,46511
45434,46512
45434,46513
45434,46514
45435,46515
45435,46516
45435,46517
45436,46518
45436,46519
45436,46520
45437,46521
45437,46522
45437,46523
45438,46524
45438,46525
45438,46526
45438,46527
45439,46528
45439,46529
45439,46530
45439,46531
45440,46532
45440,46533
45440,46534
45440,46535
45441,46536
45441,46537
45441,46538
45441,46539
45442,46540
45442,46541
45442,46542
45442,46543
45443,46544
45443,46545
45443,46546
45443,46547
45444,46548
45444,46549
45444,46550
45444,46551
45445,46552
45445,46553
45445,46554
45445,46555
45446,46556
45446,46557
45446,46558
45447,46559
45447,46560
45447,46561
45448,46562
45448,46563
45448,46564
45449,46565
45449,46566
45449,46567
45450,46568
45450,46569
45450,46570
45450,46571
45451,46572
45451,46573
45451,46574
45451,46575
45452,46576
45452,46577
45452,46578
45452,46579
45453,46580
45453,46581
45453,46582
45453,46583
45454,46584
45454,46585
45454,46586
45454,46587
45455,46588
45455,46589
45455,46590
45455,46591
45456,46592
45456,46593
45456,46594
45456,46595
45457,46596
45457,46597
45457,46598
45457,46599
45458,46600
45458,46601
45458,46602
45459,46603
45459,46604
45459,46605
45459,46606
45460,46607
45460,46608
45460,46609
45460,46610
45461,46611
45461,46263
45461,46612
45461,46613
45462,46614
45462,46615
45462,46616
45462,46617
45463,46618
45463,46619
45463,46620
45463,46621
45464,46622
45464,46623
45464,46624
45465,46625
45465,46626
45465,46627
45465,46628
45466,46629
45466,46630
45466,46631
45466,46632
45467,46633
45467,46634
45467,46635
45467,46636
45468,46637
45468,46638
45468,46639
45469,46640
45469,46641
45469,46642
45469,46643
45470,46644
45470,46645
45470,46646
45470,46647
45471,46648
45471,46649
45471,46650
45472,46651
45472,46652
45472,46653
45472,46654
45473,46655
45473,46656
45473,46657
45473,46658
45474,46659
45474,46660
45474,46661
45475,46662
45475,46663
45475,46664
45475,46665
45476,46666
45476,46667
45476,46668
45476,46669
45477,46670
45477,46671
45477,46672
45478,46673
45478,46674
45478,46675
45478,46676
45479,46677
45479,46678
45479,46679
45480,46680
45480,46681
45480,46682
45480,46683
45481,46684
45481,46685
45481,46686
45481,46687
45482,46688
45482,46689
45482,46690
45981,46698
45981,46699
45981,46700
45981,46701
45982,46702
45982,46703
45982,46704
45982,46705
45983,46706
45983,46707
45983,46708
45984,46709
45984,46710
45984,46711
45984,46712
45985,46713
45985,46714
45985,46715
45985,46716
45986,46717
45986,46718
45986,46719
45986,46720
45987,46721
45987,46722
45987,46723
45987,46724
45988,46725
45988,46726
45988,46727
45988,46728
45989,46729
45989,46730
45989,46731
45990,46732
45990,46733
45990,46734
45991,46735
45991,46736
45991,46737
45992,46738
45992,46739
45992,46740
45992,46741
45993,46742
45993,46743
45993,46744
45993,46745
45994,46746
45994,46747
45994,46748
45994,46749
45995,46750
45995,46751
45995,46752
45995,46753
45996,46754
45996,46755
45996,46756
45997,46757
45997,46758
45997,46759
45997,46760
45998,46761
45998,46762
45998,46763
45998,46764
45999,46765
45999,46766
45999,46767
45999,46768
46000,46769
46000,46770
46000,46771
46001,46772
46001,46773
46001,46774
46001,46775
46002,46776
46002,46777
46002,46778
46003,46779
46003,46780
46003,46781
46004,46782
46004,46783
46004,46784
46005,46785
46005,46786
46005,46787
46005,46788
46006,46789
46006,46790
46006,46791
46007,46792
46007,46793
46007,46794
46007,46795
46008,46796
46008,46797
46008,46798
46009,46799
46009,46800
46009,46801
46009,46802
46010,46803
46010,46804
46010,46805
46010,46806
46011,46807
46011,46808
46011,46809
46011,46810
46012,46811
46012,46812
46012,46813
46013,46814
46013,46815
46013,46816
46014,46817
46014,46818
46014,46819
46014,46820
46015,46821
46015,46822
46015,46823
46015,46824
46016,46825
46016,46826
46016,46827
46017,46828
46017,46829
46017,46830
46017,46831
46018,46832
46018,46833
46018,46834
46018,46835
46019,46836
46019,46837
46019,46838
46020,46839
46020,46840
46020,46841
46020,46842
46021,46843
46021,46844
46021,46845
46021,46846
46022,46847
46022,46848
46022,46849
46023,46850
46023,46851
46023,46852
46024,46853
46024,46854
46024,46855
46024,46856
46025,46857
46025,46858
46025,46859
46026,46860
46026,46861
46026,46862
46027,46863
46027,46864
46027,46865
46028,46866
46028,46867
46028,46868
46028,46869
46029,46870
46029,46871
46029,46872
46030,46873
46030,46874
46030,46875
46030,46876
46031,46877
46031,46878
46031,46879
46032,46880
46032,46881
46032,46882
46033,46883
46033,46884
46033,46885
46034,46886
46034,46887
46034,46888
46035,46889
46035,46890
46035,46891
46036,46892
46036,46893
46036,46894
46037,46895
46037,46896
46037,46897
46037,46898
46038,46899
46038,46900
46038,46901
46038,46902
46039,46903
46039,46904
46039,46905
46039,46906
46040,46907
46040,46908
46040,46909
46041,46910
46041,46911
46041,46912
46042,46913
46042,46914
46042,46915
46043,46916
46043,46917
46043,46918
46044,46919
46044,46920
46044,46921
46045,46922
46045,46923
46045,46924
46046,46925
46046,46926
46046,46927
46047,46928
46047,46929
46047,46930
46048,46931
46048,46932
46048,46933
46048,46934
46049,46935
46049,46936
46049,46937
46050,46938
46050,46939
46050,46940
46051,46941
46051,46942
46051,46943
46051,46944
46052,46945
46052,46946
46052,46947
46053,46948
46053,46949
46053,46950
46054,46951
46054,46952
46054,46953
46054,46954
46055,46955
46055,46956
46055,46957
46056,46958
46056,46959
46056,46960
46056,46961
46057,46962
46057,46963
46057,46964
46058,46965
46058,46966
46058,46967
46059,46968
46059,46969
46059,46970
46059,46971
46060,46972
46060,46973
46060,46974
46060,46975
46061,46976
46061,46977
46061,46978
46061,46979
46062,46980
46062,46981
46062,46982
46062,46983
46063,46984
46063,46985
46063,46986
46064,46987
46064,46988
46064,46989
46064,46990
46065,46991
46065,46992
46065,46993
46066,46994
46066,46995
46066,46996
46067,46997
46067,46998
46067,46999
46067,47000
46068,47001
46068,47002
46068,47003
46069,47004
46069,47005
46069,47006
46069,47007
46070,47008
46070,47009
46070,47010
46071,47011
46071,47012
46071,47013
46072,47014
46072,47015
46072,47016
46073,47017
46073,47018
46073,47019
46073,47020
46074,47021
46074,47022
46074,47023
46074,47024
46075,47025
46075,47026
46075,47027
46075,47028
46076,47029
46076,47030
46076,47031
46077,47032
46077,47033
46077,47034
46077,47035
46078,47036
46078,47037
46078,47038
46079,47039
46079,47040
46079,47041
46079,47042
46080,47043
46080,47044
46080,47045
46081,47046
46081,47047
46081,47048
46081,47049
46082,47050
46082,47051
46082,47052
46083,47053
46083,47054
46083,47055
46083,47056
46084,47057
46084,47058
46084,47059
46085,47060
46085,47061
46085,47062
46085,47063
46086,47064
46086,47065
46086,47066
46086,47067
46087,47068
46087,47069
46087,47070
46087,47071
46088,47072
46088,47073
46088,47074
46089,47075
46089,47076
46089,47077
46089,47078
46090,47079
46090,47080
46090,47081
46091,47082
46091,47083
46091,47084
46091,47085
46092,47086
46092,47087
46092,47088
46092,47089
46093,47090
46093,47091
46093,47092
46094,47093
46094,47094
46094,47095
46095,47096
46095,47097
46096,47098
46096,47099
46096,47100
46096,47101
46097,47102
46097,47103
46097,47104
46097,47105
46098,47106
46098,47107
46098,47108
46099,47109
46099,47110
46099,47111
46100,47112
46100,47113
46100,47114
46101,47115
46101,47116
46101,47117
46101,47118
46102,47119
46102,47120
46102,47121
46102,47122
46103,47123
46103,47124
46103,47125
46104,47126
46104,47127
46104,47128
46104,47129
46105,47130
46105,47131
46105,47132
46106,47133
46106,47134
46106,47135
46106,47136
46107,47137
46107,47138
46107,47139
46108,47140
46108,47141
46108,47142
46109,47143
46109,47144
46109,47145
46110,47146
46110,47147
46110,47148
46111,47149
46111,47150
46111,47151
46112,47152
46112,47153
46112,47154
46112,47155
46113,47156
46113,47157
46113,47158
46113,47159
46114,47160
46114,47161
46114,47162
46115,47163
46115,47164
46115,47165
46116,47166
46116,47167
46116,47168
46117,47169
46117,47170
46117,47171
46118,47172
46118,47173
46118,47174
46119,47175
46119,47176
46119,47177
46120,47178
46120,47179
46120,47180
46120,47181
46121,47182
46121,47183
46121,47184
46121,47185
46122,47186
46122,47187
46122,47188
46122,47189
46123,47190
46123,47191
46123,47192
46123,47193
46124,47194
46124,47195
46124,47196
46124,47197
46125,47198
46125,47199
46125,47200
46125,47201
46126,47202
46126,47203
46126,47204
46126,47205
46127,47206
46127,47207
46127,47208
46127,47209
46128,47210
46128,47211
46128,47212
46129,47213
46129,47214
46129,47215
46129,47216
46130,47217
46130,47218
46130,47219
46130,47220
46131,47221
46131,47222
46131,47223
46132,47224
46132,47225
46132,47226
46133,47227
46133,47228
46133,47229
46134,47230
46134,47231
46134,47232
46135,47233
46135,47234
46135,47235
46136,47236
46136,47237
46136,47238
46137,47239
46137,47240
46137,47241
46137,47242
46138,47243
46138,47244
46138,47245
46139,47246
46139,47247
46139,47248
46139,47249
46140,47250
46140,47251
46140,47252
46140,47253
46141,47254
46141,47255
46141,47256
46142,47257
46142,47258
46142,47259
46143,47260
46143,47261
46143,47262
46144,47263
46144,47264
46144,47265
46145,47266
46145,47267
46145,47268
46146,47269
46146,47270
46146,47271
46146,47272
46147,47273
46147,47274
46147,47275
46148,47276
46148,47277
46148,47278
46149,47279
46149,47280
46149,47281
46150,47282
46150,47283
46150,47284
46150,47285
46151,47286
46151,47287
46151,47288
46152,47289
46152,47290
46152,47291
46152,47292
46153,47293
46153,47294
46153,47295
46154,47296
46154,47297
46154,47298
46154,47299
46155,47300
46155,47301
46155,47302
46156,47303
46156,47304
46156,47305
46157,47306
46157,47307
46157,47308
46157,47309
46158,47310
46158,47311
46158,47312
46158,47313
46159,47314
46159,47315
46159,47316
46159,47317
46160,47318
46160,47319
46160,47320
46160,47321
46161,47322
46161,47323
46161,47324
46162,47325
46162,47326
46162,47327
46163,47328
46163,47329
46163,47330
46164,47331
46164,47332
46164,47333
46164,47334
46165,47335
46165,47336
46165,47337
46166,47338
46166,47339
46166,47340
46167,47341
46167,47342
46167,47343
46167,47344
46168,47345
46168,47346
46168,47347
46169,47348
46169,47349
46169,47350
46170,47351
46170,47352
46170,47353
46170,47354
46171,47355
46171,47356
46171,47357
46172,47358
46172,47359
46172,47360
46173,47361
46173,47362
46173,47363
46174,47364
46174,47365
46174,47366
46175,47367
46175,47368
46175,47369
46176,47370
46176,47371
46176,47372
46177,47373
46177,47374
46177,47375
46177,47376
46178,47377
46178,47378
46178,47379
46179,47380
46179,47381
46179,47382
46263,46691
46263,46692
46263,46693
46263,46694
46441,46695
46441,46696
46441,46697
46691,47389
46691,47390
46691,47391
46692,47392
46692,47393
46692,47394
46693,47395
46693,47396
46693,47397
46694,47398
46694,47399
46694,47400
46695,47401
46695,47402
46695,47403
46695,47404
46696,47405
46696,47406
46696,47407
46696,47408
46697,47409
46697,47410
46697,47411
46697,47412
46698,47413
46698,47414
46698,47415
46699,47416
46699,47417
46699,47418
46699,47419
46700,47420
46700,47421
46700,47422
46701,47423
46701,47424
46701,47425
46702,47426
46702,47427
46702,47428
46703,47429
46703,47430
46703,47431
46703,47432
46704,47433
46704,47434
46704,47435
46704,47436
46705,47437
46705,47438
46705,47439
46706,47440
46706,47441
46706,47442
46707,47443
46707,47444
46707,47445
46708,47446
46708,47447
46708,47448
46708,47449
46709,47450
46709,47451
46709,47452
46710,47453
46710,47454
46710,47455
46711,47456
46711,47457
46711,47458
46712,47459
46712,47460
46712,47461
46713,47462
46713,47463
46713,47464
46714,47465
46714,47466
46714,47467
46714,47468
46715,47469
46715,47470
46715,47471
46715,47472
46716,47473
46716,47474
46716,47475
46717,47476
46717,47477
46717,47478
46718,47479
46718,47480
46718,47481
46718,47482
46719,47483
46719,47484
46719,47485
46720,47486
46720,47487
46720,47488
46720,47489
46721,47490
46721,47491
46721,47492
46722,47493
46722,47494
46722,47495
46722,47496
46723,47497
46723,47498
46723,47499
46723,47500
46724,47501
46724,47502
46724,47503
46725,47504
46725,47505
46725,47506
46725,47507
46726,47508
46726,47509
46726,47510
46726,47511
46727,47512
46727,47513
46727,47514
46728,47515
46728,47516
46728,47517
46728,47518
46729,47519
46729,47520
46729,47521
46729,47522
46730,47523
46730,47524
46730,47525
46730,47526
46731,47527
46731,47528
46731,47529
46731,47530
46732,47531
46732,47532
46732,47533
46733,47534
46733,47535
46733,47536
46734,47537
46734,47538
46734,47539
46735,47540
46735,47541
46735,47542
46735,47543
46736,47544
46736,47545
46736,47546
46736,47547
46737,47548
46737,47549
46737,47550
46738,47551
46738,47552
46738,47553
46739,47554
46739,47555
46739,47556
46739,47557
46740,47558
46740,47559
46740,47560
46740,47561
46741,47562
46741,47563
46741,47564
46741,47565
46742,47566
46742,47567
46742,47568
46742,47569
46743,47570
46743,47571
46743,47572
46744,47573
46744,47574
46744,47575
46745,47576
46745,47577
46745,47578
46746,47579
46746,47580
46746,47581
46746,47582
46747,47583
46747,47584
46747,47585
46748,47586
46748,47587
46748,47588
46748,47589
46749,47590
46749,47591
46749,47592
46750,47593
46750,47594
46750,47595
46751,47596
46751,47597
46751,47598
46751,47599
46752,47600
46752,47601
46752,47602
46753,47603
46753,47604
46753,47605
46754,47606
46754,47607
46754,47608
46755,47609
46755,47610
46755,47611
46755,47612
46756,47613
46756,47614
46756,47615
46756,47616
46757,47617
46757,47618
46757,47619
46758,47620
46758,47621
46758,47622
46758,47623
46759,47624
46759,47625
46759,47626
46760,47627
46760,47628
46760,47629
46760,47630
46761,47631
46761,47632
46761,47633
46761,47634
46762,47635
46762,47636
46762,47637
46762,47638
46763,47639
46763,47640
46763,47641
46764,47642
46764,47643
46764,47644
46765,47645
46765,47646
46765,47647
46765,47648
46766,47649
46766,47650
46766,47651
46766,47652
46767,47653
46767,47654
46767,47655
46767,47656
46768,47657
46768,47658
46768,47659
46769,47660
46769,47661
46769,47662
46770,47663
46770,47664
46770,47665
46770,47666
46771,47667
46771,47668
46771,47669
46771,47670
46772,47671
46772,47672
46772,47673
46772,47674
46773,47675
46773,47676
46773,47677
46774,47678
46774,47679
46774,47680
46775,47681
46775,47682
46775,47683
46776,47684
46776,47685
46776,47686
46776,47687
46777,47688
46777,47689
46777,47690
46778,47691
46778,47692
46778,47693
46778,47694
46779,47695
46779,47696
46779,47697
46780,47698
46780,47699
46780,47700
46780,47701
46781,47702
46781,47703
46781,47704
46781,47705
46782,47706
46782,47707
46782,47708
46782,47709
46783,47710
46783,47711
46783,47712
46783,47713
46784,47714
46784,47715
46784,47716
46785,47717
46785,47718
46785,47719
46785,47720
46786,47721
46786,47722
46786,47723
46786,47724
46787,47725
46787,47726
46787,47727
46787,47728
46788,47729
46788,47730
46788,47731
46789,47732
46789,47733
46789,47734
46789,47735
46790,47736
46790,47737
46790,47738
46790,47739
46791,47740
46791,47741
46791,47742
46791,47743
46792,47744
46792,47745
46792,47746
46793,47747
46793,47748
46793,47749
46794,47750
46794,47751
46794,47752
46795,47753
46795,47754
46795,47755
46795,47756
46796,47757
46796,47758
46796,47759
46797,47760
46797,47761
46797,47762
46797,47763
46798,47764
46798,47765
46798,47766
46798,47767
46799,47768
46799,47769
46799,47770
46799,47771
46800,47772
46800,47773
46800,47774
46801,47775
46801,47776
46801,47777
46801,47778
46802,47779
46802,47780
46802,47781
46803,47782
46803,47783
46803,47784
46803,47785
46804,47786
46804,47787
46804,47788
46805,47789
46805,47790
46805,47791
46805,47792
46806,47793
46806,47794
46806,47795
46806,47796
46807,47797
46807,47798
46807,47799
46807,47800
46808,47801
46808,47802
46808,47803
46808,47804
46809,47805
46809,47806
46809,47807
46810,47808
46810,47809
46810,47810
46810,47811
46811,47812
46811,47813
46811,47814
46811,47815
46812,47816
46812,47817
46812,47818
46812,47819
46813,47820
46813,47821
46813,47822
46814,47823
46814,47824
46814,47825
46815,47826
46815,47827
46815,47828
46815,47829
46816,47830
46816,47831
46816,47832
46817,47833
46817,47834
46817,47835
46817,47836
46818,47837
46818,47838
46818,47839
46818,47840
46819,47841
46819,47842
46819,47843
46820,47844
46820,47845
46820,47846
46820,47847
46821,47848
46821,47849
46821,47850
46821,47851
46822,47852
46822,47853
46822,47854
46822,47855
46823,47856
46823,47857
46823,47858
46823,47859
46824,47860
46824,47861
46824,47862
46825,47863
46825,47864
46825,47865
46825,47866
46826,47867
46826,47868
46826,47869
46827,47870
46827,47871
46827,47872
46827,47873
46828,47874
46828,47875
46828,47876
46829,47877
46829,47878
46829,47879
46830,47880
46830,47881
46830,47882
46830,47883
46831,47884
46831,47885
46831,47886
46831,47887
46832,47888
46832,47889
46832,47890
46833,47891
46833,47892
46833,47893
46834,47894
46834,47895
46834,47896
46834,47897
46835,47898
46835,47899
46835,47900
46836,47901
46836,47902
46836,47903
46836,47904
46837,47905
46837,47906
46837,47907
46837,47908
46838,47909
46838,47910
46838,47911
46838,47912
46839,47913
46839,47914
46839,47915
46840,47916
46840,47917
46840,47918
46840,47919
46841,47920
46841,47921
46841,47922
46842,47923
46842,47924
46842,47925
46842,47926
46843,47927
46843,47928
46843,47929
46843,47930
46844,47931
46844,47932
46844,47933
46844,47934
46845,47935
46845,47936
46845,47937
46846,47938
46846,47939
46846,47940
46846,47941
46847,47942
46847,47943
46847,47944
46848,47945
46848,47946
46848,47947
46848,47948
46849,47949
46849,47950
46849,47951
46850,47952
46850,47953
46850,47954
46851,47955
46851,47956
46851,47957
46852,47958
46852,47959
46852,47960
46852,47961
46853,47962
46853,47963
46853,47964
46853,47965
46854,47966
46854,47967
46854,47968
46854,47969
46855,47970
46855,47971
46855,47972
46856,47973
46856,47974
46856,47975
46857,47976
46857,47977
46857,47978
46858,47979
46858,47980
46858,47981
46858,47982
46859,47983
46859,47984
46859,47985
46859,47986
46860,47987
46860,47988
46860,47989
46860,47990
46861,47991
46861,47992
46861,47993
46861,47994
46862,47995
46862,47996
46862,47997
46863,47998
46863,47999
46863,48000
46864,48001
46864,48002
46864,48003
46865,48004
46865,48005
46865,48006
46865,48007
46866,48008
46866,48009
46866,48010
46867,48011
46867,48012
46867,48013
46867,48014
46868,48015
46868,48016
46868,48017
46868,48018
46869,48019
46869,48020
46869,48021
46870,48022
46870,48023
46870,48024
46870,48025
46871,48026
46871,48027
46871,48028
46871,48029
46872,48030
46872,48031
46872,48032
46873,48033
46873,48034
46873,48035
46874,48036
46874,48037
46874,48038
46874,48039
46875,48040
46875,48041
46875,48042
46875,48043
46876,48044
46876,48045
46876,48046
46876,48047
46877,48048
46877,48049
46877,48050
46877,48051
46878,48052
46878,48053
46878,48054
46879,48055
46879,48056
46879,48057
46880,48058
46880,48059
46880,48060
46881,48061
46881,48062
46881,48063
46881,48064
46882,48065
46882,48066
46882,48067
46883,48068
46883,48069
46883,48070
46883,48071
46884,48072
46884,48073
46884,48074
46884,48075
46885,48076
46885,48077
46885,48078
46886,48079
46886,48080
46886,48081
46886,48082
46887,48083
46887,48084
46887,48085
46887,48086
46888,48087
46888,48088
46888,48089
46889,48090
46889,48091
46889,48092
46889,48093
47044,47383
47044,47384
47044,47385
47096,47386
47096,47387
47096,47388
47383,48094
47383,48095
47383,48096
47384,48097
47384,48098
47384,48099
47384,48100
47385,48101
47385,48102
47385,48103
47386,48104
47386,48105
47386,48106
47386,48107
47387,48108
47387,48109
47387,48110
47388,48111
47388,48112
47388,48113
47389,48114
47389,48115
47389,48116
47390,48117
47390,48118
47390,48119
47390,48120
47391,48121
47391,48122
47391,48123
47392,48124
47392,48125
47392,48126
47392,48127
47393,48128
47393,48129
47393,48130
47394,48131
47394,48132
47394,48133
47395,48134
47395,48135
47395,48136
47395,48137
47396,48138
47396,48139
47396,48140
47397,48141
47397,48142
47397,48143
47397,48144
47398,48145
47398,48146
47398,48147
47399,48148
47399,48149
47399,48150
47400,48151
47400,48152
47400,48153
47401,48154
47401,48155
47401,48156
47402,48157
47402,48158
47402,48159
47402,48160
47403,48161
47403,48162
47403,48163
47403,48164
47404,48165
47404,48166
47404,48167
47405,48168
47405,48169
47405,48170
47405,48171
47406,48172
47406,48173
47406,48174
47407,48175
47407,48176
47407,48177
47408,48178
47408,48179
47408,48180
47408,48181
47409,48182
47409,48183
47409,48184
47409,48185
47410,48186
47410,48187
47410,48188
47410,48189
47411,48190
47411,48191
47411,48192
47412,48193
47412,48194
47412,48195
47412,48196
47413,48197
47413,48198
47413,48199
47413,48200
47414,48201
47414,48202
47414,48203
47414,48204
47415,48205
47415,48206
47415,48207
47416,48208
47416,48209
47416,48210
47417,48211
47417,48212
47417,48213
47417,48214
47418,48215
47418,48216
47418,48217
47419,48218
47419,48219
47419,48220
47420,48221
47420,48222
47420,48223
47421,48224
47421,48225
47421,48226
47421,48227
47422,48228
47422,48229
47422,48230
47422,48231
47423,48232
47423,48233
47423,48234
47423,48235
47424,48236
47424,48237
47424,48238
47424,48239
47425,48240
47425,48241
47425,48242
47425,48243
47426,48244
47426,48245
47426,48246
47426,48247
47427,48248
47427,48249
47427,48250
47428,48251
47428,48252
47428,48253
47428,48254
47429,48255
47429,48256
47429,48257
47430,48258
47430,48259
47430,48260
47431,48261
47431,48262
47431,48263
47432,48264
47432,48265
47432,48266
47433,48267
47433,48268
47433,48269
47434,48270
47434,48271
47434,48272
47435,48273
47435,48274
47435,48275
47435,48276
47436,48277
47436,48278
47436,48279
47436,48280
47437,48281
47437,48282
47437,48283
47437,48284
47438,48285
47438,48286
47438,48287
47438,48288
47439,48289
47439,48290
47439,48291
47440,48292
47440,48293
47440,48294
47441,48295
47441,48296
47441,48297
47442,48298
47442,48299
47442,48300
47443,48301
47443,48302
47443,48303
47443,48304
47444,48305
47444,48306
47444,48307
47444,48308
47445,48309
47445,48310
47445,48311
47445,48312
47446,48313
47446,48314
47446,48315
47447,48316
47447,48317
47447,48318
47447,48319
47448,48320
47448,48321
47448,48322
47448,48323
47449,48324
47449,48325
47449,48326
47450,48327
47450,48328
47450,48329
47451,48330
47451,48331
47451,48332
47452,48333
47452,48334
47452,48335
47453,48336
47453,48337
47453,48338
47453,48339
47454,48340
47454,48341
47454,48342
47455,48343
47455,48344
47455,48345
47455,48346
47456,48347
47456,48348
47456,48349
47456,48350
47457,48351
47457,48352
47457,48353
47458,48354
47458,48355
47458,48356
47459,48357
47459,48358
47459,48359
47460,48360
47460,48361
47460,48362
47460,48363
47461,48364
47461,48365
47461,48366
47461,48367
47462,48368
47462,48369
47462,48370
47462,48371
47463,48372
47463,48373
47463,48374
47463,48375
47464,48376
47464,48377
47464,48378
47464,48379
47465,48380
47465,48381
47465,48382
47465,48383
47466,48384
47466,48385
47466,48386
47467,48387
47467,48388
47467,48389
47467,48390
47468,48391
47468,48392
47468,48393
47468,48394
47469,48395
47469,48396
47469,48397
47469,48398
47470,48399
47470,48400
47470,48401
47471,48402
47471,48403
47471,48404
47472,48405
47472,48406
47472,48407
47472,48408
47473,48409
47473,48410
47473,48411
47473,48412
47474,48413
47474,48414
47474,48415
47475,48416
47475,48417
47475,48418
47476,48419
47476,48420
47476,48421
47476,48422
47477,48423
47477,48424
47477,48425
47477,48426
47478,48427
47478,48428
47478,48429
47478,48430
47479,48431
47479,48432
47479,48433
47480,48434
47480,48435
47480,48436
47481,48437
47481,48438
47481,48439
47481,48440
47482,48441
47482,48442
47482,48443
47483,48444
47483,48445
47483,48446
47484,48447
47484,48448
47484,48449
47484,48450
47485,48451
47485,48452
47485,48453
47485,48454
47486,48455
47486,48456
47486,48457
47487,48458
47487,48459
47487,48460
47488,48461
47488,48462
47488,48463
47488,48464
47489,48465
47489,48466
47489,48467
47489,48468
47490,48469
47490,48470
47490,48471
47491,48472
47491,48473
47491,48474
47491,48475
47492,48476
47492,48477
47492,48478
47492,48479
47493,48480
47493,48481
47493,48482
47493,48483
47494,48484
47494,48485
47494,48486
47494,48487
47495,48488
47495,48489
47495,48490
47496,48491
47496,48492
47496,48493
47496,48494
47497,48495
47497,48496
47497,48497
47497,48498
47498,48499
47498,48500
47498,48501
47498,48502
47499,48503
47499,48504
47499,48505
47499,48506
47500,48507
47500,48508
47500,48509
47500,48510
47501,48511
47501,48512
47501,48513
47501,48514
47502,48515
47502,48516
47502,48517
47502,48518
47503,48519
47503,48520
47503,48521
47503,48522
47504,48523
47504,48524
47504,48525
47504,48526
47505,48527
47505,48528
47505,48529
47506,48530
47506,48531
47506,48532
47507,48533
47507,48534
47507,48535
47507,48536
47508,48537
47508,48538
47508,48539
47508,48540
47509,48541
47509,48542
47509,48543
47509,48544
47510,48545
47510,48546
47510,48547
47510,48548
47511,48549
47511,48550
47511,48551
47512,48552
47512,48553
47512,48554
47512,48555
47513,48556
47513,48557
47513,48558
47514,48559
47514,48560
47514,48561
47515,48562
47515,48563
47515,48564
47516,48565
47516,48566
47516,48567
47516,48568
47517,48569
47517,48570
47517,48571
47517,48572
47518,48573
47518,48574
47518,48575
47519,48576
47519,48577
47519,48578
47520,48579
47520,48580
47520,48581
47520,48582
47521,48583
47521,48584
47521,48585
47521,48586
47522,48587
47522,48588
47522,48589
47522,48590
47523,48591
47523,48592
47523,48593
47523,48594
47524,48595
47524,48596
47524,48597
47525,48598
47525,48599
47525,48600
47526,48601
47526,48602
47526,48603
47527,48604
47527,48605
47527,48606
47527,48607
47528,48608
47528,48609
47528,48610
47529,48611
47529,48612
47529,48613
47529,48614
47530,48615
47530,48616
47530,48617
47531,48618
47531,48619
47531,48620
47531,48621
47532,48622
47532,48623
47532,48624
47533,48625
47533,48626
47533,48627
47533,48628
47534,48629
47534,48630
47534,48631
47534,48632
47535,48633
47535,48634
47535,48635
47535,48636
47536,48637
47536,48638
47536,48639
47537,48640
47537,48641
47537,48642
47538,48643
47538,48644
47538,48645
47538,48646
47539,48647
47539,48648
47539,48588
47539,48649
47540,48650
47540,48651
47540,48652
47541,48653
47541,48654
47541,48655
47541,48656
47542,48657
47542,48658
47542,48659
47542,48660
47543,48661
47543,48662
47543,48663
47543,48664
47544,48665
47544,48666
47544,48667
47545,48668
47545,48669
47545,48670
47545,48671
47546,48672
47546,48673
47546,48674
47546,48675
47547,48676
47547,48677
47547,48678
47547,48679
47548,48680
47548,48681
47548,48682
47548,48683
47549,48684
47549,48685
47549,48686
47549,48687
47550,48688
47550,48689
47550,48690
47551,48691
47551,48692
47551,48693
47552,48694
47552,48695
47552,48696
47552,48697
47553,48698
47553,48699
47553,48700
47553,48701
47554,48702
47554,48703
47554,48704
47554,48705
47555,48706
47555,48707
47555,48708
47556,48709
47556,48710
47556,48711
47556,48712
47557,48713
47557,48714
47557,48715
47558,48716
47558,48717
47558,48718
47559,48719
47559,48720
47559,48721
47560,48722
47560,48723
47560,48724
47560,48725
47561,48726
47561,48727
47561,48728
47562,48729
47562,48730
47562,48731
47563,48732
47563,48733
47563,48734
47563,48735
47564,48736
47564,48737
47564,48738
47565,48739
47565,48740
47565,48741
47565,48742
47566,48743
47566,48744
47566,48745
47566,48746
47567,48747
47567,48748
47567,48749
47568,48750
47568,48751
47568,48752
47568,48753
47569,48754
47569,48755
47569,48756
47570,48757
47570,48758
47570,48759
47570,48760
47571,48761
47571,48762
47571,48763
47571,48764
47572,48765
47572,48766
47572,48767
47573,48768
47573,48769
47573,48770
47573,48771
47574,48772
47574,48773
47574,48774
47575,48775
47575,48776
47575,48777
47576,48778
47576,48779
47576,48780
47576,48781
47577,48782
47577,48783
47577,48784
47578,48785
47578,48786
47578,48787
47578,48788
47579,48789
47579,48790
47579,48791
47579,48792
47580,48793
47580,48794
47580,48795
47580,48796
47581,48797
47581,48798
47581,48799
47581,48800
47582,48801
47582,48802
47582,48803
47583,48804
47583,48805
47583,48806
47583,48807
48094,48812
48094,48813
48094,48814
48094,48815
48095,48816
48095,48817
48095,48818
48096,48819
48096,48820
48096,48821
48096,48822
48097,48823
48097,48824
48097,48825
48097,48826
48098,48827
48098,48828
48098,48829
48099,48830
48099,48831
48099,48832
48099,48833
48100,48834
48100,48835
48100,48836
48100,48837
48101,48838
48101,48839
48101,48840
48101,48841
48102,48842
48102,48843
48102,48844
48102,48845
48103,48846
48103,48847
48103,48848
48103,48849
48104,48850
48104,48851
48104,48852
48105,48853
48105,48854
48105,48855
48106,48856
48106,48857
48106,48815
48107,48858
48107,48859
48107,48860
48108,48861
48108,48862
48108,48863
48109,48864
48109,48865
48109,48866
48109,48867
48110,48868
48110,48869
48110,48870
48111,48871
48111,48872
48111,48873
48112,48874
48112,48875
48112,48876
48113,48877
48113,48878
48113,48879
48114,48880
48114,48881
48114,48882
48114,48883
48115,48884
48115,48885
48115,48886
48116,48887
48116,48888
48116,48889
48116,48890
48117,48891
48117,48892
48117,48893
48117,48894
48118,48895
48118,48896
48118,48897
48119,48898
48119,48899
48119,48900
48120,48901
48120,48902
48120,48903
48120,48904
48121,48905
48121,48906
48121,48907
48121,48908
48122,48909
48122,48910
48122,48911
48123,48912
48123,48913
48123,48914
48124,48915
48124,48916
48124,48917
48125,48918
48125,48919
48125,48920
48125,48921
48126,48922
48126,48923
48126,48924
48126,48925
48127,48926
48127,48927
48127,48928
48127,48929
48128,48930
48128,48931
48128,48932
48129,48933
48129,48934
48129,48935
48129,48936
48130,48937
48130,48938
48130,48939
48130,48940
48131,48941
48131,48942
48131,48943
48132,48944
48132,48945
48132,48946
48132,48947
48133,48948
48133,48949
48133,48950
48133,48951
48134,48952
48134,48953
48134,48954
48134,48955
48135,48956
48135,48957
48135,48958
48135,48959
48136,48960
48136,48961
48136,48962
48137,48963
48137,48964
48137,48965
48138,48966
48138,48967
48138,48968
48138,48969
48139,48970
48139,48971
48139,48972
48140,48973
48140,48974
48140,48975
48141,48976
48141,48977
48141,48978
48141,48979
48142,48980
48142,48981
48142,48982
48143,48983
48143,48984
48143,48985
48143,48986
48144,48987
48144,48988
48144,48989
48145,48990
48145,48991
48145,48992
48145,48993
48146,48994
48146,48995
48146,48996
48146,48997
48147,48998
48147,48999
48147,49000
48147,49001
48148,49002
48148,49003
48148,49004
48149,49005
48149,49006
48149,49007
48149,49008
48150,49009
48150,49010
48150,49011
48150,49012
48151,49013
48151,49014
48151,49015
48152,49016
48152,49017
48152,49018
48152,49019
48153,49020
48153,49021
48153,49022
48153,49023
48154,49024
48154,49025
48154,49026
48154,49027
48155,49028
48155,49029
48155,49030
48155,49031
48156,49032
48156,49033
48156,49034
48156,49035
48157,49036
48157,49037
48157,49038
48158,49039
48158,49040
48158,49041
48159,49042
48159,49043
48159,49044
48160,49045
48160,49046
48160,49047
48160,49048
48161,49049
48161,49050
48161,49051
48161,49052
48162,49053
48162,49054
48162,49055
48163,49056
48163,49057
48163,49058
48163,49059
48164,49060
48164,49061
48164,49062
48164,49063
48165,49064
48165,49065
48165,49066
48166,49067
48166,49068
48166,49069
48167,49070
48167,49071
48167,49072
48167,49073
48168,49074
48168,49075
48168,49076
48168,49077
48169,49078
48169,49079
48169,49080
48169,49081
48170,49082
48170,49083
48170,49084
48170,49085
48171,49086
48171,49087
48171,49088
48172,49089
48172,49090
48172,49091
48172,49092
48173,49093
48173,49094
48173,49095
48173,49096
48174,49097
48174,49098
48174,49099
48175,49100
48175,49101
48175,49102
48176,49103
48176,49104
48176,49105
48177,49106
48177,49107
48177,49108
48177,49109
48178,49110
48178,49111
48178,49112
48178,49113
48179,49114
48179,49115
48179,49116
48179,49117
48180,49118
48180,49119
48180,49120
48181,49121
48181,49122
48181,49123
48181,49124
48182,49125
48182,49126
48182,49127
48182,49128
48183,49129
48183,49130
48183,49131
48183,49132
48184,49133
48184,49134
48184,49135
48185,49136
48185,49137
48185,49138
48185,49139
48186,49140
48186,49141
48186,49142
48186,49143
48187,49144
48187,49145
48187,49146
48187,49147
48188,49148
48188,49149
48188,49150
48188,49151
48189,49152
48189,49153
48189,49154
48190,49155
48190,49156
48190,49157
48191,49158
48191,49159
48191,49160
48192,49161
48192,49162
48192,49163
48193,49164
48193,49165
48193,49166
48193,49167
48194,49168
48194,49169
48194,49170
48195,49171
48195,49172
48195,49173
48196,49174
48196,49175
48196,49176
48197,49177
48197,49178
48197,49179
48197,49180
48198,49181
48198,49182
48198,49183
48199,49184
48199,49185
48199,49186
48200,49187
48200,49188
48200,49189
48200,49190
48201,49191
48201,49192
48201,49193
48202,49194
48202,49195
48202,49196
48202,49197
48203,49198
48203,49199
48203,49200
48203,49201
48204,49202
48204,49203
48204,49204
48204,49205
48205,49206
48205,49207
48205,49208
48206,49209
48206,49210
48206,49211
48206,49212
48207,49213
48207,49214
48207,49215
48207,49216
48208,49217
48208,49218
48208,49219
48209,49220
48209,49221
48209,49222
48210,49223
48210,49224
48210,49225
48210,49226
48211,49227
48211,49228
48211,49229
48211,49230
48212,49231
48212,49232
48212,49233
48212,49234
48213,49235
48213,49236
48213,49237
48214,49238
48214,49239
48214,49240
48214,49241
48215,49242
48215,49243
48215,49244
48215,49245
48216,49246
48216,49247
48216,49248
48216,49249
48217,49250
48217,49251
48217,49252
48217,49253
48218,49254
48218,49255
48218,49256
48218,49257
48219,49258
48219,49259
48219,49260
48220,49261
48220,49262
48220,49263
48221,49264
48221,49265
48221,49266
48222,49267
48222,49268
48222,49269
48223,49270
48223,49271
48223,49272
48224,49273
48224,49274
48224,49275
48225,49276
48225,49277
48225,49278
48226,49279
48226,49280
48226,49281
48226,49282
48227,49283
48227,49284
48227,49285
48227,49286
48228,49287
48228,49288
48228,49289
48229,49290
48229,49291
48229,49292
48229,49293
48230,49294
48230,49295
48230,49296
48231,49297
48231,49298
48231,49299
48232,49300
48232,49301
48232,49302
48232,49303
48233,49304
48233,49305
48233,49306
48233,49307
48234,49308
48234,49309
48234,49310
48234,49311
48235,49312
48235,49313
48235,49314
48236,49315
48236,49316
48236,49317
48237,49318
48237,49319
48237,49320
48238,49321
48238,49322
48238,49323
48239,49324
48239,49325
48239,49326
48240,49327
48240,49328
48240,49329
48241,49330
48241,49331
48241,49332
48241,49333
48242,49334
48242,49335
48242,49336
48242,49337
48243,49338
48243,49339
48243,49340
48244,49341
48244,49342
48244,49343
48244,49344
48245,49345
48245,49346
48245,49347
48246,49348
48246,49349
48246,49350
48246,49351
48247,49352
48247,49353
48247,49354
48248,49355
48248,49356
48248,49357
48248,49358
48249,49359
48249,49360
48249,49361
48250,49362
48250,49363
48250,49364
48250,49365
48251,49366
48251,49367
48251,49368
48251,49369
48252,49370
48252,49371
48252,49372
48252,49373
48253,49374
48253,49375
48253,49376
48254,49377
48254,49378
48254,49379
48255,49380
48255,49381
48255,49382
48255,49383
48256,49384
48256,49385
48256,49386
48256,49387
48257,49388
48257,49389
48257,49390
48258,49391
48258,49392
48258,49393
48259,49394
48259,49395
48259,49396
48260,49397
48260,49398
48260,49399
48260,49400
48261,49401
48261,49402
48261,49403
48261,49404
48262,49405
48262,49406
48262,49407
48263,49408
48263,49409
48263,49410
48263,49411
48264,49412
48264,49413
48264,49414
48265,49415
48265,49416
48265,49417
48265,49418
48266,49419
48266,49420
48266,49421
48266,49422
48267,49423
48267,49424
48267,49425
48268,49426
48268,49427
48268,49428
48268,49429
48269,49430
48269,49431
48269,49432
48270,49433
48270,49434
48270,49435
48271,49436
48271,49437
48271,49438
48272,49439
48272,49440
48272,49441
48272,49442
48273,49443
48273,49444
48273,49445
48273,49446
48274,49447
48274,49448
48274,49449
48275,49450
48275,49451
48275,49452
48276,49453
48276,49454
48276,49455
48277,49456
48277,49457
48277,49458
48278,49459
48278,49460
48278,49461
48278,49462
48279,49463
48279,49464
48279,49465
48280,49466
48280,49467
48280,49468
48280,49469
48281,49470
48281,49471
48281,49472
48281,49473
48282,49474
48282,49475
48282,49476
48283,49477
48283,49478
48283,49479
48283,49480
48284,49481
48284,49482
48284,49483
48285,49484
48285,49485
48285,49486
48286,49487
48286,49488
48286,49489
48286,49490
48287,49491
48287,49492
48287,49493
48288,49494
48288,49495
48288,49496
48289,49497
48289,49498
48289,49499
48289,49500
48290,49501
48290,49502
48290,49503
48291,49504
48291,49505
48291,49506
48292,49507
48292,49508
48292,49509
48293,49510
48293,49511
48293,49512
48588,48808
48588,48809
48588,48810
48588,48811
48808,49517
48808,49518
48808,49519
48809,49520
48809,49521
48809,49522
48810,49523
48810,49524
48810,49525
48810,49526
48811,49527
48811,49528
48811,49529
48811,49530
48812,49531
48812,49532
48812,49533
48812,49534
48813,49535
48813,49536
48813,49537
48813,49538
48814,49539
48814,49540
48814,49541
48814,49542
48815,49513
48815,49514
48815,49515
48815,49516
48816,49543
48816,49544
48816,49545
48816,49546
48817,49547
48817,49548
48817,49549
48817,49550
48818,49551
48818,49552
48818,49553
48819,49554
48819,49555
48819,49556
48820,49557
48820,49558
48820,49559
48820,49560
48821,49561
48821,49562
48821,49563
48822,49564
48822,49565
48822,49566
48823,49567
48823,49568
48823,49569
48823,49570
48824,49571
48824,49572
48824,49573
48825,49574
48825,49575
48825,49576
48825,49577
48826,49578
48826,49579
48826,49580
48826,49581
48827,49582
48827,49583
48827,49584
48827,49585
48828,49581
48828,49586
48828,49587
48829,49588
48829,49589
48829,49590
48829,49591
48830,49592
48830,49593
48830,49594
48830,49595
48831,49596
48831,49597
48831,49598
48831,49599
48832,49600
48832,49601
48832,49602
48833,49603
48833,49604
48833,49605
48834,49606
48834,49607
48834,49608
48834,49609
48835,49610
48835,49611
48835,49612
48835,49613
48836,49614
48836,49615
48836,49616
48837,49617
48837,49618
48837,49619
48837,49620
48838,49621
48838,49622
48838,49623
48839,49624
48839,49625
48839,49626
48839,49627
48840,49628
48840,49629
48840,49630
48840,49631
48841,49632
48841,49633
48841,49634
48842,49635
48842,49636
48842,49637
48842,49638
48843,49639
48843,49640
48843,49641
48844,49642
48844,49643
48844,49644
48844,49645
48845,49646
48845,49647
48845,49648
48845,49649
48846,49650
48846,49651
48846,49652
48847,49653
48847,49654
48847,49655
48848,49656
48848,49657
48848,49658
48849,49659
48849,49660
48849,49661
48850,49662
48850,49663
48850,49664
48851,49665
48851,49666
48851,49667
48851,49668
48852,49669
48852,49670
48852,49671
48852,49672
48853,49673
48853,49674
48853,49675
48854,49676
48854,49677
48854,49678
48855,49679
48855,49680
48855,49681
48855,49682
48856,49683
48856,49684
48856,49685
48857,49686
48857,49687
48857,49688
48858,49689
48858,49690
48858,49691
48859,49692
48859,49693
48859,49694
48859,49695
48860,49696
48860,49697
48860,49698
48861,49699
48861,49700
48861,49701
48862,49702
48862,49703
48862,49704
48863,49705
48863,49706
48863,49707
48863,49708
48864,49709
48864,49710
48864,49711
48864,49712
48865,49713
48865,49714
48865,49715
48865,49716
48866,49717
48866,49718
48866,49719
48866,49720
48867,49721
48867,49722
48867,49723
48868,49724
48868,49725
48868,49726
48869,49727
48869,49728
48869,49729
48870,49730
48870,49731
48870,49732
48870,49733
48871,49734
48871,49735
48871,49736
48871,49737
48872,49738
48872,49739
48872,49740
48872,49741
48873,49742
48873,49743
48873,49744
48873,49745
48874,49746
48874,49747
48874,49748
48874,49749
48875,49750
48875,49751
48875,49752
48876,49753
48876,49754
48876,49755
48876,49756
48877,49757
48877,49758
48877,49759
48878,49760
48878,49761
48878,49762
48879,49763
48879,49764
48879,49765
48879,49766
48880,49767
48880,49768
48880,49769
48881,49770
48881,49771
48881,49772
48882,49773
48882,49774
48882,49775
48882,49776
48883,49777
48883,49778
48883,49779
48884,49780
48884,49781
48884,49782
48884,49783
48885,49784
48885,49785
48885,49786
48886,49787
48886,49788
48886,49789
48887,49790
48887,49791
48887,49792
48887,49793
48888,49794
48888,49795
48888,49796
48888,49797
48889,49798
48889,49799
48889,49800
48890,49801
48890,49802
48890,49803
48891,49804
48891,49805
48891,49806
48892,49807
48892,49808
48892,49809
48892,49810
48893,49811
48893,49812
48893,49813
48893,49814
48894,49815
48894,49816
48894,49817
48894,49818
48895,49819
48895,49820
48895,49821
48896,49822
48896,49823
48896,49824
48896,49825
48897,49826
48897,49827
48897,49828
48898,49829
48898,49830
48898,49831
48899,49832
48899,49833
48899,49834
48899,49835
48900,49836
48900,49837
48900,49838
48900,49839
48901,49840
48901,49841
48901,49842
48901,49843
48902,49844
48902,49845
48902,49846
48903,49847
48903,49848
48903,49849
48904,49850
48904,49851
48904,49852
48904,49853
48905,49854
48905,49855
48905,49856
48906,49857
48906,49858
48906,49859
48907,49860
48907,49861
48907,49862
48907,49863
48908,49864
48908,49865
48908,49866
48908,49867
48909,49868
48909,49869
48909,49870
48910,49871
48910,49872
48910,49873
48910,49874
48911,49875
48911,49876
48911,49877
48912,49878
48912,49879
48912,49880
48912,49881
48913,49882
48913,49883
48913,49884
48914,49885
48914,49886
48914,49887
48915,49888
48915,49889
48915,49890
48916,49891
48916,49892
48916,49893
48917,49894
48917,49895
48917,49896
48918,49897
48918,49898
48918,49899
48918,49900
48919,49901
48919,49902
48919,49903
48920,49904
48920,49905
48920,49906
48921,49907
48921,49908
48921,49909
48921,49910
48922,49911
48922,49912
48922,49913
48922,49914
48923,49915
48923,49916
48923,49917
48923,49918
48924,49919
48924,49920
48924,49921
48925,49922
48925,49923
48925,49924
48925,49925
48926,49926
48926,49927
48926,49928
48926,49929
48927,49930
48927,49931
48927,49932
48927,49933
48928,49934
48928,49935
48928,49936
48928,49937
48929,49938
48929,49939
48929,49940
48930,49941
48930,49942
48930,49943
48930,49944
48931,49945
48931,49946
48931,49947
48931,49948
48932,49949
48932,49950
48932,49951
48933,49952
48933,49953
48933,49954
48934,49955
48934,49956
48934,49957
48935,49958
48935,49959
48935,49960
48935,49961
48936,49962
48936,49963
48936,49964
48936,49965
48937,49966
48937,49967
48937,49968
48937,49969
48938,49970
48938,49971
48938,49972
48939,49973
48939,49974
48939,49975
48940,49976
48940,49977
48940,49978
48941,49979
48941,49980
48941,49981
48941,49982
48942,49983
48942,49984
48942,49985
48942,49986
48943,49987
48943,49988
48943,49989
48943,49990
48944,49991
48944,49992
48944,49993
48944,49994
48945,49995
48945,49996
48945,49997
48946,49998
48946,49999
48946,50000
48946,50001
48947,50002
48947,50003
48947,50004
48947,50005
48948,50006
48948,50007
48948,50008
48948,50009
48949,50010
48949,50011
48949,50012
48950,50013
48950,50014
48950,50015
48950,50016
48951,50017
48951,50018
48951,50019
48951,50020
48952,50021
48952,50022
48952,50023
48952,50024
48953,50025
48953,50026
48953,50027
48953,50028
48954,50029
48954,50030
48954,50031
48954,50032
48955,50033
48955,50034
48955,50035
48956,50036
48956,50037
48956,50038
48957,50039
48957,50040
48957,50041
48957,50042
48958,50043
48958,50044
48958,50045
48959,50046
48959,50047
48959,50048
48959,50049
48960,50050
48960,50051
48960,50052
48961,50053
48961,50054
48961,50055
48962,50056
48962,50057
48962,50058
48963,50059
48963,50060
48963,50061
48964,50062
48964,50063
48964,50064
48965,50065
48965,50066
48965,50067
48965,50068
48966,50069
48966,50070
48966,50071
48966,50072
48967,50073
48967,50074
48967,50075
48967,50076
48968,50077
48968,50078
48968,50079
48969,50080
48969,50081
48969,50082
48969,50083
48970,50084
48970,50085
48970,50086
48971,50087
48971,50088
48971,50089
48971,50090
48972,50091
48972,50092
48972,50093
48972,50094
48973,50095
48973,50096
48973,50097
48973,50098
48974,50099
48974,50100
48974,50101
48975,50102
48975,50103
48975,50104
48975,50105
48976,50106
48976,50107
48976,50108
48976,50109
48977,50110
48977,50111
48977,50112
48978,50113
48978,50114
48978,50115
48978,50116
48979,50117
48979,50118
48979,50119
48979,50120
48980,50121
48980,50122
48980,50123
48981,50124
48981,50125
48981,50126
48981,50127
48982,50128
48982,50129
48982,50130
48983,50131
48983,49694
48983,50132
48983,50133
48984,50134
48984,50135
48984,50136
48985,50137
48985,50138
48985,50139
48986,50140
48986,50141
48986,50142
48987,50143
48987,50144
48987,50145
48987,50146
48988,50147
48988,50148
48988,50149
48989,50150
48989,50151
48989,50152
48990,50153
48990,50154
48990,50155
48990,50156
48991,50157
48991,50158
48991,50159
48991,50160
48992,50161
48992,50162
48992,50163
48992,50164
48993,50165
48993,50166
48993,50167
48994,50168
48994,50169
48994,50170
48995,50171
48995,50172
48995,50173
48995,50174
48996,50175
48996,50176
48996,50177
48997,50178
48997,50179
48997,50180
48997,50181
48998,50182
48998,50183
48998,50184
48998,50185
48999,50186
48999,50187
48999,50188
49000,50189
49000,50190
49000,50191
49001,50192
49001,50193
49001,50194
49001,50195
49002,50196
49002,50197
49002,50198
49002,50199
49003,50200
49003,50201
49003,50202
49003,50203
49004,50204
49004,50205
49004,50206
49005,50207
49005,50208
49005,50209
49006,50210
49006,50211
49006,50212
49006,50213
49007,50214
49007,50215
49007,50216
49008,50217
49008,50218
49008,50219
49008,50220
49513,50228
49513,50229
49513,50230
49513,50231
49514,50232
49514,50233
49514,50234
49515,50235
49515,50236
49515,50237
49515,50238
49516,50239
49516,50240
49516,50241
49516,50242
49517,50243
49517,50244
49517,50245
49517,50246
49518,50247
49518,50248
49518,50249
49519,50250
49519,50251
49519,50252
49519,50253
49520,50254
49520,50255
49520,50256
49520,50257
49521,50258
49521,50259
49521,50260
49522,50261
49522,50262
49522,50263
49523,50264
49523,50265
49523,50266
49524,50267
49524,50268
49524,50269
49525,50270
49525,50271
49525,50272
49525,50273
49526,50274
49526,50275
49526,50276
49526,50277
49527,50278
49527,50279
49527,50280
49527,50281
49528,50282
49528,50283
49528,50284
49528,50285
49529,50286
49529,50287
49529,50288
49529,50289
49530,50290
49530,50291
49530,50292
49530,50293
49531,50294
49531,50295
49531,50296
49532,50297
49532,50298
49532,50299
49533,50300
49533,50301
49533,50302
49534,50303
49534,50304
49534,50305
49534,50306
49535,50307
49535,50308
49535,50309
49536,50310
49536,50311
49536,50312
49537,50313
49537,50314
49537,50315
49538,50316
49538,50317
49538,50318
49538,50319
49539,50320
49539,50321
49539,50322
49540,50323
49540,50324
49540,50325
49541,50326
49541,50327
49541,50328
49542,50329
49542,50330
49542,50331
49543,50332
49543,50333
49543,50334
49544,50335
49544,50336
49544,50337
49545,50338
49545,50339
49545,50340
49546,50341
49546,50342
49546,50343
49547,50344
49547,50345
49547,50346
49547,50347
49548,50348
49548,50349
49548,50350
49549,50351
49549,50352
49549,50353
49550,50354
49550,50355
49550,50356
49550,50357
49551,50358
49551,50359
49551,50360
49552,50361
49552,50362
49552,50363
49553,50364
49553,50365
49553,50366
49554,50367
49554,50368
49554,50369
49554,50370
49555,50371
49555,50372
49555,50373
49555,50374
49556,50375
49556,50376
49556,50377
49557,50378
49557,50379
49557,50380
49558,50381
49558,50382
49558,50383
49559,50384
49559,50385
49559,50386
49560,50387
49560,50388
49560,50389
49560,50390
49561,50391
49561,50392
49561,50393
49561,50394
49562,50395
49562,50396
49562,50397
49563,50398
49563,50399
49563,50400
49564,50401
49564,50402
49564,50403
49564,50404
49565,50405
49565,50406
49565,50407
49566,50408
49566,50409
49566,50410
49567,50411
49567,50412
49567,50413
49567,50414
49568,50415
49568,50416
49568,50417
49569,50418
49569,50419
49569,50420
49570,50421
49570,50422
49570,50423
49570,50424
49571,50425
49571,50426
49571,50427
49572,50428
49572,50429
49572,50430
49573,50431
49573,50432
49573,50433
49573,50434
49574,50435
49574,50436
49574,50437
49574,50438
49575,50439
49575,50440
49575,50441
49575,50442
49576,50443
49576,50444
49576,50445
49576,50446
49577,50447
49577,50448
49577,50449
49577,50450
49578,50451
49578,50452
49578,50453
49578,50454
49579,50455
49579,50456
49579,50457
49580,50458
49580,50459
49580,50460
49580,50461
49581,50221
49581,50222
49581,50223
49581,50224
49582,50462
49582,50463
49582,50464
49582,50465
49583,50466
49583,50467
49583,50468
49583,50469
49584,50470
49584,50471
49584,50472
49585,50473
49585,50474
49585,50475
49585,50476
49586,50477
49586,50478
49586,50479
49586,50480
49587,50481
49587,50482
49587,50483
49588,50484
49588,50485
49588,50486
49589,50487
49589,50488
49589,50489
49590,50490
49590,50491
49590,50492
49590,50493
49591,50494
49591,50495
49591,50496
49592,50497
49592,50498
49592,50499
49593,50500
49593,50501
49593,50502
49593,50503
49594,50504
49594,50505
49594,50506
49594,50507
49595,50508
49595,50509
49595,50510
49596,50511
49596,50512
49596,50513
49596,50514
49597,50515
49597,50516
49597,50517
49598,50518
49598,50519
49598,50520
49599,50521
49599,50522
49599,50523
49600,50524
49600,50525
49600,50526
49600,50527
49601,50528
49601,50529
49601,50530
49601,50531
49602,50532
49602,50533
49602,50534
49602,50535
49603,50536
49603,50537
49603,50538
49604,50539
49604,50540
49604,50541
49604,50542
49605,50543
49605,50544
49605,50545
49606,50546
49606,50547
49606,50548
49606,50549
49607,50550
49607,50551
49607,50552
49607,50553
49608,50554
49608,50555
49608,50556
49608,50557
49609,50558
49609,50559
49609,50560
49609,50561
49610,50562
49610,50563
49610,50564
49610,50565
49611,50566
49611,50567
49611,50568
49612,50569
49612,50570
49612,50571
49612,50572
49613,50573
49613,50574
49613,50575
49613,50576
49614,50577
49614,50578
49614,50579
49614,50580
49615,50581
49615,50582
49615,50583
49616,50584
49616,50585
49616,50586
49617,50587
49617,50588
49617,50589
49618,50590
49618,50591
49618,50592
49619,50593
49619,50594
49619,50595
49619,50596
49620,50597
49620,50598
49620,50599
49621,50600
49621,50601
49621,50602
49621,50603
49622,50604
49622,50605
49622,50606
49623,50607
49623,50608
49623,50609
49623,50610
49624,50611
49624,50612
49624,50613
49624,50614
49625,50615
49625,50616
49625,50617
49625,50618
49626,50619
49626,50620
49626,50621
49627,50622
49627,50623
49627,50624
49628,50625
49628,50626
49628,50627
49629,50628
49629,50629
49629,50630
49629,50631
49630,50632
49630,50633
49630,50634
49631,50635
49631,50636
49631,50637
49631,50638
49632,50639
49632,50640
49632,50641
49632,50642
49633,50643
49633,50644
49633,50645
49633,50646
49634,50647
49634,50648
49634,50649
49635,50650
49635,50651
49635,50652
49635,50653
49636,50654
49636,50655
49636,50656
49636,50657
49637,50658
49637,50659
49637,50660
49637,50661
49638,50662
49638,50663
49638,50664
49639,50665
49639,50666
49639,50667
49639,50668
49640,50669
49640,50670
49640,50671
49640,50672
49641,50673
49641,50674
49641,50675
49641,50676
49642,50677
49642,50678
49642,50679
49643,50680
49643,50681
49643,50682
49644,50683
49644,50684
49644,50685
49644,50686
49645,50687
49645,50688
49645,50689
49646,50690
49646,50691
49646,50692
49647,50693
49647,50694
49647,50695
49647,50696
49648,50697
49648,50698
49648,50699
49648,50700
49649,50701
49649,50702
49649,50703
49649,50704
49650,50705
49650,50706
49650,50707
49650,50708
49651,50709
49651,50710
49651,50711
49652,50712
49652,50713
49652,50714
49652,50715
49653,50716
49653,50717
49653,50718
49653,50719
49654,50720
49654,50721
49654,50722
49654,50723
49655,50724
49655,50725
49655,50726
49656,50727
49656,50728
49656,50729
49656,50730
49657,50731
49657,50732
49657,50733
49657,50734
49658,50735
49658,50736
49658,50737
49659,50738
49659,50739
49659,50740
49659,50741
49660,50742
49660,50743
49660,50744
49660,50745
49661,50746
49661,50747
49661,50748
49661,50749
49662,50750
49662,50751
49662,50752
49662,50753
49663,50754
49663,50755
49663,50756
49664,50757
49664,50758
49664,50759
49664,50760
49665,50761
49665,50762
49665,50763
49666,50764
49666,50765
49666,50766
49666,50767
49667,50768
49667,50769
49667,50770
49667,50771
49668,50772
49668,50773
49668,50774
49668,50775
49669,50776
49669,50777
49669,50778
49670,50779
49670,50780
49670,50781
49671,50782
49671,50783
49671,50784
49672,50785
49672,50786
49672,50787
49672,50788
49673,50789
49673,50790
49673,50791
49674,50792
49674,50793
49674,50794
49674,50795
49675,50796
49675,50797
49675,50798
49675,50799
49676,50800
49676,50801
49676,50802
49677,50803
49677,50804
49677,50805
49678,50806
49678,50807
49678,50808
49678,50809
49679,50810
49679,50811
49679,50812
49680,50813
49680,50814
49680,50815
49680,50816
49681,50817
49681,50818
49681,50819
49682,50820
49682,50821
49682,50822
49682,50823
49683,50824
49683,50825
49683,50826
49684,50827
49684,50828
49684,50829
49685,50830
49685,50831
49685,50832
49685,50833
49686,50834
49686,50835
49686,50836
49686,50837
49687,50838
49687,50839
49687,50840
49688,50841
49688,50842
49688,50843
49689,50844
49689,50845
49689,50846
49690,50847
49690,50848
49690,50849
49691,50850
49691,50851
49691,50852
49692,50853
49692,50854
49692,50855
49693,50856
49693,50857
49693,50858
49694,50225
49694,50226
49694,50227
49695,50859
49695,50860
49695,50861
49695,50862
49696,50863
49696,50864
49696,50865
49697,50866
49697,50867
49697,50868
49698,50869
49698,50870
49698,50871
49698,50872
49699,50873
49699,50874
49699,50875
49700,50876
49700,50877
49700,50878
49700,50879
49701,50880
49701,50881
49701,50882
49702,50883
49702,50884
49702,50885
49703,50886
49703,50887
49703,50888
49704,50889
49704,50890
49704,50891
49705,50892
49705,50893
49705,50894
49706,50895
49706,50896
49706,50897
49706,50898
49707,50899
49707,50900
49707,50901
49707,50902
49708,50903
49708,50904
49708,50905
49708,50906
49709,50907
49709,50908
49709,50909
49710,50910
49710,50911
49710,50912
49711,50913
49711,50914
49711,50915
49711,50916
49712,50917
49712,50918
49712,50919
49712,50920
49713,50921
49713,50922
49713,50923
49713,50924
50221,50925
50221,50926
50221,50927
50221,50928
50222,50929
50222,50930
50222,50931
50222,50932
50223,50933
50223,50934
50223,50935
50224,50936
50224,50937
50224,50938
50224,50939
50225,50940
50225,50941
50225,50942
50226,50943
50226,50944
50226,50945
50226,50946
50227,50947
50227,50948
50227,50949
50227,50950
50228,50951
50228,50952
50228,50953
50229,50954
50229,50955
50229,50956
50229,50957
50230,50958
50230,50959
50230,50960
50231,50961
50231,50962
50231,50963
50231,50964
50232,50965
50232,50966
50232,50967
50233,50968
50233,50969
50233,50970
50234,50971
50234,50972
50234,50973
50234,50974
50235,50975
50235,50976
50235,50977
50235,50978
50236,50979
50236,50980
50236,50981
50237,50982
50237,50983
50237,50984
50237,50985
50238,50986
50238,50987
50238,50988
50239,50989
50239,50990
50239,50991
50239,50992
50240,50993
50240,50994
50240,50995
50240,50996
50241,50997
50241,50998
50241,50999
50241,51000
50242,51001
50242,51002
50242,51003
50242,51004
50243,51005
50243,51006
50243,51007
50244,51008
50244,51009
50244,51010
50245,51011
50245,51012
50245,51013
50246,51014
50246,51015
50246,51016
50247,51017
50247,51018
50247,51019
50247,51020
50248,51021
50248,51022
50248,51023
50249,51024
50249,51025
50249,51026
50250,51027
50250,51028
50250,51029
50251,51030
50251,51031
50251,51032
50251,51033
50252,51034
50252,51035
50252,51036
50252,51037
50253,51038
50253,51039
50253,51040
50254,51041
50254,51042
50254,51043
50255,51044
50255,51045
50255,51046
50256,51047
50256,51048
50256,51049
50257,51050
50257,51051
50257,51052
50257,51053
50258,51054
50258,51055
50258,51056
50258,51057
50259,51058
50259,51059
50259,51060
50260,51061
50260,51062
50260,51063
50260,51064
50261,51065
50261,51066
50261,51067
50261,51068
50262,51069
50262,51070
50262,51071
50262,51072
50263,51073
50263,51074
50263,51075
50263,51076
50264,51077
50264,51078
50264,51079
50265,51080
50265,51081
50265,51082
50265,51083
50266,51084
50266,51085
50266,51086
50267,51087
50267,51088
50267,51089
50267,51090
50268,51091
50268,51092
50268,51093
50268,51094
50269,51095
50269,51096
50269,51097
50270,51098
50270,51099
50270,51100
50271,51101
50271,51102
50271,51103
50272,51104
50272,51105
50272,51106
50273,51107
50273,51108
50273,51109
50274,51110
50274,51111
50274,51112
50274,51113
50275,51114
50275,51115
50275,51116
50275,51117
50276,51118
50276,51119
50276,51120
50276,51121
50277,51122
50277,51123
50277,51124
50277,51125
50278,51126
50278,51127
50278,51128
50278,51129
50279,51130
50279,51131
50279,51132
50280,51133
50280,51134
50280,51135
50281,51136
50281,51137
50281,51138
50282,51139
50282,51140
50282,51141
50283,51142
50283,51143
50283,51144
50283,51145
50284,51146
50284,51147
50284,51148
50284,51149
50285,51150
50285,51151
50285,51152
50285,51153
50286,51154
50286,51155
50286,51156
50286,51157
50287,51158
50287,51159
50287,51160
50287,51161
50288,51162
50288,51163
50288,51164
50289,51165
50289,51166
50289,51167
50289,51168
50290,51169
50290,51170
50290,51171
50291,51172
50291,51173
50291,51174
50291,51175
50292,51176
50292,51177
50292,51178
50293,51179
50293,51180
50293,51181
50294,51182
50294,51183
50294,51184
50295,51185
50295,51186
50295,51187
50296,51188
50296,51189
50296,51190
50297,51191
50297,51192
50297,51193
50297,51194
50298,51195
50298,51196
50298,51197
50299,51198
50299,51199
50299,51200
50300,51201
50300,51202
50300,51203
50301,51204
50301,51205
50301,51206
50302,51207
50302,51208
50302,51209
50303,51210
50303,51211
50303,51212
50303,51213
50304,51214
50304,51215
50304,51216
50304,51217
50305,51218
50305,51219
50305,51220
50306,51221
50306,51222
50306,51223
50306,51224
50307,51225
50307,51226
50307,51227
50307,51228
50308,51229
50308,51230
50308,51231
50309,51232
50309,51233
50309,51234
50310,51235
50310,51236
50310,51237
50311,51238
50311,51239
50311,51240
50312,51241
50312,51242
50312,51243
50313,51244
50313,51245
50313,51246
50314,51247
50314,51248
50314,51249
50314,51250
50315,51251
50315,51252
50315,51253
50316,51254
50316,51255
50316,51256
50316,51257
50317,51258
50317,51259
50317,51260
50318,51261
50318,51262
50318,51263
50319,51264
50319,51265
50319,51266
50320,51267
50320,51268
50320,51269
50320,51270
50321,51271
50321,51272
50321,51273
50321,51274
50322,51275
50322,51276
50322,51277
50323,51278
50323,51279
50323,51280
50323,51281
50324,51282
50324,51283
50324,51284
50325,51285
50325,51286
50325,51287
50325,51288
50326,51289
50326,51290
50326,51291
50326,51292
50327,51293
50327,51294
50327,51295
50327,51296
50328,51297
50328,51298
50328,51299
50328,51300
50329,51301
50329,51302
50329,51303
50329,51304
50330,51305
50330,51306
50330,51307
50330,51308
50331,51309
50331,51310
50331,51311
50332,51312
50332,51313
50332,51314
50332,51315
50333,51316
50333,51317
50333,51318
50333,51319
50334,51320
50334,51321
50334,51322
50334,51323
50335,51324
50335,51325
50335,51326
50336,51327
50336,51328
50336,51329
50337,51330
50337,51331
50337,51332
50337,51333
50338,51334
50338,51335
50338,51336
50338,51337
50339,51338
50339,51339
50339,51340
50340,51341
50340,51342
50340,51343
50341,51344
50341,51345
50341,51346
50341,51347
50342,51348
50342,51349
50342,51350
50343,51351
50343,51352
50343,51353
50343,51354
50344,51355
50344,51356
50344,51357
50344,51358
50345,51359
50345,51360
50345,51361
50345,51362
50346,51363
50346,51364
50346,51365
50347,51366
50347,51367
50347,51368
50347,51369
50348,51370
50348,51371
50348,51372
50349,51373
50349,51374
50349,51375
50350,51376
50350,51377
50350,51378
50350,51379
50351,51380
50351,51381
50351,51382
50351,51383
50352,51384
50352,51385
50352,51386
50353,51387
50353,51388
50353,51389
50354,51390
50354,51391
50354,51392
50355,51393
50355,51394
50355,51395
50356,51396
50356,51397
50356,51398
50356,51399
50357,51400
50357,51401
50357,51402
50357,51403
50358,51404
50358,51405
50358,51406
50359,51407
50359,51408
50359,51409
50359,51410
50360,51411
50360,51412
50360,51413
50360,51414
50361,51415
50361,51416
50361,51417
50361,51418
50362,51419
50362,51420
50362,51421
50362,51422
50363,51423
50363,51424
50363,51425
50364,51426
50364,51427
50364,51428
50364,51429
50365,51430
50365,51431
50365,51432
50366,51433
50366,51434
50366,51435
50367,51436
50367,51437
50367,51438
50368,51439
50368,51440
50368,51441
50368,51442
50369,51443
50369,51444
50369,51445
50369,51446
50370,51447
50370,51448
50370,51449
50370,51450
50371,51451
50371,51452
50371,51453
50372,51454
50372,51455
50372,51456
50372,51457
50373,51458
50373,51459
50373,51460
50373,51461
50374,51462
50374,51463
50374,51464
50375,51465
50375,51466
50375,51467
50376,51468
50376,51469
50376,51470
50377,51471
50377,51472
50377,51473
50377,51474
50378,51475
50378,51476
50378,51477
50378,51478
50379,51479
50379,51480
50379,51481
50379,51482
50380,51483
50380,51484
50380,51485
50380,51486
50381,51487
50381,51488
50381,51489
50381,51490
50382,51491
50382,51492
50382,51493
50382,51494
50383,51495
50383,51496
50383,51497
50383,51498
50384,51499
50384,51500
50384,51501
50385,51502
50385,51503
50385,51504
50386,51505
50386,51506
50386,51507
50386,51508
50387,51509
50387,51510
50387,51511
50387,51512
50388,51513
50388,51514
50388,51515
50389,51516
50389,51517
50389,51518
50390,51519
50390,51520
50390,51521
50391,51522
50391,51523
50391,51524
50391,51525
50392,51526
50392,51527
50392,51528
50392,51529
50393,51530
50393,51531
50393,51532
50393,51533
50394,51534
50394,51535
50394,51536
50395,51537
50395,51538
50395,51539
50395,51540
50396,51541
50396,51542
50396,51543
50397,51544
50397,51545
50397,51546
50398,51547
50398,51548
50398,51549
50398,51550
50399,51551
50399,51552
50399,51553
50400,51554
50400,51555
50400,51556
50401,51557
50401,51558
50401,51559
50402,51560
50402,51561
50402,51562
50402,51563
50403,51564
50403,51565
50403,51566
50403,51567
50404,51568
50404,51569
50404,51570
50404,51571
50405,51572
50405,51573
50405,51574
50405,51575
50406,51576
50406,51577
50406,51578
50406,51579
50407,51580
50407,51581
50407,51582
50407,51583
50408,51584
50408,51585
50408,51586
50408,51587
50409,51588
50409,51589
50409,51590
50410,51591
50410,51592
50410,51593
50410,51594
50411,51595
50411,51596
50411,51597
50412,51598
50412,51599
50412,51600
50412,51601
50413,51602
50413,51603
50413,51604
50413,51605
50414,51606
50414,51607
50414,51608
50414,51609
50415,51610
50415,51611
50415,51612
50415,51613
50416,51614
50416,51615
50416,51616
50417,51617
50417,51618
50417,51619
50417,51620
50418,51621
50418,51622
50418,51623
50418,51624
50419,51625
50419,51626
50419,51627
50420,51628
50420,51629
50420,51630
50421,51631
50421,51632
50421,51633
50925,51634
50925,51635
50925,51636
50926,51637
50926,51638
50926,51639
50926,51640
50927,51641
50927,51642
50927,51643
50928,51644
50928,51645
50928,51646
50929,51647
50929,51648
50929,51649
50929,51650
50930,51651
50930,51652
50930,51653
50930,51654
50931,51655
50931,51656
50931,51657
50932,51658
50932,51659
50932,51660
50933,51661
50933,51662
50933,51663
50934,51664
50934,51665
50934,51666
50935,51667
50935,51668
50935,51669
50935,51670
50936,51671
50936,51672
50936,51673
50936,51674
50937,51675
50937,51676
50937,51677
50938,51678
50938,51679
50938,51680
50938,51681
50939,51682
50939,51683
50939,51684
50940,51685
50940,51686
50940,51687
50941,51688
50941,51689
50941,51690
50942,51691
50942,51692
50942,51693
50942,51694
50943,51695
50943,51696
50943,51697
50943,51698
50944,51699
50944,51700
50944,51701
50945,51702
50945,51703
50945,51704
50945,51705
50946,51706
50946,51707
50946,51708
50946,51709
50947,51710
50947,51711
50947,51712
50948,51713
50948,51714
50948,51715
50948,51716
50949,51717
50949,51718
50949,51719
50949,51720
50950,51721
50950,51722
50950,51723
50951,51724
50951,51725
50951,51726
50952,51727
50952,51728
50952,51729
50952,51730
50953,51731
50953,51732
50953,51733
50953,51734
50954,51735
50954,51736
50954,51737
50954,51738
50955,51739
50955,51740
50955,51741
50956,51742
50956,51743
50956,51744
50957,51745
50957,51746
50957,51747
50958,51748
50958,51749
50958,51750
50959,51751
50959,51752
50959,51753
50960,51754
50960,51755
50960,51756
50960,51757
50961,51758
50961,51759
50961,51760
50962,51761
50962,51762
50962,51763
50962,51764
50963,51765
50963,51766
50963,51767
50964,51768
50964,51769
50964,51770
50965,51771
50965,51772
50965,51773
50966,51774
50966,51775
50966,51776
50967,51777
50967,51778
50967,51779
50967,51780
50968,51781
50968,51782
50968,51783
50969,51784
50969,51785
50969,51786
50969,51787
50970,51788
50970,51789
50970,51790
50971,51791
50971,51792
50971,51793
50972,51794
50972,51795
50972,51796
50973,51797
50973,51798
50973,51799
50974,51800
50974,51801
50974,51802
50975,51803
50975,51804
50975,51805
50976,51806
50976,51807
50976,51808
50976,51809
50977,51810
50977,51811
50977,51812
50978,51813
50978,51814
50978,51815
50979,51816
50979,51817
50979,51818
50979,51819
50980,51820
50980,51821
50980,51822
50980,51823
50981,51824
50981,51825
50981,51826
50982,51827
50982,51828
50982,51829
50983,51830
50983,51831
50983,51832
50984,51833
50984,51834
50984,51835
50984,51836
50985,51837
50985,51838
50985,51839
50986,51840
50986,51841
50986,51842
50986,51843
50987,51844
50987,51845
50987,51846
50987,51847
50988,51848
50988,51849
50988,51850
50989,51851
50989,51852
50989,51853
50990,51854
50990,51855
50990,51856
50990,51857
50991,51858
50991,51859
50991,51860
50992,51861
50992,51862
50992,51863
50993,51864
50993,51865
50993,51866
50994,51867
50994,51868
50994,51869
50994,51870
50995,51871
50995,51872
50995,51873
50995,51874
50996,51875
50996,51876
50996,51877
50996,51878
50997,51879
50997,51880
50997,51881
50998,51882
50998,51883
50998,51884
50999,51885
50999,51886
50999,51887
51000,51888
51000,51889
51000,51890
51001,51891
51001,51892
51001,51893
51001,51894
51002,51895
51002,51896
51002,51897
51002,51898
51003,51899
51003,51900
51003,51901
51003,51902
51004,51903
51004,51904
51004,51905
51005,51906
51005,51907
51005,51908
51006,51909
51006,51910
51006,51911
51007,51912
51007,51913
51007,51914
51008,51915
51008,51916
51008,51917
51009,51918
51009,51919
51009,51920
51010,51921
51010,51922
51010,51923
51011,51924
51011,51925
51011,51926
51011,51927
51012,51928
51012,51929
51012,51930
51012,51931
51013,51932
51013,51933
51013,51934
51013,51935
51014,51936
51014,51937
51014,51938
51014,51939
51015,51940
51015,51941
51015,51942
51016,51943
51016,51944
51016,51945
51016,51946
51017,51947
51017,51948
51017,51949
51018,51950
51018,51951
51018,51952
51018,51953
51019,51954
51019,51955
51019,51956
51019,51957
51020,51958
51020,51959
51020,51960
51021,51961
51021,51962
51021,51963
51022,51964
51022,51965
51022,51966
51022,51967
51023,51968
51023,51969
51023,51970
51023,51971
51024,51972
51024,51973
51024,51974
51024,51975
51025,51976
51025,51977
51025,51978
51026,51979
51026,51980
51026,51981
51027,51982
51027,51983
51027,51984
51028,51985
51028,51986
51028,51987
51028,51988
51029,51989
51029,51990
51029,51991
51029,51992
51030,51993
51030,51994
51030,51995
51030,51996
51031,51997
51031,51998
51031,51999
51031,52000
51032,52001
51032,52002
51032,52003
51032,52004
51033,52005
51033,52006
51033,52007
51033,52008
51034,52009
51034,52010
51034,52011
51034,52012
51035,52013
51035,52014
51035,52015
51035,52016
51036,52017
51036,52018
51036,52019
51037,52020
51037,52021
51037,52022
51038,52023
51038,52024
51039,52025
51039,52026
51039,52027
51040,52028
51040,52029
51040,52030
51041,52031
51041,52032
51041,52033
51041,52034
51042,52035
51042,52036
51042,52037
51043,52038
51043,52039
51043,52040
51044,52041
51044,52042
51044,52043
51044,52044
51045,52045
51045,52046
51045,52047
51046,52048
51046,52049
51046,52050
51046,52051
51047,52052
51047,52053
51047,52054
51047,52055
51048,52056
51048,52057
51048,52058
51048,52059
51049,52060
51049,52061
51049,52062
51050,52063
51050,52064
51050,52065
51050,52066
51051,52067
51051,52068
51051,52069
51051,52070
51052,52071
51052,52072
51052,52073
51053,52074
51053,52075
51053,52076
51053,52077
51054,52078
51054,52079
51054,52080
51055,52081
51055,52082
51055,52083
51055,52084
51056,52085
51056,52086
51056,52087
51056,52088
51057,52089
51057,52090
51057,52091
51057,52092
51058,52093
51058,52094
51058,52095
51059,52096
51059,52097
51059,52098
51060,52099
51060,52100
51060,52101
51061,52102
51061,52103
51061,52104
51061,52105
51062,52106
51062,52107
51062,52108
51063,52109
51063,52110
51063,52111
51063,52112
51064,52113
51064,52114
51064,52115
51065,52116
51065,52117
51065,52118
51065,52119
51066,52120
51066,52121
51066,52122
51067,52123
51067,52124
51067,52125
51067,52126
51068,52127
51068,52128
51068,52129
51069,52130
51069,52131
51069,52132
51069,52133
51070,52134
51070,52135
51070,52136
51071,52137
51071,52138
51071,52139
51071,52140
51072,52141
51072,52142
51072,52143
51073,52144
51073,52145
51073,52146
51073,52147
51074,52148
51074,52149
51074,52150
51075,52151
51075,52152
51075,52153
51075,52154
51076,52155
51076,52156
51076,52157
51077,52158
51077,52159
51077,52160
51078,52161
51078,52162
51078,52163
51079,52164
51079,52165
51079,52166
51079,52167
51080,52168
51080,52169
51080,52170
51081,52171
51081,52172
51081,52173
51082,52174
51082,52175
51082,52176
51082,52177
51083,52178
51083,52179
51083,52180
51083,52181
51084,52182
51084,52183
51084,52184
51085,52185
51085,52186
51085,52187
51086,52188
51086,52189
51086,52190
51086,52191
51087,52192
51087,52193
51087,52194
51087,52195
51088,52196
51088,52197
51088,52198
51089,52199
51089,52200
51089,52201
51089,52202
51090,52203
51090,52204
51090,52205
51091,52206
51091,52207
51091,52208
51092,52209
51092,52210
51092,52211
51093,52212
51093,52213
51093,52214
51093,52215
51094,52216
51094,52217
51094,52218
51094,52219
51095,52220
51095,52221
51095,52222
51095,52223
51096,52224
51096,52225
51096,52226
51097,52227
51097,52228
51097,52229
51097,52230
51098,52231
51098,52232
51098,52233
51099,52234
51099,52235
51099,52236
51099,52237
51100,52238
51100,52239
51100,52240
51101,52241
51101,52242
51101,52243
51101,52244
51102,52245
51102,52246
51102,52247
51103,52248
51103,52249
51103,52250
51103,52251
51104,52252
51104,52253
51104,52254
51105,52255
51105,52256
51105,52257
51105,52258
51106,52259
51106,52260
51106,52261
51106,52262
51107,52263
51107,52264
51107,52265
51108,52266
51108,52267
51108,52268
51109,52269
51109,52270
51109,52271
51110,52272
51110,52273
51110,52274
51111,52275
51111,52276
51111,52277
51111,52278
51112,52279
51112,52280
51112,52281
51113,52282
51113,52283
51113,52284
51113,52285
51114,52286
51114,52287
51114,52288
51114,52289
51115,52290
51115,52291
51115,52292
51116,52293
51116,52294
51116,52295
51117,52296
51117,52297
51117,52298
51118,52299
51118,52300
51118,52301
51119,52302
51119,52303
51119,52304
51120,52305
51120,52306
51120,52307
51120,52308
51121,52309
51121,52310
51121,52311
51121,52312
51122,52313
51122,52314
51122,52315
51123,52316
51123,52317
51123,52318
51124,52319
51124,52320
51124,52321
51124,52322
51125,52323
51125,52324
51125,52325
51125,52326
51634,52330
51634,52331
51634,52332
51634,52333
51635,52334
51635,52335
51635,52336
51636,52337
51636,52338
51636,52339
51636,52340
51637,52341
51637,52342
51637,52343
51638,52344
51638,52345
51638,52346
51638,52347
51639,52348
51639,52349
51639,52350
51639,52351
51640,52352
51640,52353
51640,52354
51641,52355
51641,52356
51641,52357
51642,52358
51642,52359
51642,52360
51642,52361
51643,52362
51643,52363
51643,52364
51643,52365
51644,52366
51644,52367
51644,52368
51645,52369
51645,52370
51645,52371
51645,52372
51646,52373
51646,52374
51646,52375
51646,52376
51647,52377
51647,52378
51647,52379
51647,52380
51648,52381
51648,52382
51648,52383
51648,52384
51649,52385
51649,52386
51649,52387
51650,52388
51650,52389
51650,52390
51651,52391
51651,52392
51651,52393
51651,52394
51652,52395
51652,52396
51652,52397
51652,52398
51653,52399
51653,52400
51653,52401
51654,52402
51654,52403
51654,52404
51654,52405
51655,52406
51655,52407
51655,52408
51655,52409
51656,52410
51656,52411
51656,52412
51656,52413
51657,52414
51657,52415
51657,52416
51658,52417
51658,52418
51658,52419
51658,52420
51659,52421
51659,52422
51659,52423
51660,52424
51660,52425
51660,52426
51661,52427
51661,52428
51661,52429
51662,52430
51662,52431
51662,52432
51663,52433
51663,52434
51663,52435
51663,52436
51664,52437
51664,52438
51664,52439
51665,52440
51665,52441
51665,52442
51666,52443
51666,52444
51666,52445
51667,52446
51667,52447
51667,52448
51668,52449
51668,52450
51668,52451
51668,52452
51669,52453
51669,52454
51669,52455
51669,52456
51670,52457
51670,52458
51670,52459
51670,52460
51671,52461
51671,52462
51671,52463
51672,52464
51672,52465
51672,52466
51672,52467
51673,52468
51673,52469
51673,52470
51673,52471
51674,52472
51674,52473
51674,52474
51675,52475
51675,52476
51675,52477
51676,52478
51676,52479
51676,52480
51677,52481
51677,52482
51677,52483
51677,52484
51678,52485
51678,52486
51678,52487
51678,52488
51679,52489
51679,52490
51679,52491
51679,52492
51680,52493
51680,52494
51680,52495
51680,52496
51681,52497
51681,52498
51681,52499
51682,52500
51682,52501
51682,52502
51683,52503
51683,52504
51683,52505
51683,52506
51684,52507
51684,52508
51684,52509
51685,52510
51685,52511
51685,52512
51686,52513
51686,52514
51686,52515
51687,52516
51687,52517
51687,52518
51687,52519
51688,52520
51688,52521
51688,52522
51688,52523
51689,52524
51689,52525
51689,52526
51689,52527
51690,52528
51690,52529
51690,52530
51691,52531
51691,52532
51691,52533
51691,52534
51692,52535
51692,52536
51692,52537
51692,52538
51693,52539
51693,52540
51693,52541
51693,52542
51694,52543
51694,52544
51694,52545
51695,52546
51695,52547
51695,52548
51696,52549
51696,52550
51696,52551
51697,52552
51697,52553
51697,52554
51697,52555
51698,52556
51698,52557
51698,52558
51699,52559
51699,52560
51699,52561
51700,52562
51700,52563
51700,52564
51700,52565
51701,52566
51701,52567
51701,52568
51701,52569
51702,52570
51702,52571
51702,52572
51703,52573
51703,52574
51703,52575
51704,52576
51704,52577
51704,52578
51705,52579
51705,52580
51705,52581
51706,52582
51706,52583
51706,52584
51707,52585
51707,52586
51707,52587
51708,52588
51708,52589
51708,52590
51709,52591
51709,52592
51709,52593
51709,52594
51710,52595
51710,52596
51710,52597
51711,52598
51711,52599
51711,52600
51711,52601
51712,52602
51712,52603
51712,52604
51712,52605
51713,52606
51713,52607
51713,52608
51713,52609
51714,52610
51714,52611
51714,52612
51715,52613
51715,52614
51715,52615
51716,52472
51716,52616
51716,52617
51717,52618
51717,52619
51717,52620
51718,52621
51718,52622
51718,52623
51719,52624
51719,52625
51719,52626
51719,52627
51720,52628
51720,52629
51720,52630
51720,52631
51721,52632
51721,52633
51721,52634
51722,52635
51722,52636
51722,52637
51722,52638
51723,52639
51723,52640
51723,52641
51723,52642
51724,52643
51724,52644
51724,52645
51724,52646
51725,52647
51725,52648
51725,52649
51725,52650
51726,52651
51726,52652
51726,52653
51727,52654
51727,52655
51727,52656
51728,52657
51728,52658
51728,52659
51728,52660
51729,52661
51729,52662
51729,52663
51729,52664
51730,52665
51730,52666
51730,52667
51731,52668
51731,52669
51731,52670
51732,52671
51732,52672
51732,52673
51733,52674
51733,52675
51733,52676
51734,52677
51734,52678
51734,52679
51734,52680
51735,52681
51735,52682
51735,52683
51736,52684
51736,52685
51736,52686
51736,52687
51737,52688
51737,52689
51737,52690
51738,52691
51738,52692
51738,52693
51739,52694
51739,52695
51739,52696
51740,52697
51740,52698
51740,52699
51741,52700
51741,52701
51741,52702
51742,52703
51742,52704
51742,52705
51743,52706
51743,52707
51743,52708
51744,52709
51744,52710
51744,52711
51744,52712
51745,52713
51745,52714
51745,52715
51745,52716
51746,52717
51746,52718
51746,52719
51747,52720
51747,52721
51747,52722
51748,52723
51748,52724
51748,52725
51748,52726
51749,52727
51749,52728
51749,52729
51749,52730
51750,52731
51750,52732
51750,52733
51751,52734
51751,52735
51751,52736
51751,52737
51752,52738
51752,52739
51752,52740
51752,52741
51753,52742
51753,52743
51753,52744
51753,52745
51754,52746
51754,52747
51754,52748
51755,52749
51755,52750
51755,52751
51755,52752
51756,52753
51756,52754
51756,52755
51756,52756
51757,52757
51757,52758
51757,52759
51757,52760
51758,52761
51758,52762
51758,52763
51758,52764
51759,52765
51759,52766
51759,52767
51759,52768
51760,52769
51760,52770
51760,52771
51760,52772
51761,52773
51761,52774
51761,52775
51761,52776
51762,52777
51762,52778
51762,52779
51763,52780
51763,52781
51763,52782
51764,52783
51764,52784
51764,52785
51764,52786
51765,52787
51765,52788
51765,52789
51766,52790
51766,52791
51766,52792
51767,52793
51767,52794
51767,52795
51768,52796
51768,52797
51768,52798
51768,52799
51769,52800
51769,52801
51769,52802
51770,52803
51770,52804
51770,52805
51770,52806
51771,52807
51771,52808
51771,52809
51771,52810
51772,52811
51772,52812
51772,52813
51772,52814
51773,52815
51773,52816
51773,52817
51773,52818
51774,52819
51774,52820
51774,52821
51775,52822
51775,52823
51775,52824
51776,52825
51776,52826
51776,52827
51777,52828
51777,52829
51777,52830
51777,52831
51778,52832
51778,52833
51778,52834
51779,52835
51779,52836
51779,52837
51780,52838
51780,52839
51780,52840
51781,52841
51781,52842
51781,52843
51781,52844
51782,52845
51782,52846
51782,52847
51783,52848
51783,52849
51783,52850
51783,52851
51784,52852
51784,52853
51784,52854
51785,52855
51785,52856
51785,52857
51786,52858
51786,52859
51786,52860
51786,52861
51787,52862
51787,52863
51787,52864
51787,52865
51788,52866
51788,52867
51788,52868
51789,52869
51789,52870
51789,52871
51790,52872
51790,52873
51790,52874
51790,52875
51791,52876
51791,52877
51791,52878
51792,52879
51792,52880
51792,52881
51793,52882
51793,52883
51793,52884
51793,52885
51794,52886
51794,52887
51794,52888
51794,52889
51795,52890
51795,52891
51795,52892
51796,52893
51796,52894
51796,52895
51797,52896
51797,52897
51797,52898
51797,52899
51798,52900
51798,52901
51798,52902
51799,52903
51799,52904
51799,52905
51799,52906
51800,52907
51800,52908
51800,52909
51800,52910
51801,52911
51801,52912
51801,52913
51801,52914
51802,52915
51802,52916
51802,52917
51803,52918
51803,52919
51803,52920
51804,52921
51804,52922
51804,52923
51804,52924
51805,52925
51805,52926
51805,52927
51805,52928
51806,52929
51806,52930
51806,52931
51806,52932
51807,52933
51807,52934
51807,52935
51808,52936
51808,52937
51808,52938
51808,52939
51809,52940
51809,52941
51809,52942
51809,52943
51810,52944
51810,52945
51810,52946
51811,52947
51811,52948
51811,52949
51812,52950
51812,52951
51812,52952
51812,52953
51813,52954
51813,52955
51813,52956
51814,52957
51814,52958
51814,52959
51815,52960
51815,52961
51815,52962
51815,52963
51816,52964
51816,52965
51816,52966
51816,52967
51817,52968
51817,52969
51817,52970
51817,52971
51818,52972
51818,52973
51818,52974
51819,52975
51819,52976
51819,52977
51819,52978
51820,52979
51820,52980
51820,52981
51820,52982
51821,52983
51821,52984
51821,52985
51822,52986
51822,52987
51822,52988
51822,52989
51823,52990
51823,52991
51823,52992
51823,52993
51824,52994
51824,52995
51824,52996
51824,52997
51825,52998
51825,52999
51825,53000
51825,53001
51826,53002
51826,53003
51826,53004
51826,53005
51827,53006
51827,53007
51827,53008
51827,53009
51828,53010
51828,53011
51828,53012
51828,53013
51829,53014
51829,53015
51829,53016
51830,53017
51830,53018
51830,53019
51831,53020
51831,53021
51831,53022
51831,53023
51832,53024
51832,53025
51832,53026
51832,53027
51833,53028
51833,53029
51833,53030
51833,53031
52023,52327
52023,52328
52023,52329
52327,53035
52327,53036
52327,53037
52328,53038
52328,53039
52328,53040
52329,53041
52329,53042
52329,53043
52330,53044
52330,53045
52330,53046
52330,53047
52331,53048
52331,53049
52331,53050
52332,53051
52332,53052
52332,53053
52333,53054
52333,53055
52333,53056
52333,53057
52334,53058
52334,53059
52334,53060
52335,53061
52335,53062
52335,53063
52335,53064
52336,53065
52336,53066
52336,53067
52336,53068
52337,53069
52337,53070
52337,53071
52337,53072
52338,53073
52338,53074
52338,53075
52339,53076
52339,53077
52339,53078
52340,53079
52340,53080
52340,53081
52340,53082
52341,53083
52341,53084
52341,53085
52341,53086
52342,53087
52342,53088
52342,53089
52343,53090
52343,53091
52343,53092
52344,53093
52344,53094
52344,53095
52344,53096
52345,53097
52345,53098
52345,53099
52346,53100
52346,53101
52346,53102
52346,53103
52347,53104
52347,53105
52347,53106
52347,53107
52348,53108
52348,53109
52348,53110
52349,53111
52349,53112
52349,53113
52349,53114
52350,53115
52350,53116
52350,53117
52350,53118
52351,53119
52351,53120
52351,53121
52351,53122
52352,53123
52352,53124
52352,53125
52353,53126
52353,53127
52353,53128
52354,53129
52354,53130
52354,53131
52354,53132
52355,53133
52355,53134
52355,53135
52355,53136
52356,53137
52356,53138
52356,53139
52357,53140
52357,53141
52357,53142
52357,53143
52358,53144
52358,53145
52358,53146
52358,53147
52359,53148
52359,53149
52359,53150
52359,53151
52360,53152
52360,53153
52360,53154
52360,53155
52361,53156
52361,53157
52361,53158
52362,53159
52362,53160
52362,53161
52362,53162
52363,53163
52363,53164
52363,53165
52363,53166
52364,53167
52364,53168
52364,53169
52365,53170
52365,53171
52365,53172
52366,53173
52366,53174
52366,53175
52367,53176
52367,53177
52367,53178
52368,53179
52368,53180
52368,53181
52369,53182
52369,53183
52369,53184
52370,53185
52370,53186
52370,53187
52370,53188
52371,53189
52371,53190
52371,53191
52372,53192
52372,53193
52372,53194
52372,53195
52373,53196
52373,53197
52373,53198
52373,53199
52374,53200
52374,53201
52374,53202
52374,53203
52375,53204
52375,53205
52375,53206
52375,53207
52376,53208
52376,53209
52376,53210
52377,53211
52377,53212
52377,53213
52377,53214
52378,53215
52378,53216
52378,53217
52378,53218
52379,53219
52379,53220
52379,53221
52379,53222
52380,53223
52380,53224
52380,53225
52381,53226
52381,53227
52381,53228
52381,53229
52382,53230
52382,53231
52382,53232
52383,53233
52383,53234
52383,53235
52384,53236
52384,53237
52384,53238
52385,53239
52385,53240
52385,53241
52386,53242
52386,53243
52386,53244
52386,53245
52387,53246
52387,53247
52387,53248
52388,53249
52388,53250
52388,53251
52389,53252
52389,53253
52389,53254
52389,53255
52390,53256
52390,53257
52390,53258
52390,53259
52391,53260
52391,53261
52391,53262
52392,53263
52392,53264
52392,53265
52392,53266
52393,53267
52393,53268
52393,53269
52393,53270
52394,53271
52394,53272
52394,53273
52395,53274
52395,53275
52395,53276
52395,53277
52396,53278
52396,53279
52396,53280
52397,53281
52397,53282
52397,53283
52397,53284
52398,53285
52398,53286
52398,53287
52398,53288
52399,53289
52399,53290
52399,53291
52400,53292
52400,53293
52400,53294
52401,53295
52401,53296
52401,53297
52401,53298
52402,53299
52402,53300
52402,53301
52403,53302
52403,53303
52403,53304
52403,53305
52404,53306
52404,53307
52404,53308
52404,53309
52405,53310
52405,53311
52405,53312
52405,53313
52406,53314
52406,53315
52406,53316
52407,53317
52407,53318
52407,53319
52407,53320
52408,53321
52408,53322
52408,53323
52408,53324
52409,53325
52409,53326
52409,53327
52409,53328
52410,53329
52410,53330
52410,53331
52411,53332
52411,53333
52411,53334
52411,53335
52412,53336
52412,53337
52412,53338
52413,53339
52413,53340
52413,53341
52413,53342
52414,53343
52414,53344
52414,53345
52415,53346
52415,53347
52415,53348
52415,53349
52416,53350
52416,53351
52416,53352
52417,53353
52417,53354
52417,53355
52417,53356
52418,53357
52418,53358
52418,53359
52419,53360
52419,53361
52419,53362
52419,53363
52420,53364
52420,53365
52420,53366
52421,53367
52421,53368
52421,53369
52422,53370
52422,53371
52422,53372
52422,53373
52423,53374
52423,53375
52423,53376
52424,53377
52424,53378
52424,53379
52425,53380
52425,53381
52425,53382
52426,53383
52426,53384
52426,53385
52426,53386
52427,53387
52427,53388
52427,53389
52428,53390
52428,53391
52428,53392
52429,53393
52429,53394
52429,53395
52430,53396
52430,53397
52430,53398
52430,53399
52431,53400
52431,53401
52431,53402
52432,53403
52432,53404
52432,53405
52432,53406
52433,53407
52433,53408
52433,53409
52434,53410
52434,53411
52434,53412
52435,53413
52435,53414
52435,53415
52436,53416
52436,53417
52436,53418
52436,53419
52437,53420
52437,53421
52437,53422
52438,53423
52438,53424
52438,53425
52438,53426
52439,53427
52439,53428
52439,53429
52440,53430
52440,53431
52440,53432
52440,53433
52441,53434
52441,53435
52441,53436
52442,53437
52442,53438
52442,53439
52442,53440
52443,53441
52443,53442
52443,53443
52444,53444
52444,53445
52444,53446
52445,53447
52445,53448
52445,53449
52445,53450
52446,53451
52446,53452
52446,53453
52447,53454
52447,53455
52447,53456
52447,53457
52448,53458
52448,53459
52448,53460
52449,53461
52449,53462
52449,53463
52449,53464
52450,53465
52450,53466
52450,53467
52450,53468
52451,53469
52451,53470
52451,53471
52452,53472
52452,53473
52452,53474
52452,53475
52453,53476
52453,53477
52453,53478
52453,53479
52454,53480
52454,53481
52454,53482
52454,53483
52455,53484
52455,53485
52455,53486
52455,53487
52456,53488
52456,53489
52456,53490
52456,53491
52457,53492
52457,53493
52457,53494
52458,53495
52458,53496
52458,53497
52459,53498
52459,53499
52459,53500
52460,53501
52460,53502
52460,53503
52461,53504
52461,53505
52461,53506
52462,53507
52462,53508
52462,53509
52462,53510
52463,53511
52463,53512
52463,53513
52463,53514
52464,53515
52464,53516
52464,53517
52464,53518
52465,53519
52465,53520
52465,53521
52466,53522
52466,53523
52466,53524
52467,53525
52467,53526
52467,53527
52468,53528
52468,53529
52468,53530
52469,53531
52469,53532
52469,53533
52469,53534
52470,53535
52470,53536
52470,53537
52471,53538
52471,53539
52471,53540
52471,53541
52472,53032
52472,53033
52472,53034
52473,53542
52473,53543
52473,53544
52474,53545
52474,53546
52474,53547
52474,53548
52475,53549
52475,53550
52475,53551
52475,53552
52476,53553
52476,53554
52476,53555
52476,53556
52477,53557
52477,53558
52477,53559
52478,53560
52478,53561
52478,53562
52479,53563
52479,53564
52479,53565
52480,53566
52480,53567
52480,53568
52481,53569
52481,53570
52481,53571
52481,53572
52482,53573
52482,53574
52482,53575
52482,53576
52483,53577
52483,53578
52483,53579
52484,53580
52484,53581
52484,53582
52485,53583
52485,53584
52485,53585
52486,53586
52486,53587
52486,53588
52487,53589
52487,53590
52487,53591
52488,53592
52488,53593
52488,53594
52488,53595
52489,53596
52489,53597
52489,53598
52489,53599
52490,53600
52490,53601
52490,53602
52491,53603
52491,53604
52491,53605
52491,53606
52492,53607
52492,53608
52492,53609
52493,53610
52493,53611
52493,53612
52493,53613
52494,53614
52494,53615
52494,53616
52495,53617
52495,53618
52495,53619
52495,53620
52496,53621
52496,53622
52496,53623
52496,53624
52497,53625
52497,53626
52497,53627
52498,53628
52498,53629
52498,53630
52499,53631
52499,53632
52499,53633
52500,53634
52500,53635
52500,53636
52501,53637
52501,53638
52501,53639
52502,53640
52502,53641
52502,53642
52503,53643
52503,53644
52503,53645
52504,53646
52504,53647
52504,53648
52504,53649
52505,53650
52505,53651
52505,53652
52506,53653
52506,53654
52506,53655
52506,53656
52507,53657
52507,53658
52507,53659
52507,53660
52508,53661
52508,53662
52508,53663
52509,53664
52509,53665
52509,53666
52510,53667
52510,53668
52510,53669
52510,53670
52511,53671
52511,53672
52511,53673
52512,53674
52512,53675
52512,53676
52513,53677
52513,53678
52513,53679
52513,53680
52514,53681
52514,53682
52514,53683
52515,53684
52515,53685
52515,53686
52516,53687
52516,53688
52516,53689
52517,53690
52517,53691
52517,53692
52518,53693
52518,53694
52518,53695
52519,53696
52519,53697
52519,53698
52519,53699
52520,53700
52520,53701
52520,53702
52521,53703
52521,53704
52521,53705
52522,53706
52522,53707
52522,53708
52523,53709
52523,53710
52523,53711
52523,53712
52524,53713
52524,53714
52524,53715
52524,53716
52525,53717
52525,53718
52525,53719
52525,53720
52526,53721
52526,53722
52526,53723
52527,53724
52527,53725
52527,53726
53032,53727
53032,53728
53032,53729
53033,53730
53033,53731
53033,53732
53034,53733
53034,53734
53034,53735
53035,53736
53035,53737
53035,53738
53036,53739
53036,53740
53036,53741
53036,53742
53037,53743
53037,53744
53037,53745
53038,53746
53038,53747
53038,53748
53039,53749
53039,53750
53039,53751
53040,53752
53040,53753
53040,53754
53041,53755
53041,53756
53041,53757
53041,53758
53042,53759
53042,53760
53042,53761
53042,53762
53043,53763
53043,53764
53043,53765
53043,53766
53044,53767
53044,53768
53044,53769
53044,53770
53045,53771
53045,53772
53045,53773
53046,53774
53046,53775
53046,53776
53046,53777
53047,53778
53047,53779
53047,53780
53047,53781
53048,53782
53048,53783
53048,53784
53049,53785
53049,53786
53049,53787
53050,53788
53050,53789
53050,53790
53050,53791
53051,53792
53051,53793
53051,53794
53051,53795
53052,53796
53052,53797
53052,53798
53052,53799
53053,53800
53053,53801
53053,53802
53054,53803
53054,53804
53054,53805
53054,53806
53055,53807
53055,53808
53055,53809
53056,53810
53056,53811
53056,53812
53056,53813
53057,53814
53057,53815
53057,53816
53057,53817
53058,53818
53058,53819
53058,53820
53058,53821
53059,53822
53059,53823
53059,53824
53060,53825
53060,53826
53060,53827
53060,53828
53061,53829
53061,53830
53061,53831
53062,53832
53062,53833
53062,53834
53063,53835
53063,53836
53063,53837
53064,53838
53064,53839
53064,53840
53064,53841
53065,53842
53065,53843
53065,53844
53065,53845
53066,53846
53066,53847
53066,53848
53067,53849
53067,53850
53067,53851
53068,53852
53068,53853
53068,53854
53068,53855
53069,53856
53069,53857
53069,53858
53069,53859
53070,53860
53070,53861
53070,53862
53071,53863
53071,53864
53071,53865
53071,53866
53072,53867
53072,53868
53072,53869
53073,53870
53073,53871
53073,53872
53073,53873
53074,53874
53074,53875
53074,53876
53075,53877
53075,53878
53075,53879
53076,53880
53076,53881
53076,53882
53076,53883
53077,53884
53077,53885
53077,53886
53077,53887
53078,53888
53078,53889
53078,53890
53078,53891
53079,53892
53079,53893
53079,53894
53080,53895
53080,53896
53080,53897
53081,53898
53081,53899
53081,53900
53081,53901
53082,53902
53082,53903
53082,53904
53083,53905
53083,53906
53083,53907
53083,53908
53084,53909
53084,53910
53084,53911
53084,53912
53085,53913
53085,53914
53085,53915
53085,53916
53086,53917
53086,53918
53086,53919
53087,53920
53087,53921
53087,53922
53087,53923
53088,53924
53088,53925
53088,53926
53088,53927
53089,53928
53089,53929
53089,53930
53089,53931
53090,53932
53090,53933
53090,53934
53091,53935
53091,53936
53091,53937
53091,53938
53092,53939
53092,53940
53092,53941
53092,53942
53093,53943
53093,53944
53093,53945
53093,53946
53094,53947
53094,53948
53094,53949
53095,53950
53095,53951
53095,53952
53096,53953
53096,53954
53096,53955
53097,53956
53097,53957
53097,53958
53098,53959
53098,53960
53098,53961
53099,53962
53099,53963
53099,53964
53099,53965
53100,53966
53100,53967
53100,53968
53101,53969
53101,53970
53101,53971
53102,53972
53102,53973
53102,53974
53103,53975
53103,53976
53103,53977
53103,53978
53104,53979
53104,53980
53104,53981
53104,53982
53105,53983
53105,53984
53105,53985
53105,53986
53106,53987
53106,53988
53106,53989
53106,53990
53107,53991
53107,53992
53107,53993
53108,53994
53108,53995
53108,53996
53109,53997
53109,53998
53109,53999
53110,54000
53110,54001
53110,54002
53110,54003
53111,54004
53111,54005
53111,54006
53111,54007
53112,54008
53112,54009
53112,54010
53112,54011
53113,54012
53113,54013
53113,54014
53113,54015
53114,54016
53114,54017
53114,54018
53115,54019
53115,54020
53115,54021
53116,54022
53116,54023
53116,54024
53117,54025
53117,54026
53117,54027
53118,54028
53118,54029
53118,54030
53118,54031
53119,54032
53119,54033
53119,54034
53120,54035
53120,54036
53120,54037
53121,54038
53121,54039
53121,54040
53122,54041
53122,54042
53122,54043
53122,54044
53123,54045
53123,54046
53123,54047
53124,54048
53124,54049
53124,54050
53124,54051
53125,54052
53125,54053
53125,54054
53125,54055
53126,54056
53126,54057
53126,54058
53126,54059
53127,54060
53127,54061
53127,54062
53127,54063
53128,54064
53128,54065
53128,54066
53129,54067
53129,54068
53129,54069
53130,54070
53130,54071
53130,54072
53131,54073
53131,54074
53131,54075
53131,54076
53132,54077
53132,54078
53132,54079
53132,54080
53133,54081
53133,54082
53133,54083
53133,54084
53134,54085
53134,54086
53134,54087
53134,54088
53135,54089
53135,54090
53135,54091
53135,54092
53136,54093
53136,54094
53136,54095
53137,54096
53137,54097
53137,54098
53138,54099
53138,54100
53138,54101
53138,54102
53139,54103
53139,54104
53139,54105
53140,54106
53140,54107
53140,54108
53141,54109
53141,54110
53141,54111
53141,54112
53142,54113
53142,54114
53142,54115
53143,54116
53143,54117
53143,54118
53143,54119
53144,54120
53144,54121
53144,54122
53145,54123
53145,54124
53145,54125
53146,54126
53146,54127
53146,54128
53147,54129
53147,54130
53147,54131
53148,54132
53148,54133
53148,54134
53149,54135
53149,54136
53149,54137
53150,54138
53150,54139
53150,54140
53150,54141
53151,54142
53151,54143
53151,54144
53152,54145
53152,54146
53152,54147
53153,54148
53153,54149
53153,54150
53153,54151
53154,54152
53154,54153
53154,54154
53154,54155
53155,54156
53155,54157
53155,54158
53155,54159
53156,54160
53156,54161
53156,54162
53157,54163
53157,54164
53157,54165
53157,54166
53158,54167
53158,54168
53158,54169
53158,54170
53159,54171
53159,54172
53159,54173
53159,54174
53160,54175
53160,54176
53160,54177
53160,54178
53161,54179
53161,54180
53161,54181
53161,54182
53162,54183
53162,54184
53162,54185
53162,54186
53163,54187
53163,54188
53163,54189
53164,54190
53164,54191
53164,54192
53164,54193
53165,54194
53165,54195
53165,54196
53166,54197
53166,54198
53166,54199
53167,54200
53167,54201
53167,54202
53167,54203
53168,54204
53168,54205
53168,54206
53168,54207
53169,54208
53169,54209
53169,54210
53170,54211
53170,54212
53170,54213
53170,54214
53171,54215
53171,54216
53171,54217
53171,54218
53172,54219
53172,54220
53172,54221
53173,54222
53173,54223
53173,54224
53174,54225
53174,54226
53174,54227
53175,54228
53175,54229
53175,54230
53175,54231
53176,54232
53176,54233
53176,54234
53176,54235
53177,54236
53177,54237
53177,54238
53178,54239
53178,54240
53178,54241
53179,54242
53179,54243
53179,54244
53179,54245
53180,54246
53180,54247
53180,54248
53180,54249
53181,54250
53181,54251
53181,54252
53182,54253
53182,54254
53182,54255
53182,54256
53183,54257
53183,54258
53183,54259
53184,54260
53184,54261
53184,54262
53185,54263
53185,54264
53185,54265
53186,54266
53186,54267
53186,54268
53186,54269
53187,54270
53187,54271
53187,54272
53188,54273
53188,54274
53188,54275
53188,54276
53189,54277
53189,54278
53189,54279
53190,54280
53190,54281
53190,54282
53191,54283
53191,54284
53191,54285
53191,54286
53192,54287
53192,54288
53192,54289
53193,54290
53193,54291
53193,54292
53193,54293
53194,54294
53194,54295
53194,54296
53195,54297
53195,54298
53195,54299
53195,54300
53196,54301
53196,54302
53196,54303
53196,54304
53197,54305
53197,54306
53197,54307
53198,54308
53198,54309
53198,54310
53199,54311
53199,54312
53199,54313
53200,54314
53200,54315
53200,54316
53200,54317
53201,54318
53201,54319
53201,54320
53201,54321
53202,54322
53202,54323
53202,54324
53203,54325
53203,54326
53203,54327
53204,54328
53204,54329
53204,54330
53204,54331
53205,54332
53205,54333
53205,54334
53206,54335
53206,54336
53206,54337
53206,54338
53207,54339
53207,54340
53207,54341
53207,54342
53208,54343
53208,54344
53208,54345
53208,54346
53209,54347
53209,54348
53209,54349
53209,54350
53210,54351
53210,54352
53210,54353
53210,54354
53211,54355
53211,54356
53211,54357
53212,54358
53212,54359
53212,54360
53212,54361
53213,54362
53213,54363
53213,54364
53213,54365
53214,54366
53214,54367
53214,54368
53214,54369
53215,54370
53215,54371
53215,54372
53215,54373
53216,54374
53216,54375
53216,54376
53217,54377
53217,54378
53217,54379
53217,54380
53218,54381
53218,54382
53218,54383
53219,54384
53219,54385
53219,54386
53220,54387
53220,54388
53220,54389
53220,54390
53221,54391
53221,54392
53221,54393
53222,54394
53222,54395
53222,54396
53223,54397
53223,54398
53223,54399
53224,54400
53224,54401
53224,54402
53224,54403
53225,54404
53225,54405
53225,54406
53226,54407
53226,54408
53226,54409
53226,54410
53227,54411
53227,54412
53227,54413
53227,54414
53228,54415
53228,54416
53228,54417
53228,54418
53229,54419
53229,54420
53229,54421
53230,54422
53230,54423
53230,54424
53230,54425
53231,54426
53231,54427
53231,54428
53231,54429
53232,54430
53232,54431
53232,54432
53232,54433
53727,54437
53727,54438
53727,54439
53728,54440
53728,54441
53728,54442
53729,54443
53729,54444
53729,54445
53730,54446
53730,54447
53730,54448
53730,54449
53731,54450
53731,54451
53731,54452
53732,54453
53732,54454
53732,54455
53733,54456
53733,54457
53733,54458
53734,54459
53734,54460
53734,54461
53735,54462
53735,54463
53735,54464
53736,54465
53736,54466
53736,54467
53737,54468
53737,54469
53737,54470
53738,54471
53738,54472
53738,54473
53738,54474
53739,54475
53739,54476
53739,54477
53739,54478
53740,54479
53740,54480
53740,54481
53741,54482
53741,54483
53741,54484
53742,54485
53742,54486
53742,54487
53743,54488
53743,54489
53743,54490
53744,54491
53744,54492
53744,54493
53744,54494
53745,54495
53745,54496
53745,54497
53745,54498
53746,54499
53746,54500
53746,54501
53746,54502
53747,54503
53747,54504
53747,54505
53748,54506
53748,54507
53748,54508
53748,54509
53749,54510
53749,54511
53749,54512
53749,54513
53750,54514
53750,54515
53750,54516
53750,54517
53751,54518
53751,54519
53751,54520
53752,54521
53752,54522
53752,54523
53752,54524
53753,54525
53753,54526
53753,54527
53754,54528
53754,54529
53754,54530
53754,54531
53755,54532
53755,54533
53755,54534
53756,54535
53756,54536
53756,54537
53757,54538
53757,54539
53757,54540
53758,54541
53758,54542
53758,54543
53759,54544
53759,54545
53759,54546
53760,54547
53760,54548
53760,54549
53761,54550
53761,54551
53761,54552
53762,54553
53762,54554
53762,54555
53762,54556
53763,54557
53763,54558
53763,54559
53763,54560
53764,54561
53764,54562
53764,54563
53764,54564
53765,54565
53765,54566
53765,54567
53766,54568
53766,54569
53766,54570
53766,54571
53767,54572
53767,54573
53767,54574
53767,54575
53768,54576
53768,54577
53768,54578
53768,54579
53769,54580
53769,54581
53769,54582
53769,54583
53770,54584
53770,54585
53770,54586
53770,54587
53771,54588
53771,54589
53771,54590
53772,54591
53772,54592
53772,54593
53773,54594
53773,54595
53773,54596
53773,54597
53774,54598
53774,54599
53774,54600
53775,54601
53775,54602
53775,54603
53776,54604
53776,54605
53776,54606
53777,54607
53777,54608
53777,54609
53778,54610
53778,54611
53778,54612
53778,54613
53779,54614
53779,54615
53779,54616
53780,54617
53780,54618
53780,54619
53780,54620
53781,54621
53781,54622
53781,54623
53781,54624
53782,54625
53782,54626
53782,54627
53783,54628
53783,54629
53783,54630
53783,54631
53784,54632
53784,54633
53784,54634
53785,54635
53785,54636
53785,54637
53785,54638
53786,54639
53786,54640
53786,54641
53787,54434
53787,54435
53787,54436
53788,54642
53788,54643
53788,54644
53789,54645
53789,54646
53789,54647
53789,54648
53790,54649
53790,54650
53790,54651
53791,54652
53791,54653
53791,54654
53792,54655
53792,54656
53792,54657
53793,54658
53793,54659
53793,54660
53794,54661
53794,54662
53794,54663
53795,54664
53795,54665
53795,54666
53796,54667
53796,54668
53796,54669
53796,54670
53797,54671
53797,54672
53797,54673
53798,54674
53798,54675
53798,54676
53799,54677
53799,54678
53799,54679
53800,54680
53800,54681
53800,54682
53801,54683
53801,54684
53801,54685
53801,54686
53802,54687
53802,54688
53802,54689
53803,54690
53803,54691
53803,54692
53804,54693
53804,54694
53804,54695
53804,54696
53805,54697
53805,54698
53805,54699
53805,54700
53806,54701
53806,54702
53806,54703
53806,54704
53807,54705
53807,54706
53807,54707
53808,54708
53808,54709
53808,54710
53809,54711
53809,54712
53809,54713
53809,54714
53810,54715
53810,54716
53810,54717
53811,54718
53811,54719
53811,54720
53811,54721
53812,54722
53812,54723
53812,54724
53812,54725
53813,54726
53813,54727
53813,54728
53813,54729
53814,54730
53814,54731
53814,54732
53814,54733
53815,54734
53815,54735
53815,54736
53816,54737
53816,54738
53816,54739
53816,54740
53817,54741
53817,54742
53817,54743
53818,54744
53818,54745
53818,54746
53819,54747
53819,54748
53819,54749
53820,54750
53820,54751
53820,54752
53821,54753
53821,54754
53821,54755
53822,54756
53822,54757
53822,54758
53822,54759
53823,54760
53823,54761
53823,54762
53823,54763
53824,54764
53824,54765
53824,54766
53824,54767
53825,54768
53825,54769
53825,54770
53826,54771
53826,54772
53826,54773
53826,54774
53827,54775
53827,54776
53827,54777
53827,54778
53828,54779
53828,54780
53828,54781
53828,54782
53829,54783
53829,54784
53829,54785
53830,54786
53830,54787
53830,54788
53831,54789
53831,54790
53831,54791
53831,54792
53832,54793
53832,54794
53832,54795
53833,54796
53833,54797
53833,54798
53834,54799
53834,54800
53834,54801
53835,54802
53835,54803
53835,54804
53836,54805
53836,54806
53836,54807
53837,54808
53837,54809
53837,54810
53837,54811
53838,54812
53838,54813
53838,54814
53838,54815
53839,54816
53839,54817
53839,54818
53839,54819
53840,54820
53840,54821
53840,54822
53841,54823
53841,54824
53841,54825
53842,54826
53842,54827
53842,54828
53843,54829
53843,54830
53843,54831
53843,54832
53844,54833
53844,54834
53844,54835
53844,54836
53845,54837
53845,54838
53845,54839
53846,54840
53846,54841
53846,54842
53846,54843
53847,54844
53847,54845
53847,54846
53847,54847
53848,54848
53848,54849
53848,54850
53849,54851
53849,54852
53849,54853
53849,54854
53850,54855
53850,54856
53850,54857
53850,54858
53851,54859
53851,54860
53851,54861
53851,54862
53852,54863
53852,54864
53852,54865
53853,54866
53853,54867
53853,54868
53854,54869
53854,54870
53854,54871
53854,54872
53855,54873
53855,54874
53855,54875
53856,54876
53856,54877
53856,54878
53856,54879
53857,54880
53857,54881
53857,54882
53858,54883
53858,54884
53858,54885
53859,54886
53859,54887
53859,54888
53860,54889
53860,54890
53860,54891
53860,54892
53861,54893
53861,54894
53861,54895
53861,54896
53862,54897
53862,54898
53862,54899
53863,54900
53863,54901
53863,54902
53863,54903
53864,54904
53864,54905
53864,54906
53864,54907
53865,54908
53865,54909
53865,54910
53866,54911
53866,54912
53866,54913
53867,54914
53867,54915
53867,54916
53867,54917
53868,54918
53868,54919
53868,54920
53868,54921
53869,54922
53869,54923
53869,54924
53870,54925
53870,54926
53870,54927
53870,54928
53871,54929
53871,54930
53871,54931
53871,54932
53872,54933
53872,54934
53872,54935
53872,54936
53873,54937
53873,54938
53873,54939
53873,54940
53874,54941
53874,54942
53874,54943
53875,54944
53875,54945
53875,54946
53875,54947
53876,54948
53876,54949
53876,54950
53876,54951
53877,54952
53877,54953
53877,54954
53877,54955
53878,54956
53878,54957
53878,54958
53878,54959
53879,54960
53879,54961
53879,54962
53880,54963
53880,54964
53880,54965
53881,54966
53881,54967
53881,54968
53881,54969
53882,54970
53882,54971
53882,54972
53883,54973
53883,54974
53883,54975
53884,54976
53884,54977
53884,54978
53885,54979
53885,54980
53885,54981
53886,54982
53886,54983
53886,54984
53886,54985
53887,54986
53887,54987
53887,54988
53887,54989
53888,54990
53888,54991
53888,54992
53889,54993
53889,54994
53889,54995
53889,54996
53890,54997
53890,54998
53890,54999
53891,55000
53891,55001
53891,55002
53892,55003
53892,55004
53892,55005
53893,55006
53893,55007
53893,55008
53893,55009
53894,55010
53894,55011
53894,55012
53895,55013
53895,55014
53895,55015
53896,55016
53896,55017
53896,55018
53896,55019
53897,55020
53897,55021
53897,55022
53897,55023
53898,55024
53898,55025
53898,55026
53898,55027
53899,55028
53899,55029
53899,55030
53899,55031
53900,55032
53900,55033
53900,55034
53901,55035
53901,55036
53901,55037
53901,55038
53902,55039
53902,55040
53902,55041
53902,55042
53903,55043
53903,55044
53903,55045
53904,55046
53904,55047
53904,55048
53904,55049
53905,55050
53905,55051
53905,55052
53905,55053
53906,55054
53906,55055
53906,55056
53907,55057
53907,55058
53907,55059
53908,55060
53908,55061
53908,55062
53909,55063
53909,55064
53909,55065
53909,55066
53910,55067
53910,55068
53910,55069
53910,55070
53911,55071
53911,55072
53911,55073
53912,55074
53912,55075
53912,55076
53913,55077
53913,55078
53913,55079
53913,55080
53914,55081
53914,55082
53914,55083
53914,55084
53915,55085
53915,55086
53915,55087
53916,55088
53916,55089
53916,55090
53916,55091
53917,55092
53917,55093
53917,55094
53918,55095
53918,55096
53918,55097
53919,55098
53919,55099
53919,55100
53919,55101
53920,55102
53920,55103
53920,55104
53920,55105
53921,55106
53921,55107
53921,55108
53921,55109
53922,55110
53922,55111
53922,55112
53922,55113
53923,55114
53923,55115
53923,55116
53924,55117
53924,55118
53924,55119
53925,55120
53925,55121
53925,55122
53925,55123
53926,55124
53926,55125
53926,55126
53926,55127
53927,55128
53927,55129
53927,55130
53927,55131
54434,55132
54434,55133
54434,55134
54434,55135
54435,55136
54435,55137
54435,55138
54436,55139
54436,55140
54436,55141
54437,55142
54437,55143
54437,55144
54438,55145
54438,55146
54438,55147
54439,55148
54439,55149
54439,55150
54440,55151
54440,55152
54440,55153
54441,55154
54441,55155
54441,55156
54441,55157
54442,55158
54442,55159
54442,55160
54442,55161
54443,55162
54443,55163
54443,55164
54443,55165
54444,55166
54444,55167
54444,55168
54445,55169
54445,55170
54445,55171
54446,55172
54446,55173
54446,55174
54447,55175
54447,55176
54447,55177
54447,55178
54448,55179
54448,55180
54448,55181
54448,55182
54449,55183
54449,55184
54449,55185
54450,55186
54450,55187
54450,55188
54450,55189
54451,55190
54451,55191
54451,55192
54451,55193
54452,55194
54452,55195
54452,55196
54452,55197
54453,55198
54453,55199
54453,55200
54454,55201
54454,55202
54454,55203
54455,55204
54455,55205
54455,55206
54456,55207
54456,55208
54456,55209
54457,55210
54457,55211
54457,55212
54457,55213
54458,55214
54458,55215
54458,55216
54459,55217
54459,55218
54459,55219
54459,55220
54460,55221
54460,55222
54460,55223
54461,55224
54461,55225
54461,55226
54461,55227
54462,55228
54462,55229
54462,55230
54462,55231
54463,55232
54463,55233
54463,55234
54463,55235
54464,55236
54464,55237
54464,55238
54464,55239
54465,55240
54465,55241
54465,55242
54465,55243
54466,55244
54466,55245
54466,55246
54466,55247
54467,55248
54467,55249
54467,55250
54468,55251
54468,55252
54468,55253
54468,55254
54469,55255
54469,55256
54469,55257
54470,55258
54470,55259
54470,55260
54470,55261
54471,55262
54471,55263
54471,55264
54472,55265
54472,55266
54472,55267
54473,55268
54473,55269
54473,55270
54474,55271
54474,55272
54474,55273
54474,55274
54475,55275
54475,55276
54475,55277
54476,55278
54476,55279
54476,55280
54476,55281
54477,55282
54477,55283
54477,55284
54478,55285
54478,55286
54478,55287
54479,55288
54479,55289
54479,55290
54479,55291
54480,55292
54480,55293
54480,55294
54481,55295
54481,55296
54481,55297
54482,55298
54482,55299
54482,55300
54482,55301
54483,55302
54483,55303
54483,55304
54483,55305
54484,55306
54484,55307
54484,55308
54485,55309
54485,55310
54485,55311
54486,55312
54486,55313
54486,55314
54487,55315
54487,55316
54487,55317
54488,55318
54488,55319
54488,55320
54488,55321
54489,55322
54489,55323
54489,55324
54490,55325
54490,55326
54490,55327
54491,55328
54491,55329
54491,55330
54491,55331
54492,55332
54492,55333
54492,55334
54492,55335
54493,55336
54493,55337
54493,55338
54494,55339
54494,55340
54494,55341
54495,55342
54495,55343
54495,55344
54496,55345
54496,55346
54496,55347
54497,55348
54497,55349
54497,55350
54497,55351
54498,55352
54498,55353
54498,55354
54498,55355
54499,55356
54499,55357
54499,55358
54500,55359
54500,55360
54500,55361
54500,55362
54501,55363
54501,55364
54501,55365
54502,55366
54502,55367
54502,55368
54503,55369
54503,55370
54503,55371
54503,55372
54504,55373
54504,55374
54504,55375
54504,55376
54505,55377
54505,55378
54505,55379
54506,55380
54506,55381
54506,55382
54506,55383
54507,55384
54507,55385
54507,55386
54507,55387
54508,55388
54508,55389
54508,55390
54509,55391
54509,55392
54509,55393
54510,55394
54510,55395
54510,55396
54511,55397
54511,55398
54511,55399
54511,55400
54512,55401
54512,55402
54512,55403
54513,55404
54513,55405
54513,55406
54513,55407
54514,55408
54514,55409
54514,55410
54514,55411
54515,55412
54515,55413
54515,55414
54516,55415
54516,55416
54516,55417
54517,55418
54517,55419
54517,55420
54517,55421
54518,55422
54518,55423
54518,55424
54518,55425
54519,55426
54519,55427
54519,55428
54520,55429
54520,55430
54520,55431
54520,55432
54521,55433
54521,55434
54521,55435
54522,55436
54522,55437
54522,55438
54522,55439
54523,55440
54523,55441
54523,55442
54524,55443
54524,55444
54524,55445
54525,55446
54525,55447
54525,55448
54525,55449
54526,55450
54526,55451
54526,55452
54526,55453
54527,55454
54527,55455
54527,55456
54527,55457
54528,55458
54528,55459
54528,55460
54529,55461
54529,55462
54529,55463
54529,55464
54530,55465
54530,55466
54530,55467
54531,55468
54531,55469
54531,55470
54532,55471
54532,55472
54532,55473
54532,55474
54533,55475
54533,55476
54533,55477
54533,55478
54534,55479
54534,55480
54534,55481
54535,55482
54535,55483
54535,55484
54535,55485
54536,55486
54536,55487
54536,55488
54537,55489
54537,55490
54537,55491
54537,55492
54538,55493
54538,55494
54538,55495
54538,55496
54539,55497
54539,55498
54539,55499
54539,55500
54540,55501
54540,55502
54540,55503
54541,55504
54541,55505
54541,55506
54542,55507
54542,55508
54542,55509
54542,55510
54543,55511
54543,55512
54543,55513
54544,55514
54544,55515
54544,55516
54544,55517
54545,55518
54545,55519
54545,55520
54546,55521
54546,55522
54546,55523
54547,55524
54547,55525
54547,55526
54547,55527
54548,55528
54548,55529
54548,55530
54548,55531
54549,55532
54549,55533
54549,55534
54550,55535
54550,55536
54550,55537
54550,55538
54551,55539
54551,55540
54551,55541
54552,55542
54552,55543
54552,55544
54553,55545
54553,55546
54553,55547
54554,55548
54554,55549
54554,55550
54554,55551
54555,55552
54555,55553
54555,55554
54556,55555
54556,55556
54556,55557
54556,55558
54557,55559
54557,55560
54557,55561
54557,55562
54558,55563
54558,55564
54558,55565
54559,55566
54559,55567
54559,55568
54560,55569
54560,55570
54560,55571
54560,55572
54561,55573
54561,55574
54561,55575
54561,55576
54562,55577
54562,55578
54562,55579
54563,55580
54563,55581
54563,55582
54564,55583
54564,55584
54564,55585
54564,55586
54565,55587
54565,55588
54565,55589
54566,55590
54566,55591
54566,55592
54566,55593
54567,55594
54567,55595
54567,55596
54567,55597
54568,55598
54568,55599
54568,55600
54568,55601
54569,55602
54569,55603
54569,55604
54569,55605
54570,55606
54570,55607
54570,55608
54571,55609
54571,55610
54571,55611
54571,55612
54572,55613
54572,55614
54572,55615
54572,55616
54573,55617
54573,55618
54573,55619
54574,55620
54574,55621
54574,55622
54574,55623
54575,55624
54575,55625
54575,55626
54575,55627
54576,55628
54576,55629
54576,55630
54576,55631
54577,55632
54577,55633
54577,55634
54578,55635
54578,55636
54578,55637
54579,55638
54579,55639
54579,55640
54579,55641
54580,55642
54580,55643
54580,55644
54580,55645
54581,55646
54581,55647
54581,55648
54581,55649
54582,55650
54582,55651
54582,55652
54583,55653
54583,55654
54583,55655
54583,55656
54584,55657
54584,55658
54584,55659
54584,55660
54585,55661
54585,55662
54585,55663
54585,55664
54586,55665
54586,55666
54586,55667
54586,55668
54587,55669
54587,55670
54587,55671
54587,55672
54588,55673
54588,55674
54588,55675
54589,55676
54589,55677
54589,55678
54589,55679
54590,55680
54590,55681
54590,55682
54590,55683
54591,55684
54591,55685
54591,55686
54591,55687
54592,55688
54592,55689
54592,55690
54592,55691
54593,55692
54593,55693
54593,55694
54593,55695
54594,55696
54594,55697
54594,55698
54595,55699
54595,55700
54595,55701
54596,55702
54596,55703
54596,55704
54596,55705
54597,55706
54597,55707
54597,55708
54597,55709
54598,55710
54598,55711
54598,55712
54598,55713
54599,55714
54599,55715
54599,55716
54600,55717
54600,55718
54600,55719
54600,55720
54601,55721
54601,55722
54601,55723
54602,55724
54602,55725
54602,55726
54603,55727
54603,55728
54603,55729
54604,55730
54604,55731
54604,55732
54604,55733
54605,55734
54605,55735
54605,55736
54606,55737
54606,55738
54606,55739
54606,55740
54607,55741
54607,55742
54607,55743
54607,55744
54608,55745
54608,55746
54608,55747
54609,55748
54609,55749
54609,55750
54610,55751
54610,55752
54610,55753
54611,55754
54611,55755
54611,55756
54612,55757
54612,55758
54612,55759
54612,55760
54613,55761
54613,55762
54613,55763
54613,55764
54614,55765
54614,55766
54614,55767
54614,55768
54615,55769
54615,55770
54615,55771
54615,55772
54616,55773
54616,55774
54616,55775
54617,55776
54617,55777
54617,55778
54618,55779
54618,55780
54618,55781
54619,55782
54619,55783
54619,55784
54620,55785
54620,55786
54620,55787
54621,55788
54621,55789
54621,55790
54621,55791
54622,55792
54622,55793
54622,55794
54622,55795
54623,55796
54623,55797
54623,55798
54624,55799
54624,55800
54624,55801
54624,55802
54625,55803
54625,55804
54625,55805
54626,55806
54626,55807
54626,55808
54626,55809
54627,55810
54627,55811
54627,55812
54627,55813
54628,55814
54628,55815
54628,55816
54629,55817
54629,55818
54629,55819
54629,55820
54630,55821
54630,55822
54630,55823
54630,55824
54631,55825
54631,55826
54631,55827
54631,55828
54632,55829
54632,55830
54632,55831
54632,55832
54633,55833
54633,55834
54633,55835
54633,55836
54634,55837
54634,55838
54634,55839
54634,55840
55132,55841
55132,55842
55132,55843
55133,55844
55133,55845
55133,55846
55133,55847
55134,55848
55134,55849
55134,55850
55135,55851
55135,55852
55135,55853
55135,55854
55136,55855
55136,55856
55136,55857
55136,55858
55137,55859
55137,55860
55137,55861
55137,55862
55138,55863
55138,55864
55138,55865
55139,55866
55139,55867
55139,55868
55140,55869
55140,55870
55140,55871
55140,55872
55141,55873
55141,55874
55141,55875
55142,55876
55142,55877
55142,55878
55143,55879
55143,55880
55143,55881
55143,55882
55144,55883
55144,55884
55144,55885
55144,55886
55145,55887
55145,55888
55145,55889
55146,55890
55146,55891
55146,55892
55147,55893
55147,55894
55147,55895
55148,55896
55148,55897
55148,55898
55148,55899
55149,55900
55149,55901
55149,55902
55150,55903
55150,55904
55150,55905
55151,55906
55151,55907
55151,55908
55152,55909
55152,55910
55152,55911
55153,55912
55153,55913
55153,55914
55153,55915
55154,55916
55154,55917
55154,55918
55154,55919
55155,55920
55155,55921
55155,55922
55155,55923
55156,55924
55156,55925
55156,55926
55156,55927
55157,55928
55157,55929
55157,55930
55158,55931
55158,55932
55158,55933
55159,55934
55159,55935
55159,55936
55160,55937
55160,55938
55160,55939
55161,55940
55161,55941
55161,55942
55161,55943
55162,55944
55162,55945
55162,55946
55162,55947
55163,55948
55163,55949
55163,55950
55164,55951
55164,55952
55164,55953
55164,55954
55165,55955
55165,55956
55165,55957
55165,55958
55166,55959
55166,55960
55166,55961
55167,55962
55167,55963
55167,55964
55168,55965
55168,55966
55168,55967
55169,55968
55169,55969
55169,55970
55170,55971
55170,55972
55170,55973
55170,55974
55171,55975
55171,55976
55171,55977
55172,55978
55172,55979
55172,55980
55172,55981
55173,55982
55173,55983
55173,55984
55173,55985
55174,55986
55174,55987
55174,55988
55175,55989
55175,55990
55175,55991
55176,55992
55176,55993
55176,55994
55177,55995
55177,55996
55177,55997
55177,55998
55178,55999
55178,56000
55178,56001
55178,56002
55179,56003
55179,56004
55179,56005
55179,56006
55180,56007
55180,56008
55180,56009
55180,56010
55181,56011
55181,56012
55181,56013
55182,56014
55182,56015
55182,56016
55183,56017
55183,56018
55183,56019
55183,56020
55184,56021
55184,56022
55184,56023
55185,56024
55185,56025
55185,56026
55185,56027
55186,56028
55186,56029
55186,56030
55187,56031
55187,56032
55187,56033
55188,56034
55188,56035
55188,56036
55188,56037
55189,56038
55189,56039
55189,56040
55190,56041
55190,56042
55190,56043
55191,56044
55191,56045
55191,56046
55191,56047
55192,56048
55192,56049
55192,56050
55193,56051
55193,56052
55193,56053
55193,56054
55194,56055
55194,56056
55194,56057
55195,56058
55195,56059
55195,56060
55196,56061
55196,56062
55196,56063
55196,56064
55197,56065
55197,56066
55197,56067
55197,56068
55198,56069
55198,56070
55198,56071
55199,56072
55199,56073
55199,56074
55199,56075
55200,56076
55200,56077
55200,56078
55201,56079
55201,56080
55201,56081
55201,56082
55202,56083
55202,56084
55202,56085
55203,56086
55203,56087
55203,56088
55203,56089
55204,56090
55204,56091
55204,56092
55205,56093
55205,56094
55205,56095
55205,56096
55206,56097
55206,56098
55206,56099
55207,56100
55207,56101
55207,56102
55208,56103
55208,56104
55208,56105
55208,56106
55209,56107
55209,56108
55209,56109
55209,56110
55210,56111
55210,56112
55210,56113
55210,56114
55211,56115
55211,56116
55211,56117
55211,56118
55212,56119
55212,56120
55212,56121
55213,56122
55213,56123
55213,56124
55214,56125
55214,56126
55214,56127
55215,56128
55215,56129
55215,56130
55215,56131
55216,56132
55216,56133
55216,56134
55217,56135
55217,56136
55217,56137
55218,56138
55218,56139
55218,56140
55219,56141
55219,56142
55219,56143
55220,56144
55220,56145
55220,56146
55220,56147
55221,56148
55221,56149
55221,56150
55222,56151
55222,56152
55222,56153
55223,56154
55223,56155
55223,56156
55223,56157
55224,56158
55224,56159
55224,56160
55225,56161
55225,56162
55225,56163
55225,56164
55226,56165
55226,56166
55226,56167
55226,56168
55227,56169
55227,56170
55227,56171
55227,56172
55228,56173
55228,56174
55228,56175
55228,56176
55229,56177
55229,56178
55229,56179
55230,56180
55230,56181
55230,56182
55231,56183
55231,56184
55231,56185
55231,56186
55232,56187
55232,56188
55232,56189
55232,56190
55233,56191
55233,56192
55233,56193
55233,56194
55234,56195
55234,56196
55234,56197
55234,56198
55235,56199
55235,56200
55235,56201
55235,56202
55236,56203
55236,56204
55236,56205
55237,56206
55237,56207
55237,56208
55237,56209
55238,56210
55238,56211
55238,56212
55239,56213
55239,56214
55239,56215
55239,56216
55240,56217
55240,56218
55240,56219
55240,56220
55241,56221
55241,56222
55241,56223
55241,56224
55242,56225
55242,56226
55242,56227
55243,56228
55243,56229
55243,56230
55244,56231
55244,56232
55244,56233
55244,56234
55245,56235
55245,56236
55245,56237
55245,56238
55246,56239
55246,56240
55246,56241
55246,56242
55247,56243
55247,56244
55247,56245
55248,56246
55248,56247
55248,56248
55249,56249
55249,56250
55249,56251
55250,56252
55250,56253
55250,56254
55251,56255
55251,56256
55251,56257
55252,56258
55252,56259
55252,56260
55253,56261
55253,56262
55253,56263
55254,56264
55254,56265
55254,56266
55254,56267
55255,56268
55255,56269
55255,56270
55256,56271
55256,56272
55256,56273
55256,56274
55257,56275
55257,56276
55257,56277
55258,56278
55258,56279
55258,56280
55259,56281
55259,56282
55259,56283
55260,56284
55260,56285
55260,56286
55261,56287
55261,56288
55261,56289
55262,56290
55262,56291
55262,56292
55263,56293
55263,56294
55263,56295
55264,56296
55264,56297
55264,56298
55265,56299
55265,56300
55265,56301
55265,56302
55266,56303
55266,56304
55266,56305
55267,56306
55267,56307
55267,56308
55268,56309
55268,56310
55268,56311
55268,56312
55269,56313
55269,56314
55269,56315
55270,56316
55270,56317
55270,56318
55271,56319
55271,56320
55271,56321
55272,56322
55272,56323
55272,56324
55272,56325
55273,56326
55273,56327
55273,56328
55273,56329
55274,56330
55274,56331
55274,56332
55275,56333
55275,56334
55275,56335
55275,56336
55276,56337
55276,56338
55276,56339
55277,56340
55277,56341
55277,56342
55277,56343
55278,56344
55278,56345
55278,56346
55279,56347
55279,56348
55279,56349
55279,56350
55280,56351
55280,56352
55280,56353
55280,56354
55281,56355
55281,56356
55281,56357
55281,56358
55282,56359
55282,56360
55282,56361
55282,56362
55283,56363
55283,56364
55283,56365
55284,56366
55284,56367
55284,56368
55285,56369
55285,56370
55285,56371
55285,56372
55286,56373
55286,56374
55286,56375
55287,56376
55287,56377
55287,56378
55288,56379
55288,56380
55288,56381
55289,56382
55289,56383
55289,56384
55290,56385
55290,56386
55290,56387
55290,56388
55291,56389
55291,56390
55291,56391
55291,56392
55292,56393
55292,56394
55292,56395
55292,56396
55293,56397
55293,56398
55293,56399
55294,56400
55294,56401
55294,56402
55295,56403
55295,56404
55295,56405
55296,56406
55296,56407
55296,56408
55296,56409
55297,56410
55297,56411
55297,56412
55297,56413
55298,56414
55298,56415
55298,56416
55299,56417
55299,56418
55299,56419
55300,56420
55300,56421
55300,56422
55301,56423
55301,56424
55301,56425
55302,56426
55302,56427
55302,56428
55302,56429
55303,56430
55303,56431
55303,56432
55304,56433
55304,56434
55304,56435
55305,56436
55305,56437
55305,56438
55306,56439
55306,56440
55306,56441
55306,56442
55307,56443
55307,56444
55307,56445
55307,56446
55308,56447
55308,56448
55308,56449
55309,56450
55309,56451
55309,56452
55309,56453
55310,56454
55310,56455
55310,56456
55310,56457
55311,56458
55311,56459
55311,56460
55311,56461
55312,56462
55312,56463
55312,56464
55312,56465
55313,56466
55313,56467
55313,56468
55314,56469
55314,56470
55314,56471
55314,56472
55315,56473
55315,56474
55315,56475
55315,56476
55316,56477
55316,56478
55316,56479
55317,56480
55317,56481
55317,56482
55317,56483
55318,56484
55318,56485
55318,56486
55319,56487
55319,56488
55319,56489
55319,56490
55320,56491
55320,56492
55320,56493
55321,56494
55321,56495
55321,56496
55322,56497
55322,56498
55322,56499
55322,56500
55323,56501
55323,56502
55323,56503
55324,56504
55324,56505
55324,56506
55324,56507
55325,56508
55325,56509
55325,56510
55326,56511
55326,56512
55326,56513
55327,56514
55327,56515
55327,56516
55328,56517
55328,56518
55328,56519
55328,56520
55329,56521
55329,56522
55329,56523
55329,56524
55330,56525
55330,56526
55330,56527
55331,56528
55331,56529
55331,56530
55332,56531
55332,56532
55332,56533
55332,56534
55841,56535
55841,56536
55841,56537
55841,56538
55842,56539
55842,56540
55842,56541
55842,56542
55843,56543
55843,56544
55843,56545
55844,56546
55844,56547
55844,56548
55845,56549
55845,56550
55845,56551
55845,56552
55846,56553
55846,56554
55846,56555
55846,56556
55847,56557
55847,56558
55847,56559
55848,56560
55848,56561
55848,56562
55849,56563
55849,56564
55849,56565
55849,56566
55850,56567
55850,56568
55850,56569
55850,56570
55851,56571
55851,56572
55851,56573
55851,56574
55852,56575
55852,56576
55852,56577
55853,56578
55853,56579
55853,56580
55853,56581
55854,56582
55854,56583
55854,56584
55854,56585
55855,56586
55855,56587
55855,56588
55855,56589
55856,56590
55856,56591
55856,56592
55856,56593
55857,56594
55857,56595
55857,56596
55858,56597
55858,56598
55858,56599
55858,56600
55859,56601
55859,56602
55859,56603
55860,56604
55860,56605
55860,56606
55861,56607
55861,56608
55861,56609
55862,56610
55862,56611
55862,56612
55863,56613
55863,56614
55863,56615
55864,56616
55864,56617
55864,56618
55865,56619
55865,56620
55865,56621
55866,56622
55866,56623
55866,56624
55866,56625
55867,56626
55867,56627
55867,56628
55867,56629
55868,56630
55868,56631
55868,56632
55868,56633
55869,56634
55869,56635
55869,56636
55870,56637
55870,56638
55870,56639
55870,56640
55871,56641
55871,56642
55871,56643
55872,56644
55872,56645
55872,56646
55873,56647
55873,56648
55873,56649
55873,56650
55874,56651
55874,56652
55874,56653
55875,56654
55875,56655
55875,56656
55876,56657
55876,56658
55876,56659
55877,56660
55877,56661
55877,56662
55877,56663
55878,56664
55878,56665
55878,56666
55879,56667
55879,56668
55879,56669
55879,56670
55880,56671
55880,56672
55880,56673
55881,56674
55881,56675
55881,56676
55882,56677
55882,56678
55882,56679
55883,56680
55883,56681
55883,56682
55883,56683
55884,56684
55884,56685
55884,56686
55885,56687
55885,56688
55885,56689
55885,56690
55886,56691
55886,56692
55886,56693
55886,56694
55887,56695
55887,56696
55887,56697
55888,56698
55888,56699
55888,56700
55888,56701
55889,56702
55889,56703
55889,56704
55889,56705
55890,56706
55890,56707
55890,56708
55890,56709
55891,56710
55891,56711
55891,56712
55892,56713
55892,56714
55892,56715
55892,56716
55893,56717
55893,56718
55893,56719
55894,56720
55894,56721
55894,56722
55895,56723
55895,56724
55895,56725
55896,56726
55896,56727
55896,56728
55896,56729
55897,56730
55897,56731
55897,56732
55897,56733
55898,56734
55898,56735
55898,56736
55898,56737
55899,56738
55899,56739
55899,56740
55900,56741
55900,56742
55900,56743
55901,56744
55901,56745
55901,56746
55902,56747
55902,56748
55902,56749
55902,56750
55903,56751
55903,56752
55903,56753
55903,56754
55904,56755
55904,56756
55904,56757
55905,56758
55905,56759
55905,56760
55906,56761
55906,56762
55906,56763
55906,56764
55907,56765
55907,56766
55907,56767
55907,56768
55908,56769
55908,56770
55908,56771
55908,56772
55909,56773
55909,56774
55909,56775
55910,56776
55910,56777
55910,56778
55910,56779
55911,56780
55911,56781
55911,56782
55911,56783
55912,56784
55912,56785
55912,56786
55912,56787
55913,56788
55913,56789
55913,56790
55913,56791
55914,56792
55914,56793
55914,56794
55915,56795
55915,56796
55915,56797
55916,56798
55916,56799
55916,56800
55916,56801
55917,56802
55917,56803
55917,56804
55917,56805
55918,56806
55918,56807
55918,56808
55918,56809
55919,56810
55919,56811
55919,56812
55919,56813
55920,56814
55920,56815
55920,56816
55920,56817
55921,56818
55921,56819
55921,56820
55921,56821
55922,56822
55922,56823
55922,56824
55923,56825
55923,56826
55923,56827
55923,56828
55924,56829
55924,56830
55924,56831
55925,56832
55925,56833
55925,56834
55925,56835
55926,56836
55926,56837
55926,56838
55927,56839
55927,56840
55927,56841
55927,56842
55928,56843
55928,56844
55928,56845
55928,56846
55929,56847
55929,56848
55929,56849
55929,56850
55930,56851
55930,56852
55930,56853
55930,56854
55931,56855
55931,56856
55931,56857
55932,56858
55932,56859
55932,56860
55933,56861
55933,56862
55933,56863
55934,56864
55934,56865
55934,56866
55935,56867
55935,56868
55935,56869
55935,56870
55936,56871
55936,56872
55936,56873
55937,56874
55937,56875
55937,56876
55937,56877
55938,56878
55938,56879
55938,56880
55939,56881
55939,56882
55939,56883
55940,56884
55940,56885
55940,56886
55941,56887
55941,56888
55941,56889
55941,56890
55942,56891
55942,56892
55942,56893
55942,56894
55943,56895
55943,56896
55943,56897
55943,56898
55944,56899
55944,56900
55944,56901
55945,56902
55945,56903
55945,56904
55945,56905
55946,56906
55946,56907
55946,56908
55947,56909
55947,56910
55947,56911
55948,56912
55948,56913
55948,56914
55949,56915
55949,56916
55949,56917
55950,56918
55950,56919
55950,56920
55951,56921
55951,56922
55951,56923
55952,56924
55952,56925
55952,56926
55953,56927
55953,56928
55953,56929
55953,56930
55954,56931
55954,56932
55954,56933
55954,56934
55955,56935
55955,56936
55955,56937
55955,56938
55956,56939
55956,56940
55956,56941
55956,56942
55957,56943
55957,56944
55957,56945
55957,56946
55958,56947
55958,56948
55958,56949
55959,56950
55959,56951
55959,56952
55959,56953
55960,56954
55960,56955
55960,56956
55961,56957
55961,56958
55961,56959
55961,56960
55962,56961
55962,56962
55962,56963
55963,56964
55963,56965
55963,56966
55963,56967
55964,56968
55964,56969
55964,56970
55964,56971
55965,56972
55965,56973
55965,56974
55966,56975
55966,56976
55966,56977
55966,56978
55967,56979
55967,56980
55967,56981
55968,56982
55968,56983
55968,56984
55968,56985
55969,56986
55969,56987
55969,56988
55970,56989
55970,56990
55970,56991
55971,56992
55971,56993
55971,56994
55971,56995
55972,56996
55972,56997
55972,56998
55973,56999
55973,57000
55973,57001
55974,57002
55974,57003
55974,57004
55974,57005
55975,57006
55975,57007
55975,57008
55975,57009
55976,57010
55976,57011
55976,57012
55976,57013
55977,57014
55977,57015
55977,57016
55978,57017
55978,57018
55978,57019
55979,57020
55979,57021
55979,57022
55980,57023
55980,57024
55980,57025
55981,57026
55981,57027
55981,57028
55981,57029
55982,57030
55982,57031
55982,57032
55983,57033
55983,57034
55983,57035
55983,57036
55984,57037
55984,57038
55984,57039
55985,57040
55985,57041
55985,57042
55986,57043
55986,57044
55986,57045
55987,57046
55987,57047
55987,57048
55988,57049
55988,57050
55988,57051
55989,57052
55989,57053
55989,57054
55990,57055
55990,57056
55990,57057
55991,57058
55991,57059
55991,57060
55992,57061
55992,57062
55992,57063
55993,57064
55993,57065
55993,57066
55993,57067
55994,57068
55994,57069
55994,57070
55995,57071
55995,57072
55995,57073
55995,57074
55996,57075
55996,57076
55996,57077
55997,57078
55997,57079
55997,57080
55997,57081
55998,57082
55998,57083
55998,57084
55999,57085
55999,57086
55999,57087
55999,57088
56000,57089
56000,57090
56000,57091
56001,57092
56001,57093
56001,57094
56001,57095
56002,57096
56002,57097
56002,57098
56002,57099
56003,57100
56003,57101
56003,57102
56004,57103
56004,57104
56004,57105
56005,57106
56005,57107
56005,57108
56006,57109
56006,57110
56006,57111
56006,57112
56007,57113
56007,57114
56007,57115
56008,57116
56008,57117
56008,57118
56008,57119
56009,57120
56009,57121
56009,57122
56010,57123
56010,57124
56010,57125
56011,57126
56011,57127
56011,57128
56011,57129
56012,57130
56012,57131
56012,57132
56012,57133
56013,57134
56013,57135
56013,57136
56014,57137
56014,57138
56014,57139
56014,57140
56015,57141
56015,57142
56015,57143
56016,57144
56016,57145
56016,57146
56016,57147
56017,57148
56017,57149
56017,57150
56017,57151
56018,57152
56018,57153
56018,57154
56018,57155
56019,57156
56019,57157
56019,57158
56019,57159
56020,57160
56020,57161
56020,57162
56020,57163
56021,57164
56021,57165
56021,57166
56022,57167
56022,57168
56022,57169
56023,57170
56023,57171
56023,57172
56024,57173
56024,57174
56024,57175
56025,57176
56025,57177
56025,57178
56026,57179
56026,57180
56026,57181
56027,57182
56027,57183
56027,57184
56027,57185
56028,57186
56028,57187
56028,57188
56029,57189
56029,57190
56029,57191
56029,57192
56030,57193
56030,57194
56030,57195
56030,57196
56031,57197
56031,57198
56031,57199
56031,57200
56032,57201
56032,57202
56032,57203
56033,57204
56033,57205
56033,57206
56034,57207
56034,57208
56034,57209
56034,57210
56035,57211
56035,57212
56035,57213
56035,57214
56036,57215
56036,57216
56036,57217
56036,57218
56037,57219
56037,57220
56037,57221
56038,57222
56038,57223
56038,57224
56039,57225
56039,57226
56039,57227
56040,57228
56040,57229
56040,57230
56041,57231
56041,57232
56041,57233
56041,57234
56535,57235
56535,57236
56535,57237
56536,57238
56536,57239
56536,57240
56536,57241
56537,57242
56537,57243
56537,57244
56538,57245
56538,57246
56538,57247
56538,57248
56539,57249
56539,57250
56539,57251
56539,57252
56540,57253
56540,57254
56540,57255
56540,57256
56541,57257
56541,57258
56541,57259
56541,57260
56542,57261
56542,57262
56542,57263
56542,57264
56543,57265
56543,57266
56543,57267
56543,57268
56544,57269
56544,57270
56544,57271
56544,57272
56545,57273
56545,57274
56545,57275
56546,57276
56546,57277
56546,57278
56547,57279
56547,57280
56547,57281
56547,57282
56548,57283
56548,57284
56548,57285
56548,57286
56549,57287
56549,57288
56549,57289
56549,57290
56550,57291
56550,57292
56550,57293
56550,57294
56551,57295
56551,57296
56551,57297
56552,57298
56552,57299
56552,57300
56552,57301
56553,57302
56553,57303
56553,57304
56553,57305
56554,57306
56554,57307
56554,57308
56555,57309
56555,57310
56555,57311
56556,57312
56556,57313
56556,57314
56556,57315
56557,57316
56557,57317
56557,57318
56558,57319
56558,57320
56558,57321
56558,57322
56559,57323
56559,57324
56559,57325
56559,57326
56560,57327
56560,57328
56560,57329
56561,57330
56561,57331
56561,57332
56561,57333
56562,57334
56562,57335
56562,57336
56563,57337
56563,57338
56563,57339
56564,57340
56564,57341
56564,57342
56564,57343
56565,57344
56565,57345
56565,57346
56565,57347
56566,57348
56566,57349
56566,57350
56567,57351
56567,57352
56567,57353
56567,57354
56568,57355
56568,57356
56568,57357
56569,57358
56569,57359
56569,57360
56570,57361
56570,57362
56570,57363
56570,57364
56571,57365
56571,57366
56572,57367
56572,57368
56572,57369
56573,57370
56573,57371
56573,57372
56574,57373
56574,57374
56574,57375
56575,57376
56575,57377
56575,57378
56575,57379
56576,57380
56576,57381
56576,57382
56577,57383
56577,57384
56577,57385
56578,57386
56578,57387
56578,57388
56579,57389
56579,57390
56579,57391
56579,57392
56580,57393
56580,57394
56580,57395
56581,57396
56581,57397
56581,57398
56582,57399
56582,57400
56582,57401
56583,57402
56583,57403
56583,57404
56583,57405
56584,57406
56584,57407
56584,57408
56584,57409
56585,57410
56585,57411
56585,57412
56585,57413
56586,57414
56586,57415
56586,57416
56587,57417
56587,57418
56587,57419
56588,57420
56588,57421
56588,57422
56589,57423
56589,57424
56589,57425
56589,57426
56590,57427
56590,57428
56590,57429
56591,57430
56591,57431
56591,57432
56591,57433
56592,57434
56592,57435
56592,57436
56593,57437
56593,57438
56593,57439
56594,57440
56594,57441
56594,57442
56595,57443
56595,57444
56595,57445
56595,57446
56596,57447
56596,57448
56596,57449
56597,57450
56597,57451
56597,57452
56597,57453
56598,57454
56598,57455
56598,57456
56598,57457
56599,57458
56599,57459
56599,57460
56599,57461
56600,57462
56600,57463
56600,57464
56600,57465
56601,57466
56601,57467
56601,57468
56602,57469
56602,57470
56602,57471
56602,57472
56603,57473
56603,57474
56603,57475
56604,57476
56604,57477
56604,57478
56605,57479
56605,57480
56605,57481
56605,57482
56606,57483
56606,57484
56606,57485
56606,57486
56607,57487
56607,57488
56607,57489
56607,57490
56608,57491
56608,57492
56608,57493
56609,57494
56609,57495
56609,57496
56610,57497
56610,57498
56610,57499
56610,57500
56611,57501
56611,57502
56611,57503
56611,57504
56612,57505
56612,57506
56612,57507
56613,57508
56613,57509
56613,57510
56613,57511
56614,57512
56614,57513
56614,57514
56614,57515
56615,57516
56615,57517
56615,57518
56615,57519
56616,57520
56616,57521
56616,57522
56617,57523
56617,57524
56617,57525
56617,57526
56618,57527
56618,57528
56618,57529
56619,57530
56619,57531
56619,57532
56620,57533
56620,57534
56620,57535
56621,57536
56621,57537
56621,57538
56622,57539
56622,57540
56622,57541
56623,57542
56623,57543
56623,57544
56624,57545
56624,57546
56624,57547
56625,57548
56625,57549
56625,57550
56626,57551
56626,57552
56626,57553
56627,57554
56627,57555
56627,57556
56628,57557
56628,57558
56628,57559
56629,57560
56629,57561
56629,57562
56629,57563
56630,57564
56630,57565
56630,57566
56631,57567
56631,57568
56631,57569
56632,57570
56632,57571
56632,57572
56632,57573
56633,57574
56633,57575
56633,57576
56634,57577
56634,57578
56634,57579
56634,57580
56635,57581
56635,57582
56635,57583
56636,57584
56636,57585
56636,57586
56637,57587
56637,57588
56637,57589
56637,57590
56638,57591
56638,57592
56638,57593
56639,57594
56639,57595
56639,57596
56640,57597
56640,57598
56640,57599
56641,57600
56641,57601
56641,57602
56641,57603
56642,57604
56642,57605
56642,57606
56643,57607
56643,57608
56643,57609
56643,57610
56644,57611
56644,57612
56644,57613
56644,57614
56645,57615
56645,57616
56645,57617
56646,57618
56646,57619
56646,57620
56647,57621
56647,57622
56647,57623
56647,57624
56648,57625
56648,57626
56648,57627
56649,57628
56649,57629
56649,57630
56650,57631
56650,57632
56650,57633
56650,57634
56651,57635
56651,57636
56651,57637
56652,57638
56652,57639
56652,57640
56653,57641
56653,57642
56653,57643
56653,57644
56654,57645
56654,57646
56654,57647
56654,57648
56655,57649
56655,57650
56655,57651
56656,57652
56656,57653
56656,57654
56657,57655
56657,57656
56657,57657
56657,57658
56658,57659
56658,57660
56658,57661
56659,57662
56659,57663
56659,57664
56660,57665
56660,57666
56660,57667
56661,57668
56661,57669
56661,57670
56662,57671
56662,57672
56662,57673
56663,57674
56663,57675
56663,57676
56663,57677
56664,57678
56664,57679
56664,57680
56665,57681
56665,57682
56665,57683
56666,57684
56666,57685
56666,57686
56666,57687
56667,57688
56667,57689
56667,57690
56668,57691
56668,57692
56668,57693
56668,57694
56669,57695
56669,57696
56669,57697
56670,57698
56670,57699
56670,57700
56670,57701
56671,57702
56671,57703
56671,57704
56671,57705
56672,57706
56672,57707
56672,57708
56673,57709
56673,57710
56673,57711
56674,57712
56674,57713
56674,57714
56674,57715
56675,57716
56675,57717
56675,57718
56676,57719
56676,57720
56676,57721
56676,57722
56677,57723
56677,57724
56677,57725
56678,57726
56678,57727
56678,57728
56678,57729
56679,57730
56679,57731
56679,57732
56679,57733
56680,57734
56680,57735
56680,57736
56680,57737
56681,57738
56681,57739
56681,57740
56682,57741
56682,57742
56682,57743
56682,57744
56683,57745
56683,57746
56683,57747
56684,57748
56684,57749
56684,57750
56685,57751
56685,57752
56685,57753
56686,57754
56686,57755
56686,57756
56686,57757
56687,57758
56687,57759
56687,57760
56687,57761
56688,57762
56688,57763
56688,57764
56689,57765
56689,57766
56689,57767
56689,57768
56690,57769
56690,57770
56690,57771
56690,57772
56691,57773
56691,57774
56691,57775
56691,57776
56692,57777
56692,57778
56692,57779
56693,57780
56693,57781
56693,57782
56694,57783
56694,57784
56694,57785
56694,57786
56695,57787
56695,57788
56695,57789
56696,57790
56696,57791
56696,57792
56697,57793
56697,57794
56697,57795
56698,57796
56698,57797
56698,57798
56699,57799
56699,57800
56699,57801
56699,57802
56700,57803
56700,57804
56700,57805
56701,57806
56701,57807
56701,57808
56701,57809
56702,57810
56702,57811
56702,57812
56703,57813
56703,57814
56703,57815
56704,57816
56704,57817
56704,57818
56705,57819
56705,57820
56705,57821
56706,57822
56706,57823
56706,57824
56706,57825
56707,57826
56707,57827
56707,57828
56708,57829
56708,57830
56708,57831
56709,57832
56709,57833
56709,57834
56710,57835
56710,57836
56710,57837
56711,57838
56711,57839
56711,57840
56711,57841
56712,57842
56712,57843
56712,57844
56713,57845
56713,57846
56713,57847
56713,57848
56714,57849
56714,57850
56714,57851
56714,57852
56715,57853
56715,57854
56715,57855
56716,57856
56716,57857
56716,57858
56717,57859
56717,57860
56717,57861
56718,57862
56718,57863
56718,57864
56718,57865
56719,57866
56719,57867
56719,57868
56720,57869
56720,57870
56720,57871
56720,57872
56721,57873
56721,57874
56721,57875
56722,57876
56722,57877
56722,57878
56723,57879
56723,57880
56723,57881
56724,57882
56724,57883
56724,57884
56724,57885
56725,57886
56725,57887
56725,57888
56725,57889
56726,57890
56726,57891
56726,57892
56726,57893
56727,57894
56727,57895
56727,57896
56728,57897
56728,57898
56728,57899
56728,57900
56729,57901
56729,57902
56729,57903
56730,57904
56730,57905
56730,57906
56731,57907
56731,57908
56731,57909
56732,57910
56732,57911
56732,57912
56733,57913
56733,57914
56733,57915
56733,57916
56734,57917
56734,57918
56734,57919
56735,57920
56735,57921
56735,57922
57235,57926
57235,57927
57235,57928
57236,57929
57236,57930
57236,57931
57237,57932
57237,57933
57237,57934
57238,57935
57238,57936
57238,57937
57238,57938
57239,57939
57239,57940
57239,57941
57239,57942
57240,57943
57240,57944
57240,57945
57240,57946
57241,57947
57241,57948
57241,57949
57241,57950
57242,57951
57242,57952
57242,57953
57242,57954
57243,57955
57243,57956
57243,57957
57243,57958
57244,57959
57244,57960
57244,57961
57245,57962
57245,57963
57245,57964
57245,57965
57246,57966
57246,57967
57246,57968
57247,57969
57247,57970
57247,57971
57248,57972
57248,57973
57248,57974
57248,57975
57249,57976
57249,57977
57249,57978
57250,57979
57250,57980
57250,57981
57251,57982
57251,57983
57251,57984
57252,57985
57252,57986
57252,57987
57252,57988
57253,57989
57253,57990
57253,57991
57253,57992
57254,57993
57254,57994
57254,57995
57254,57996
57255,57997
57255,57998
57255,57999
57255,58000
57256,58001
57256,58002
57256,58003
57257,58004
57257,58005
57257,58006
57258,58007
57258,58008
57258,58009
57259,58010
57259,58011
57259,58012
57260,58013
57260,58014
57260,58015
57261,58016
57261,58017
57261,58018
57261,58019
57262,58020
57262,58021
57262,58022
57263,58023
57263,58024
57263,58025
57264,58026
57264,58027
57264,58028
57265,58029
57265,58030
57265,58031
57265,58032
57266,58033
57266,58034
57266,58035
57266,58036
57267,58037
57267,58038
57267,58039
57268,58040
57268,58041
57268,58042
57268,58043
57269,58044
57269,58045
57269,58046
57270,58047
57270,58048
57270,58049
57270,58050
57271,58051
57271,58052
57271,58053
57272,58054
57272,58055
57272,58056
57272,58057
57273,58058
57273,58059
57273,58060
57274,58061
57274,58062
57274,58063
57274,58064
57275,58065
57275,58066
57275,58067
57275,58068
57276,58069
57276,58070
57276,58071
57277,58072
57277,58073
57277,58074
57278,58075
57278,58076
57278,58077
57278,58078
57279,58079
57279,58080
57279,58081
57280,58082
57280,58083
57280,58084
57281,58085
57281,58086
57281,58087
57281,58088
57282,58089
57282,58090
57282,58091
57283,58092
57283,58093
57283,58094
57283,58095
57284,58096
57284,58097
57284,58098
57285,58099
57285,58100
57285,58101
57285,58102
57286,58103
57286,58104
57286,58105
57286,58106
57287,58107
57287,58108
57287,58109
57287,58110
57288,58111
57288,58112
57288,58113
57289,58114
57289,58115
57289,58116
57289,58117
57290,58118
57290,58119
57290,58120
57290,58121
57291,58122
57291,58123
57291,58124
57292,58125
57292,58126
57292,58127
57292,58128
57293,58129
57293,58130
57293,58131
57294,58132
57294,58133
57294,58134
57294,58135
57295,58136
57295,58137
57295,58138
57296,58139
57296,58140
57296,58141
57297,58142
57297,58143
57297,58144
57298,58145
57298,58146
57298,58147
57298,58148
57299,58149
57299,58150
57299,58151
57299,58152
57300,58153
57300,58154
57300,58155
57301,58156
57301,58157
57301,58158
57301,58159
57302,58160
57302,58161
57302,58162
57303,58163
57303,58164
57303,58165
57304,58166
57304,58167
57304,58168
57304,58169
57305,58170
57305,58171
57305,58172
57305,58173
57306,58174
57306,58175
57306,58176
57306,58177
57307,58178
57307,58179
57307,58180
57308,58181
57308,58182
57308,58183
57309,58184
57309,58185
57309,58186
57310,58187
57310,58188
57310,58189
57310,58190
57311,58191
57311,58192
57311,58193
57312,58194
57312,58195
57312,58196
57313,58197
57313,58198
57313,58199
57313,58200
57314,58201
57314,58202
57314,58203
57315,58204
57315,58205
57315,58206
57316,58207
57316,58208
57316,58209
57317,58210
57317,58211
57317,58212
57318,58213
57318,58214
57318,58215
57318,58216
57319,58217
57319,58218
57319,58219
57319,58220
57320,58221
57320,58222
57320,58223
57321,58224
57321,58225
57321,58226
57321,58227
57322,58228
57322,58229
57322,58230
57323,58231
57323,58232
57323,58233
57324,58234
57324,58235
57324,58236
57325,58237
57325,58238
57325,58239
57326,58240
57326,58241
57326,58242
57326,58243
57327,58244
57327,58245
57327,58246
57328,58247
57328,58248
57328,58249
57328,58250
57329,58251
57329,58252
57329,58253
57329,58254
57330,58255
57330,58256
57330,58257
57331,58258
57331,58259
57331,58260
57332,58261
57332,58262
57332,58263
57332,58264
57333,58265
57333,58266
57333,58267
57333,58268
57334,58269
57334,58270
57334,58271
57335,58272
57335,58273
57335,58274
57335,58275
57336,58276
57336,58277
57336,58278
57337,58279
57337,58280
57337,58281
57338,58282
57338,58283
57338,58284
57338,58285
57339,58286
57339,58287
57339,58288
57340,58289
57340,58290
57340,58291
57341,58292
57341,58293
57341,58294
57342,58295
57342,58296
57342,58297
57342,58298
57343,58299
57343,58300
57343,58301
57344,58302
57344,58303
57344,58304
57345,58305
57345,58306
57345,58307
57346,58308
57346,58309
57346,58310
57346,58311
57347,58312
57347,58313
57347,58314
57347,58315
57348,58316
57348,58317
57348,58318
57348,58319
57349,58320
57349,58321
57349,58322
57349,58323
57350,58324
57350,58325
57350,58326
57351,58327
57351,58328
57351,58329
57351,58330
57352,58331
57352,58332
57352,58333
57353,58334
57353,58335
57353,58336
57354,58337
57354,58338
57354,58339
57355,58340
57355,58341
57355,58342
57355,58343
57356,58344
57356,58345
57356,58346
57356,58347
57357,58348
57357,58349
57357,58350
57357,58351
57358,58352
57358,58353
57358,58354
57359,58355
57359,58356
57359,58357
57359,58358
57360,58359
57360,58360
57360,58361
57360,58362
57361,58363
57361,58364
57361,58365
57361,58366
57362,58367
57362,58368
57362,58369
57363,58370
57363,58371
57363,58372
57363,58373
57364,58374
57364,58375
57364,58376
57365,57923
57365,57924
57365,57925
57366,58377
57366,58378
57366,58379
57366,58380
57367,58381
57367,58382
57367,58383
57367,58384
57368,58385
57368,58386
57368,58387
57369,58388
57369,58389
57369,58390
57370,58391
57370,58392
57370,58393
57370,58394
57371,58395
57371,58396
57371,58397
57372,58398
57372,58399
57372,58400
57373,58401
57373,58402
57373,58403
57374,58404
57374,58405
57374,58406
57374,58407
57375,58408
57375,58409
57375,58410
57375,58411
57376,58412
57376,58413
57376,58414
57376,58415
57377,58416
57377,58417
57377,58418
57378,58419
57378,58420
57378,58421
57379,58422
57379,58423
57379,58424
57380,58425
57380,58426
57380,58427
57381,58428
57381,58429
57381,58430
57382,58431
57382,58432
57382,58433
57383,58434
57383,58435
57383,58436
57384,58437
57384,58438
57384,58439
57385,58440
57385,58441
57385,58442
57386,58443
57386,58444
57386,58445
57387,58446
57387,58447
57387,58448
57387,58449
57388,58450
57388,58451
57388,58452
57389,58453
57389,58454
57389,58455
57390,58456
57390,58457
57390,58458
57390,58459
57391,58460
57391,58461
57391,58462
57391,58463
57392,58464
57392,58465
57392,58466
57392,58467
57393,58468
57393,58469
57393,58470
57393,58471
57394,58472
57394,58473
57394,58474
57395,58475
57395,58476
57395,58477
57395,58478
57396,58479
57396,58480
57396,58481
57397,58482
57397,58483
57397,58484
57398,58485
57398,58486
57398,58487
57398,58488
57399,58489
57399,58490
57399,58491
57399,58492
57400,58493
57400,58494
57400,58495
57401,58496
57401,58497
57401,58498
57401,58499
57402,58500
57402,58501
57402,58502
57403,58503
57403,58504
57403,58505
57403,58506
57404,58507
57404,58508
57404,58509
57404,58510
57405,58511
57405,58512
57405,58513
57406,58514
57406,58515
57406,58516
57406,58517
57407,58518
57407,58519
57407,58520
57408,58521
57408,58522
57408,58523
57409,58524
57409,58525
57409,58526
57409,58527
57410,58528
57410,58529
57410,58530
57411,58531
57411,58532
57411,58533
57412,58534
57412,58535
57412,58536
57413,58537
57413,58538
57413,58539
57413,58540
57414,58541
57414,58542
57414,58543
57414,58544
57415,58545
57415,58546
57415,58547
57416,58548
57416,58549
57416,58550
57416,58551
57417,58552
57417,58553
57417,58554
57417,58555
57418,58556
57418,58557
57418,58558
57419,58559
57419,58560
57419,58561
57420,58562
57420,58563
57420,58564
57420,58565
57421,58566
57421,58567
57421,58568
57421,58569
57422,58570
57422,58571
57422,58572
57423,58573
57423,58574
57423,58575
57424,58576
57424,58577
57424,58578
57424,58579
57425,58580
57425,58581
57425,58582
57426,58583
57426,58584
57426,58585
57427,58586
57427,58587
57427,58588
57427,58589
57428,58590
57428,58591
57428,58592
57428,58593
57429,58594
57429,58595
57429,58596
57429,58597
57430,58598
57430,58599
57430,58600
57430,58601
57431,58602
57431,58603
57431,58604
57432,58605
57432,58606
57432,58607
57433,58608
57433,58609
57433,58610
57433,58611
57434,58612
57434,58613
57434,58614
57435,58615
57435,58616
57435,58617
57435,58618
57923,58619
57923,58620
57923,58621
57923,58622
57924,58623
57924,58624
57924,58625
57925,58626
57925,58627
57925,58628
57925,58629
57926,58630
57926,58631
57926,58632
57927,58633
57927,58634
57927,58635
57927,58636
57928,58637
57928,58638
57928,58639
57928,58640
57929,58641
57929,58642
57929,58643
57930,58644
57930,58645
57930,58646
57930,58647
57931,58648
57931,58649
57931,58650
57931,58651
57932,58652
57932,58653
57932,58654
57933,58655
57933,58656
57933,58657
57933,58658
57934,58659
57934,58660
57934,58661
57934,58662
57935,58663
57935,58664
57935,58665
57936,58666
57936,58667
57936,58668
57936,58669
57937,58670
57937,58671
57937,58672
57938,58673
57938,58674
57938,58675
57938,58676
57939,58677
57939,58678
57939,58679
57940,58680
57940,58681
57940,58682
57940,58683
57941,58684
57941,58685
57941,58686
57942,58687
57942,58688
57942,58689
57943,58690
57943,58691
57943,58692
57944,58693
57944,58694
57944,58695
57945,58696
57945,58697
57945,58698
57946,58699
57946,58700
57946,58701
57947,58702
57947,58703
57947,58704
57948,58705
57948,58706
57948,58707
57949,58708
57949,58709
57949,58710
57949,58711
57950,58712
57950,58713
57950,58714
57951,58715
57951,58716
57951,58717
57952,58718
57952,58719
57952,58720
57952,58721
57953,58722
57953,58723
57953,58724
57954,58725
57954,58726
57954,58727
57955,58728
57955,58729
57955,58730
57955,58731
57956,58732
57956,58733
57956,58734
57956,58735
57957,58736
57957,58737
57957,58738
57957,58739
57958,58740
57958,58741
57958,58742
57959,58743
57959,58744
57959,58745
57959,58746
57960,58747
57960,58748
57960,58749
57960,58750
57961,58751
57961,58752
57961,58753
57961,58754
57962,58755
57962,58756
57962,58757
57963,58758
57963,58759
57963,58760
57964,58761
57964,58762
57964,58763
57965,58764
57965,58765
57965,58766
57965,58767
57966,58768
57966,58769
57966,58770
57966,58771
57967,58772
57967,58773
57967,58774
57968,58775
57968,58776
57968,58777
57968,58778
57969,58779
57969,58780
57969,58781
57969,58782
57970,58783
57970,58784
57970,58785
57971,58786
57971,58787
57971,58788
57972,58789
57972,58790
57972,58791
57972,58792
57973,58793
57973,58794
57973,58795
57974,58796
57974,58797
57974,58798
57974,58799
57975,58800
57975,58801
57975,58802
57976,58803
57976,58804
57976,58805
57977,58806
57977,58807
57977,58808
57978,58809
57978,58810
57978,58811
57979,58812
57979,58813
57979,58814
57979,58815
57980,58816
57980,58817
57980,58818
57981,58819
57981,58820
57981,58821
57982,58822
57982,58823
57982,58824
57983,58825
57983,58826
57983,58827
57983,58828
57984,58829
57984,58830
57984,58831
57985,58832
57985,58833
57985,58834
57986,58835
57986,58836
57986,58837
57986,58838
57987,58839
57987,58840
57987,58841
57987,58842
57988,58843
57988,58844
57988,58845
57988,58846
57989,58847
57989,58848
57989,58849
57990,58850
57990,58851
57990,58852
57990,58853
57991,58854
57991,58855
57991,58856
57991,58857
57992,58858
57992,58859
57992,58860
57993,58861
57993,58862
57993,58863
57993,58864
57994,58865
57994,58866
57994,58867
57994,58868
57995,58869
57995,58870
57995,58871
57995,58872
57996,58873
57996,58874
57996,58875
57997,58876
57997,58877
57997,58878
57998,58879
57998,58880
57998,58881
57999,58882
57999,58883
57999,58884
57999,58885
58000,58886
58000,58887
58000,58888
58001,58889
58001,58890
58001,58891
58002,58892
58002,58893
58002,58894
58002,58895
58003,58896
58003,58897
58003,58898
58003,58899
58004,58900
58004,58901
58004,58902
58004,58903
58005,58904
58005,58905
58005,58906
58005,58907
58006,58908
58006,58909
58006,58910
58007,58911
58007,58912
58007,58913
58007,58914
58008,58915
58008,58916
58008,58917
58008,58918
58009,58919
58009,58920
58009,58921
58009,58922
58010,58923
58010,58924
58010,58925
58010,58926
58011,58927
58011,58928
58011,58929
58011,58930
58012,58931
58012,58932
58012,58933
58013,58934
58013,58935
58013,58936
58013,58937
58014,58938
58014,58939
58014,58940
58015,58941
58015,58942
58015,58943
58015,58944
58016,58945
58016,58946
58016,58947
58016,58948
58017,58949
58017,58950
58017,58951
58017,58952
58018,58953
58018,58954
58018,58955
58018,58956
58019,58957
58019,58958
58019,58959
58019,58960
58020,58961
58020,58962
58020,58963
58020,58964
58021,58965
58021,58966
58021,58967
58022,58968
58022,58969
58022,58970
58023,58971
58023,58972
58023,58973
58023,58974
58024,58975
58024,58976
58024,58977
58025,58978
58025,58979
58025,58980
58026,58981
58026,58982
58026,58983
58027,58984
58027,58985
58027,58986
58027,58987
58028,58988
58028,58989
58028,58990
58029,58991
58029,58992
58029,58993
58030,58994
58030,58995
58030,58996
58030,58997
58031,58998
58031,58999
58031,59000
58032,59001
58032,59002
58032,59003
58033,59004
58033,59005
58033,59006
58034,59007
58034,59008
58034,59009
58035,59010
58035,59011
58035,59012
58036,59013
58036,59014
58036,59015
58036,59016
58037,59017
58037,59018
58037,59019
58038,59020
58038,59021
58038,59022
58038,59023
58039,59024
58039,59025
58039,59026
58039,59027
58040,59028
58040,59029
58040,59030
58041,59031
58041,59032
58041,59033
58042,59034
58042,59035
58042,59036
58042,59037
58043,59038
58043,59039
58043,59040
58043,59041
58044,59042
58044,59043
58044,59044
58045,59045
58045,59046
58045,59047
58045,59048
58046,59049
58046,59050
58046,59051
58047,59052
58047,59053
58047,59054
58048,59055
58048,59056
58048,59057
58049,59058
58049,59059
58049,59060
58050,59061
58050,59062
58050,59063
58050,59064
58051,59065
58051,59066
58051,59067
58052,59068
58052,59069
58052,59070
58052,59071
58053,59072
58053,59073
58053,59074
58054,59075
58054,59076
58054,59077
58054,59078
58055,59079
58055,59080
58055,59081
58056,59082
58056,59083
58056,59084
58057,59085
58057,59086
58057,59087
58057,59088
58058,59089
58058,59090
58058,59091
58058,59092
58059,59093
58059,59094
58059,59095
58059,59096
58060,59097
58060,59098
58060,59099
58061,59100
58061,59101
58061,59102
58061,59103
58062,59104
58062,59105
58062,59106
58063,59107
58063,59108
58063,59109
58063,59110
58064,59111
58064,59112
58064,59113
58065,59114
58065,59115
58065,59116
58066,59117
58066,59118
58066,59119
58066,59120
58067,59121
58067,59122
58067,59123
58068,59124
58068,59125
58068,59126
58068,59127
58069,59128
58069,59129
58069,59130
58070,59131
58070,59132
58070,59133
58071,59134
58071,59135
58071,59136
58072,59137
58072,59138
58072,59139
58073,59140
58073,59141
58073,59142
58073,59143
58074,59144
58074,59145
58074,59146
58074,59147
58075,59148
58075,59149
58075,59150
58076,59151
58076,59152
58076,59153
58077,59154
58077,59155
58077,59156
58077,59157
58078,59158
58078,59159
58078,59160
58079,59161
58079,59162
58079,59163
58080,59164
58080,59165
58080,59166
58081,59167
58081,59168
58081,59169
58081,59170
58082,59171
58082,59172
58082,59173
58082,59174
58083,59175
58083,59176
58083,59177
58084,59178
58084,59179
58084,59180
58085,59181
58085,59182
58085,59183
58085,59184
58086,59185
58086,59186
58086,59187
58087,59188
58087,59189
58087,59190
58087,59191
58088,59192
58088,59193
58088,59194
58088,59195
58089,59196
58089,59197
58089,59198
58089,59199
58090,59200
58090,59201
58090,59202
58090,59203
58091,59204
58091,59205
58091,59206
58092,59207
58092,59208
58092,59209
58092,59210
58093,59211
58093,59212
58093,59213
58094,59214
58094,59215
58094,59216
58094,59217
58095,59218
58095,59219
58095,59220
58095,59221
58096,59222
58096,59223
58096,59224
58097,59225
58097,59226
58097,59227
58098,59228
58098,59229
58098,59230
58099,59231
58099,59232
58099,59233
58099,59234
58100,59235
58100,59236
58100,59237
58101,59238
58101,59239
58101,59240
58101,59241
58102,59242
58102,59243
58102,59244
58102,59245
58103,59246
58103,59247
58103,59248
58103,59249
58104,59250
58104,59251
58104,59252
58105,59253
58105,59254
58105,59255
58105,59256
58106,59257
58106,59258
58106,59259
58106,59260
58107,59261
58107,59262
58107,59263
58108,59264
58108,59265
58108,59266
58109,59267
58109,59268
58109,59269
58110,59270
58110,59271
58110,59272
58111,59273
58111,59274
58111,59275
58111,59276
58112,59277
58112,59278
58112,59279
58113,59280
58113,59281
58113,59282
58114,59283
58114,59284
58114,59285
58115,59286
58115,59287
58115,59288
58115,59289
58116,59290
58116,59291
58116,59292
58116,59293
58117,59294
58117,59295
58117,59296
58118,59297
58118,59298
58118,59299
58119,59300
58119,59301
58119,59302
58120,59303
58120,59304
58120,59305
58121,59306
58121,59307
58121,59308
58122,59309
58122,59310
58122,59311
58122,59312
58123,59313
58123,59314
58123,59315
58123,59316
58619,59317
58619,59318
58619,59319
58619,59320
58620,59321
58620,59322
58620,59323
58621,59324
58621,59325
58621,59326
58621,59327
58622,59328
58622,59329
58622,59330
58622,59331
58623,59332
58623,59333
58623,59334
58624,59335
58624,59336
58624,59337
58624,59338
58625,59339
58625,59340
58625,59341
58625,59342
58626,59343
58626,59344
58626,59345
58626,59346
58627,59347
58627,59348
58627,59349
58627,59350
58628,59351
58628,59352
58628,59353
58629,59354
58629,59355
58629,59356
58630,59357
58630,59358
58630,59359
58631,59360
58631,59361
58631,59362
58631,59363
58632,59364
58632,59365
58632,59366
58633,59367
58633,59368
58633,59369
58634,59370
58634,59371
58634,59372
58635,59373
58635,59374
58635,59375
58636,59376
58636,59377
58636,59378
58636,59379
58637,59380
58637,59381
58637,59382
58637,59383
58638,59384
58638,59385
58638,59386
58639,59387
58639,59388
58639,59389
58639,59390
58640,59391
58640,59392
58640,59393
58640,59394
58641,59395
58641,59396
58641,59397
58641,59398
58642,59399
58642,59400
58642,59401
58642,59402
58643,59403
58643,59404
58643,59405
58643,59406
58644,59407
58644,59408
58644,59409
58644,59410
58645,59411
58645,59412
58645,59413
58646,59414
58646,59415
58646,59416
58646,59417
58647,59418
58647,59419
58647,59420
58647,59421
58648,59422
58648,59423
58648,59424
58649,59425
58649,59426
58649,59427
58649,59428
58650,59429
58650,59430
58650,59431
58651,59432
58651,59433
58651,59434
58651,59435
58652,59436
58652,59437
58652,59438
58653,59439
58653,59440
58653,59441
58654,59442
58654,59443
58654,59444
58655,59445
58655,59446
58655,59447
58655,59448
58656,59449
58656,59450
58656,59451
58657,59452
58657,59453
58657,59454
58658,59455
58658,59456
58658,59457
58658,59458
58659,59459
58659,59460
58659,59461
58659,59462
58660,59463
58660,59464
58660,59465
58660,59466
58661,59467
58661,59468
58661,59469
58662,59470
58662,59471
58662,59472
58662,59473
58663,59474
58663,59475
58663,59476
58664,59477
58664,59478
58664,59479
58665,59480
58665,59481
58665,59482
58665,59483
58666,59484
58666,59485
58666,59486
58666,59487
58667,59488
58667,59489
58667,59490
58667,59491
58668,59492
58668,59493
58668,59494
58669,59495
58669,59496
58669,59497
58670,59498
58670,59499
58670,59500
58671,59501
58671,59502
58671,59503
58672,59504
58672,59505
58672,59506
58673,59507
58673,59508
58673,59509
58674,59510
58674,59511
58674,59512
58674,59513
58675,59514
58675,59515
58675,59516
58676,59517
58676,59518
58676,59519
58676,59520
58677,59521
58677,59522
58677,59523
58677,59524
58678,59525
58678,59526
58678,59527
58678,59528
58679,59529
58679,59530
58679,59531
58680,59532
58680,59533
58680,59534
58681,59535
58681,59536
58681,59537
58682,59538
58682,59539
58682,59540
58682,59541
58683,59542
58683,59543
58683,59544
58683,59545
58684,59546
58684,59547
58684,59548
58685,59549
58685,59550
58685,59551
58685,59552
58686,59553
58686,59554
58686,59555
58687,59556
58687,59557
58687,59558
58688,59559
58688,59560
58688,59561
58688,59562
58689,59563
58689,59564
58689,59565
58690,59566
58690,59567
58690,59568
58690,59569
58691,59570
58691,59571
58691,59572
58692,59573
58692,59574
58692,59575
58693,59576
58693,59577
58693,59578
58693,59579
58694,59580
58694,59581
58694,59582
58695,59583
58695,59584
58695,59585
58696,59586
58696,59587
58696,59588
58697,59589
58697,59590
58697,59591
58698,59592
58698,59593
58698,59594
58699,59595
58699,59596
58699,59597
58700,59598
58700,59599
58700,59600
58701,59601
58701,59602
58701,59603
58701,59604
58702,59605
58702,59606
58702,59607
58703,59608
58703,59609
58703,59610
58703,59611
58704,59612
58704,59613
58704,59614
58705,59615
58705,59616
58705,59617
58705,59618
58706,59619
58706,59620
58706,59621
58707,59622
58707,59623
58707,59624
58707,59625
58708,59626
58708,59627
58708,59628
58708,59629
58709,59630
58709,59631
58709,59632
58710,59633
58710,59634
58710,59635
58711,59636
58711,59637
58711,59638
58712,59639
58712,59640
58712,59641
58712,59642
58713,59643
58713,59644
58713,59645
58714,59646
58714,59647
58714,59648
58715,59649
58715,59650
58715,59651
58716,59652
58716,59653
58716,59654
58717,59655
58717,59656
58717,59657
58718,59658
58718,59659
58718,59660
58718,59661
58719,59662
58719,59663
58719,59664
58720,59665
58720,59666
58720,59667
58721,59668
58721,59669
58721,59670
58721,59671
58722,59672
58722,59673
58722,59674
58723,59675
58723,59676
58723,59677
58724,59678
58724,59679
58724,59680
58725,59681
58725,59682
58725,59683
58725,59684
58726,59685
58726,59686
58726,59687
58726,59688
58727,59689
58727,59690
58727,59691
58728,59692
58728,59693
58728,59694
58728,59695
58729,59696
58729,59697
58729,59698
58730,59699
58730,59700
58730,59701
58730,59702
58731,59703
58731,59704
58731,59705
58732,59706
58732,59707
58732,59708
58732,59709
58733,59710
58733,59711
58733,59712
58733,59713
58734,59714
58734,59715
58734,59716
58734,59717
58735,59718
58735,59719
58735,59720
58736,59721
58736,59722
58736,59723
58736,59724
58737,59725
58737,59726
58737,59727
58738,59728
58738,59729
58738,59730
58738,59731
58739,59732
58739,59733
58739,59734
58739,59735
58740,59736
58740,59737
58740,59738
58740,59739
58741,59740
58741,59741
58741,59742
58742,59743
58742,59744
58742,59745
58742,59746
58743,59747
58743,59748
58743,59749
58743,59750
58744,59751
58744,59752
58744,59753
58745,59754
58745,59755
58745,59756
58746,59757
58746,59758
58746,59759
58746,59760
58747,59761
58747,59762
58747,59763
58747,59764
58748,59765
58748,59766
58748,59767
58749,59768
58749,59769
58749,59770
58750,59771
58750,59772
58750,59773
58750,59774
58751,59775
58751,59776
58751,59777
58752,59778
58752,59779
58752,59780
58753,59781
58753,59782
58753,59783
58754,59784
58754,59785
58754,59786
58754,59787
58755,59788
58755,59789
58755,59790
58756,59791
58756,59792
58756,59793
58757,59794
58757,59795
58757,59796
58757,59797
58758,59798
58758,59799
58758,59800
58758,59801
58759,59802
58759,59803
58759,59804
58759,59805
58760,59806
58760,59807
58760,59808
58760,59809
58761,59810
58761,59811
58761,59812
58762,59813
58762,59814
58762,59815
58763,59816
58763,59817
58763,59818
58764,59819
58764,59820
58764,59821
58765,59822
58765,59823
58765,59824
58766,59825
58766,59826
58766,59827
58767,59828
58767,59829
58767,59830
58768,59831
58768,59832
58768,59833
58768,59834
58769,59835
58769,59836
58769,59837
58770,59838
58770,59839
58770,59840
58771,59841
58771,59842
58771,59843
58772,59844
58772,59845
58772,59846
58773,59847
58773,59848
58773,59849
58773,59850
58774,59851
58774,59852
58774,59853
58774,59854
58775,59855
58775,59856
58775,59857
58775,59858
58776,59859
58776,59860
58776,59861
58777,59862
58777,59863
58777,59864
58778,59865
58778,59866
58778,59867
58778,59868
58779,59869
58779,59870
58779,59871
58779,59872
58780,59873
58780,59874
58780,59875
58781,59876
58781,59877
58781,59878
58781,59879
58782,59880
58782,59881
58782,59882
58783,59883
58783,59884
58783,59885
58783,59886
58784,59887
58784,59888
58784,59889
58785,59890
58785,59891
58785,59892
58786,59893
58786,59894
58786,59895
58787,59896
58787,59897
58787,59898
58787,59899
58788,59900
58788,59901
58788,59902
58789,59903
58789,59904
58789,59905
58790,59906
58790,59907
58790,59908
58791,59909
58791,59910
58791,59911
58791,59912
58792,59913
58792,59914
58792,59915
58793,59916
58793,59917
58793,59918
58793,59919
58794,59920
58794,59921
58794,59922
58794,59923
58795,59924
58795,59925
58795,59926
58796,59927
58796,59928
58796,59929
58797,59930
58797,59931
58797,59932
58798,59933
58798,59934
58798,59935
58798,59936
58799,59937
58799,59938
58799,59939
58799,59940
58800,59941
58800,59942
58800,59943
58801,59944
58801,59945
58801,59946
58802,59947
58802,59948
58802,59949
58802,59950
58803,59951
58803,59952
58803,59953
58804,59954
58804,59955
58804,59956
58804,59957
58805,59958
58805,59959
58805,59960
58805,59961
58806,59962
58806,59963
58806,59964
58806,59965
58807,59966
58807,59967
58807,59968
58808,59969
58808,59970
58808,59971
58809,59972
58809,59973
58809,59974
58810,59975
58810,59976
58810,59977
58810,59978
58811,59979
58811,59980
58811,59981
58811,59982
58812,59983
58812,59984
58812,59985
58813,59986
58813,59987
58813,59988
58813,59989
58814,59990
58814,59991
58814,59992
58814,59993
58815,59994
58815,59995
58815,59996
58816,59997
58816,59998
58816,59999
58816,60000
58817,60001
58817,60002
58817,60003
58817,60004
58818,60005
58818,60006
58818,60007
58819,60008
58819,60009
58819,60010
59317,60011
59317,60012
59317,60013
59318,60014
59318,60015
59318,60016
59319,60017
59319,60018
59319,60019
59319,60020
59320,60021
59320,60022
59320,60023
59320,60024
59321,60025
59321,60026
59321,60027
59322,60028
59322,60029
59322,60030
59322,60031
59323,60032
59323,60033
59323,60034
59324,60035
59324,60036
59324,60037
59324,60038
59325,60039
59325,60040
59325,60041
59326,60042
59326,60043
59326,60044
59327,60045
59327,60046
59327,60047
59327,60048
59328,60049
59328,60050
59328,60051
59328,60052
59329,60053
59329,60054
59329,60055
59329,60056
59330,60057
59330,60058
59330,60059
59331,60060
59331,60061
59331,60062
59331,60063
59332,60064
59332,60065
59332,60066
59333,60067
59333,60068
59333,60069
59333,60070
59334,60071
59334,60072
59334,60073
59334,60074
59335,60075
59335,60076
59335,60077
59336,60078
59336,60079
59336,60080
59336,60081
59337,60082
59337,60083
59337,60084
59337,60085
59338,60086
59338,60087
59338,60088
59339,60089
59339,60090
59339,60091
59339,60092
59340,60093
59340,60094
59340,60095
59341,60096
59341,60097
59341,60098
59341,60099
59342,60100
59342,60101
59342,60102
59343,60103
59343,60104
59343,60105
59343,60106
59344,60107
59344,60108
59344,60109
59345,60110
59345,60111
59345,60112
59345,60113
59346,60114
59346,60115
59346,60116
59346,60117
59347,60118
59347,60119
59347,60120
59347,60121
59348,60122
59348,60123
59348,60124
59348,60125
59349,60126
59349,60127
59349,60128
59349,60129
59350,60130
59350,60131
59350,60132
59350,60133
59351,60134
59351,60135
59351,60136
59351,60137
59352,60138
59352,60139
59352,60140
59353,60141
59353,60142
59353,60143
59354,60144
59354,60145
59354,60146
59355,60147
59355,60148
59355,60149
59356,60150
59356,60151
59356,60152
59356,60153
59357,60154
59357,60155
59357,60156
59357,60157
59358,60158
59358,60159
59358,60160
59358,60161
59359,60162
59359,60163
59359,60164
59360,60165
59360,60166
59360,60167
59360,60168
59361,60169
59361,60170
59361,60171
59361,60172
59362,60173
59362,60174
59362,60175
59363,60176
59363,60177
59363,60178
59363,60179
59364,60180
59364,60181
59364,60182
59365,60183
59365,60184
59365,60185
59366,60186
59366,60187
59366,60188
59366,60189
59367,60190
59367,60191
59367,60192
59368,60193
59368,60194
59368,60195
59369,60196
59369,60197
59369,60198
59369,60199
59370,60200
59370,60201
59370,60202
59371,60203
59371,60204
59371,60205
59372,60206
59372,60207
59372,60208
59372,60209
59373,60210
59373,60211
59373,60212
59373,60213
59374,60214
59374,60215
59374,60216
59375,60217
59375,60218
59375,60219
59375,60220
59376,60221
59376,60222
59376,60223
59376,60224
59377,60225
59377,60226
59377,60227
59378,60228
59378,60229
59378,60230
59379,60231
59379,60232
59379,60233
59379,60234
59380,60235
59380,60236
59380,60237
59381,60238
59381,60239
59381,60240
59381,60241
59382,60242
59382,60243
59382,60244
59382,60245
59383,60246
59383,60247
59383,60248
59383,60249
59384,60250
59384,60251
59384,60252
59384,60253
59385,60254
59385,60255
59385,60256
59386,60257
59386,60258
59386,60259
59386,60260
59387,60261
59387,60262
59387,60263
59388,60264
59388,60265
59388,60266
59389,60267
59389,60268
59389,60269
59389,60270
59390,60271
59390,60272
59390,60273
59391,60274
59391,60275
59391,60276
59391,60277
59392,60278
59392,60279
59392,60280
59393,60281
59393,60282
59393,60283
59393,60284
59394,60285
59394,60286
59394,60287
59395,60288
59395,60289
59395,60290
59396,60291
59396,60292
59396,60293
59397,60294
59397,60295
59397,60296
59397,60297
59398,60298
59398,60299
59398,60300
59398,60301
59399,60302
59399,60303
59399,60304
59399,60305
59400,60306
59400,60307
59400,60308
59401,60309
59401,60310
59401,60311
59401,60312
59402,60313
59402,60314
59402,60315
59403,60316
59403,60317
59403,60318
59404,60319
59404,60320
59404,60321
59405,60322
59405,60323
59405,60324
59405,60325
59406,60326
59406,60327
59406,60328
59406,60329
59407,60330
59407,60331
59407,60332
59407,60333
59408,60334
59408,60335
59408,60336
59409,60337
59409,60338
59409,60339
59410,60340
59410,60341
59410,60342
59411,60343
59411,60344
59411,60345
59412,60346
59412,60347
59412,60348
59412,60349
59413,60350
59413,60351
59413,60352
59414,60353
59414,60354
59414,60355
59415,60356
59415,60357
59415,60358
59416,60359
59416,60360
59416,60361
59416,60362
59417,60363
59417,60364
59417,60365
59417,60366
59418,60367
59418,60368
59418,60369
59418,60370
59419,60371
59419,60372
59419,60373
59419,60374
59420,60375
59420,60376
59420,60377
59421,60378
59421,60379
59421,60380
59422,60381
59422,60382
59422,60383
59423,60384
59423,60385
59423,60386
59423,60387
59424,60388
59424,60389
59424,60390
59424,60391
59425,60392
59425,60393
59425,60394
59426,60395
59426,60396
59426,60397
59427,60398
59427,60399
59427,60400
59428,60401
59428,60402
59428,60403
59428,60404
59429,60405
59429,60406
59429,60407
59430,60408
59430,60409
59430,60410
59431,60411
59431,60412
59431,60413
59432,60414
59432,60415
59432,60416
59432,60417
59433,60418
59433,60419
59433,60420
59434,60421
59434,60422
59434,60423
59434,60424
59435,60425
59435,60426
59435,60427
59436,60428
59436,60429
59436,60430
59437,60431
59437,60432
59437,60433
59438,60434
59438,60435
59438,60436
59438,60437
59439,60438
59439,60439
59439,60440
59439,60441
59440,60442
59440,60443
59440,60444
59440,60445
59441,60446
59441,60447
59441,60448
59441,60449
59442,60450
59442,60451
59442,60452
59443,60453
59443,60454
59443,60455
59443,60456
59444,60457
59444,60458
59444,60459
59444,60460
59445,60461
59445,60462
59445,60463
59445,60464
59446,60465
59446,60466
59446,60467
59446,60468
59447,60469
59447,60470
59447,60471
59448,60472
59448,60473
59448,60474
59449,60475
59449,60476
59449,60477
59449,60478
59450,60479
59450,60480
59450,60481
59451,60482
59451,60483
59451,60484
59451,60485
59452,60486
59452,60487
59452,60488
59453,60489
59453,60490
59453,60491
59454,60492
59454,60493
59454,60494
59454,60495
59455,60496
59455,60497
59455,60498
59455,60499
59456,60500
59456,60501
59456,60502
59456,60503
59457,60504
59457,60505
59457,60506
59457,60507
59458,60508
59458,60509
59458,60510
59458,60511
59459,60512
59459,60513
59459,60514
59460,60515
59460,60516
59460,60517
59460,60518
59461,60519
59461,60520
59461,60521
59461,60522
59462,60523
59462,60524
59462,60525
59462,60526
59463,60527
59463,60528
59463,60529
59463,60530
59464,60531
59464,60532
59464,60533
59464,60534
59465,60535
59465,60536
59465,60537
59465,60538
59466,60539
59466,60540
59466,60541
59467,60542
59467,60543
59467,60544
59467,60545
59468,60546
59468,60547
59468,60548
59468,60549
59469,60550
59469,60551
59469,60552
59469,60553
59470,60554
59470,60555
59470,60556
59470,60557
59471,60558
59471,60559
59471,60560
59471,60561
59472,60562
59472,60563
59472,60564
59472,60565
59473,60566
59473,60567
59473,60568
59474,60569
59474,60570
59474,60571
59475,60572
59475,60573
59475,60574
59475,60575
59476,60576
59476,60577
59476,60578
59476,60579
59477,60580
59477,60581
59477,60582
59478,60583
59478,60584
59478,60585
59478,60586
59479,60587
59479,60588
59479,60589
59480,60590
59480,60591
59480,60592
59481,60593
59481,60594
59481,60595
59482,60596
59482,60597
59482,60598
59482,60599
59483,60600
59483,60601
59483,60602
59484,60603
59484,60604
59484,60605
59484,60606
59485,60607
59485,60608
59485,60609
59486,60610
59486,60611
59486,60612
59487,60613
59487,60614
59487,60615
59487,60616
59488,60617
59488,60618
59488,60619
59489,60620
59489,60621
59489,60622
59489,60623
59490,60624
59490,60625
59490,60626
59490,60627
59491,60628
59491,60629
59491,60630
59492,60631
59492,60632
59492,60633
59492,60634
59493,60635
59493,60636
59493,60637
59494,60638
59494,60639
59494,60640
59494,60641
59495,60642
59495,60643
59495,60644
59496,60645
59496,60646
59496,60647
59496,60648
59497,60649
59497,60650
59497,60651
59497,60652
59498,60653
59498,60654
59498,60655
59499,60656
59499,60657
59499,60658
59500,60659
59500,60660
59500,60661
59500,60662
59501,60663
59501,60664
59501,60665
59501,60666
59502,60667
59502,60668
59502,60669
59502,60670
59503,60671
59503,60672
59503,60673
59503,60674
59504,60675
59504,60676
59504,60677
59505,60678
59505,60679
59505,60680
59505,60681
59506,60682
59506,60683
59506,60684
59506,60685
59507,60686
59507,60687
59507,60688
59508,60689
59508,60690
59508,60691
59509,60692
59509,60693
59509,60694
59510,60695
59510,60696
59510,60697
59510,60698
59511,60699
59511,60700
59511,60701
59511,60702
59512,60703
59512,60704
59512,60705
59513,60706
59513,60707
59513,60708
59514,60709
59514,60710
59514,60711
59515,60712
59515,60713
59515,60714
59515,60715
59516,60716
59516,60717
59516,60718
59517,60719
59517,60720
59517,60721
59517,60722
60011,60723
60011,60724
60011,60725
60011,60726
60012,60727
60012,60728
60012,60729
60012,60730
60013,60731
60013,60732
60013,60733
60014,60734
60014,60735
60014,60736
60014,60737
60015,60738
60015,60739
60015,60740
60015,60741
60016,60742
60016,60743
60016,60744
60017,60745
60017,60746
60017,60747
60018,60748
60018,60749
60018,60750
60018,60751
60019,60752
60019,60753
60019,60754
60019,60755
60020,60756
60020,60757
60020,60758
60020,60759
60021,60760
60021,60761
60021,60762
60022,60763
60022,60764
60022,60765
60022,60766
60023,60767
60023,60768
60023,60769
60024,60770
60024,60771
60024,60772
60024,60773
60025,60774
60025,60775
60025,60776
60025,60777
60026,60778
60026,60779
60026,60780
60027,60781
60027,60782
60027,60783
60028,60784
60028,60785
60028,60786
60029,60787
60029,60788
60029,60789
60030,60790
60030,60791
60030,60792
60031,60793
60031,60794
60031,60795
60032,60796
60032,60797
60032,60798
60032,60799
60033,60800
60033,60801
60033,60802
60034,60803
60034,60804
60034,60805
60035,60806
60035,60807
60035,60808
60036,60809
60036,60810
60036,60811
60036,60812
60037,60813
60037,60814
60037,60815
60038,60816
60038,60817
60038,60818
60038,60819
60039,60820
60039,60821
60039,60822
60040,60823
60040,60824
60040,60825
60040,60826
60041,60827
60041,60828
60041,60829
60042,60830
60042,60831
60042,60832
60043,60833
60043,60834
60043,60835
60043,60836
60044,60837
60044,60838
60044,60839
60045,60840
60045,60841
60045,60842
60045,60843
60046,60844
60046,60845
60046,60846
60047,60847
60047,60848
60047,60849
60048,60850
60048,60851
60048,60852
60048,60853
60049,60854
60049,60855
60049,60856
60049,60857
60050,60858
60050,60859
60050,60860
60051,60861
60051,60862
60051,60863
60052,60864
60052,60865
60052,60866
60053,60867
60053,60868
60053,60869
60054,60870
60054,60871
60054,60872
60055,60873
60055,60874
60055,60875
60055,60876
60056,60877
60056,60878
60056,60879
60056,60880
60057,60881
60057,60882
60057,60883
60057,60884
60058,60885
60058,60886
60058,60887
60059,60888
60059,60889
60059,60890
60059,60891
60060,60892
60060,60893
60060,60894
60060,60895
60061,60896
60061,60897
60061,60898
60061,60899
60062,60900
60062,60901
60062,60902
60062,60903
60063,60904
60063,60905
60063,60906
60063,60907
60064,60908
60064,60909
60064,60910
60065,60911
60065,60912
60065,60913
60065,60914
60066,60915
60066,60916
60066,60917
60067,60918
60067,60919
60067,60920
60068,60921
60068,60922
60068,60923
60068,60924
60069,60925
60069,60926
60069,60927
60070,60928
60070,60929
60070,60930
60070,60931
60071,60932
60071,60933
60071,60934
60071,60935
60072,60936
60072,60937
60072,60938
60072,60939
60073,60940
60073,60941
60073,60942
60073,60943
60074,60944
60074,60945
60074,60946
60075,60947
60075,60948
60075,60949
60076,60950
60076,60951
60076,60952
60077,60953
60077,60954
60077,60955
60078,60956
60078,60957
60078,60958
60078,60959
60079,60960
60079,60961
60079,60962
60079,60963
60080,60964
60080,60965
60080,60966
60080,60967
60081,60968
60081,60969
60081,60970
60082,60971
60082,60972
60082,60973
60083,60974
60083,60975
60083,60976
60084,60977
60084,60978
60084,60979
60084,60980
60085,60981
60085,60982
60085,60983
60086,60984
60086,60985
60086,60986
60086,60987
60087,60988
60087,60989
60087,60990
60088,60991
60088,60992
60088,60993
60089,60994
60089,60995
60089,60996
60090,60997
60090,60998
60090,60999
60090,61000
60091,61001
60091,61002
60091,61003
60091,61004
60092,61005
60092,61006
60092,61007
60093,61008
60093,61009
60093,61010
60094,61011
60094,61012
60094,61013
60095,61014
60095,61015
60095,61016
60095,61017
60096,61018
60096,61019
60096,61020
60097,61021
60097,61022
60097,61023
60098,61024
60098,61025
60098,61026
60099,61027
60099,61028
60099,61029
60100,61030
60100,61031
60100,61032
60101,61033
60101,61034
60101,61035
60101,61036
60102,61037
60102,61038
60102,61039
60103,61040
60103,61041
60103,61042
60104,61043
60104,61044
60104,61045
60104,61046
60105,61047
60105,61048
60105,61049
60105,61050
60106,61051
60106,61052
60106,61053
60107,61054
60107,61055
60107,61056
60107,61057
60108,61058
60108,61059
60108,61060
60109,61061
60109,61062
60109,61063
60109,61064
60110,61065
60110,61066
60110,61067
60110,61068
60111,61069
60111,61070
60111,61071
60112,61072
60112,61073
60112,61074
60112,61075
60113,61076
60113,61077
60113,61078
60113,61079
60114,61080
60114,61081
60114,61082
60114,61083
60115,61084
60115,61085
60115,61086
60115,61087
60116,61088
60116,61089
60116,61090
60116,61091
60117,61092
60117,61093
60117,61094
60117,61095
60118,61096
60118,61097
60118,61098
60119,61099
60119,61100
60119,61101
60119,61102
60120,61103
60120,61104
60120,61105
60120,61106
60121,61107
60121,61108
60121,61109
60122,61110
60122,61111
60122,61112
60122,61113
60123,61114
60123,61115
60123,61116
60124,61117
60124,61118
60124,61119
60125,61120
60125,61121
60125,61122
60126,61123
60126,61124
60126,61125
60126,61126
60127,61127
60127,61128
60127,61129
60127,61130
60128,61131
60128,61132
60128,61133
60129,61134
60129,61135
60129,61136
60129,61137
60130,61138
60130,61139
60130,61140
60131,61141
60131,61142
60131,61143
60131,61144
60132,61145
60132,61146
60132,61147
60133,61148
60133,61149
60133,61150
60134,61151
60134,61152
60134,61153
60135,61154
60135,61155
60135,61156
60135,61157
60136,61158
60136,61159
60136,61160
60136,61161
60137,61162
60137,61163
60137,61164
60137,61165
60138,61166
60138,61167
60138,61168
60139,61169
60139,61170
60139,61171
60139,61172
60140,61173
60140,61174
60140,61175
60140,61176
60141,61177
60141,61178
60141,61179
60142,61180
60142,61181
60142,61182
60142,61183
60143,61184
60143,61185
60143,61186
60144,61187
60144,61188
60144,61189
60144,61190
60145,61191
60145,61192
60145,61193
60146,61194
60146,61195
60146,61196
60146,61197
60147,61198
60147,61199
60147,61200
60148,61201
60148,61202
60148,61203
60149,61204
60149,61205
60149,61206
60150,61207
60150,61208
60150,61209
60150,61210
60151,61211
60151,61212
60151,61213
60152,61214
60152,61215
60152,61216
60153,61217
60153,61218
60153,61219
60154,61220
60154,61221
60154,61222
60155,61223
60155,61224
60155,61225
60156,61226
60156,61227
60156,61228
60157,61229
60157,61230
60157,61231
60158,61232
60158,61233
60158,61234
60159,61235
60159,61236
60159,61237
60159,61238
60160,61239
60160,61240
60160,61241
60160,61242
60161,61243
60161,61244
60161,61245
60162,61246
60162,61247
60162,61248
60162,61249
60163,61250
60163,61251
60163,61252
60163,61253
60164,61254
60164,61255
60164,61256
60165,61257
60165,61258
60165,61259
60165,61260
60166,61261
60166,61262
60166,61263
60167,61264
60167,61265
60167,61266
60167,61267
60168,61268
60168,61269
60168,61270
60169,61271
60169,61272
60169,61273
60169,61274
60170,61275
60170,61276
60170,61277
60170,61278
60171,61279
60171,61280
60171,61281
60171,61282
60172,61283
60172,61284
60172,61285
60172,61286
60173,61287
60173,61288
60173,61289
60174,61290
60174,61291
60174,61292
60174,61293
60175,61294
60175,61295
60175,61296
60175,61297
60176,61298
60176,61299
60176,61300
60176,61301
60177,61302
60177,61303
60177,61304
60177,61305
60178,61306
60178,61307
60178,61308
60178,61309
60179,61310
60179,61311
60179,61312
60179,61313
60180,61314
60180,61315
60180,61316
60181,61317
60181,61318
60181,61319
60182,61320
60182,61321
60182,61322
60182,61323
60183,61324
60183,61325
60183,61326
60183,61327
60184,61328
60184,61329
60184,61330
60184,61331
60185,61332
60185,61333
60185,61334
60185,61335
60186,61336
60186,61337
60186,61338
60187,61339
60187,61340
60187,61341
60188,61342
60188,61343
60188,61344
60189,61345
60189,61346
60189,61347
60190,61348
60190,61349
60190,61350
60190,61351
60191,61352
60191,61353
60191,61354
60191,61355
60192,61356
60192,61357
60192,61358
60192,61359
60193,61360
60193,61361
60193,61362
60194,61363
60194,61364
60194,61365
60194,61366
60195,61367
60195,61368
60195,61369
60195,61370
60196,61371
60196,61372
60196,61373
60197,61374
60197,61375
60197,61376
60198,61377
60198,61378
60198,61379
60199,61380
60199,61381
60199,61382
60200,61383
60200,61384
60200,61385
60201,61386
60201,61387
60201,61388
60202,61389
60202,61390
60202,61391
60203,61392
60203,61393
60203,61394
60203,61395
60204,61396
60204,61397
60204,61398
60205,61399
60205,61400
60205,61401
60206,61402
60206,61403
60206,61404
60206,61405
60207,61406
60207,61407
60207,61408
60207,61409
60208,61410
60208,61411
60208,61412
60208,61413
60209,61414
60209,61415
60209,61416
60209,61417
60210,61418
60210,61419
60210,61420
60211,61421
60211,61422
60211,61423
60723,61424
60723,61425
60723,61426
60724,61427
60724,61428
60724,61429
60725,61430
60725,61431
60725,61432
60725,61433
60726,61434
60726,61435
60726,61436
60727,61437
60727,61438
60727,61439
60728,61440
60728,61441
60728,61442
60729,61443
60729,61444
60729,61445
60730,61446
60730,61447
60730,61448
60731,61449
60731,61450
60731,61451
60732,61452
60732,61453
60732,61454
60733,61455
60733,61456
60733,61457
60733,61458
60734,61459
60734,61460
60734,61461
60735,61462
60735,61463
60735,61464
60735,61465
60736,61466
60736,61467
60736,61468
60737,61469
60737,61470
60737,61471
60738,61472
60738,61473
60738,61474
60738,61475
60739,61476
60739,61477
60739,61478
60739,61479
60740,61480
60740,61481
60740,61482
60740,61483
60741,61484
60741,61485
60741,61486
60742,61487
60742,61488
60742,61489
60743,61490
60743,61491
60743,61492
60744,61493
60744,61494
60744,61495
60745,61496
60745,61497
60745,61498
60745,61499
60746,61500
60746,61501
60746,61502
60746,61503
60747,61504
60747,61505
60747,61506
60747,61507
60748,61508
60748,61509
60748,61510
60748,61511
60749,61512
60749,61513
60749,61514
60749,61515
60750,61516
60750,61517
60750,61518
60751,61519
60751,61520
60751,61521
60751,61522
60752,61523
60752,61524
60752,61525
60753,61526
60753,61527
60753,61528
60753,61529
60754,61530
60754,61531
60754,61532
60754,61533
60755,61534
60755,61535
60755,61536
60756,61537
60756,61538
60756,61539
60757,61540
60757,61541
60757,61542
60758,61543
60758,61544
60758,61545
60759,61546
60759,61547
60759,61548
60759,61549
60760,61550
60760,61551
60760,61552
60760,61553
60761,61554
60761,61555
60761,61556
60762,61557
60762,61558
60762,61559
60763,61560
60763,61561
60763,61562
60763,61563
60764,61564
60764,61565
60764,61566
60764,61567
60765,61568
60765,61569
60765,61570
60765,61571
60766,61572
60766,61573
60766,61574
60766,61575
60767,61576
60767,61577
60767,61578
60767,61579
60768,61580
60768,61581
60768,61582
60768,61583
60769,61584
60769,61585
60769,61586
60769,61587
60770,61588
60770,61589
60770,61590
60771,61591
60771,61592
60771,61593
60771,61594
60772,61595
60772,61596
60772,61597
60773,61598
60773,61599
60773,61600
60773,61601
60774,61602
60774,61603
60774,61604
60774,61605
60775,61606
60775,61607
60775,61608
60775,61609
60776,61610
60776,61611
60776,61612
60777,61613
60777,61614
60777,61615
60778,61616
60778,61617
60778,61618
60778,61619
60779,61620
60779,61621
60779,61622
60779,61623
60780,61624
60780,61625
60780,61626
60781,61627
60781,61628
60781,61629
60781,61630
60782,61631
60782,61632
60782,61633
60783,61634
60783,61635
60783,61636
60784,61637
60784,61638
60784,61639
60785,61640
60785,61641
60785,61642
60785,61643
60786,61644
60786,61645
60786,61646
60786,61647
60787,61648
60787,61649
60787,61650
60788,61651
60788,61652
60788,61653
60789,61654
60789,61655
60789,61656
60789,61657
60790,61658
60790,61659
60790,61660
60790,61661
60791,61662
60791,61663
60791,61664
60792,61665
60792,61666
60792,61667
60792,61668
60793,61669
60793,61670
60793,61671
60794,61672
60794,61673
60794,61674
60794,61675
60795,61676
60795,61677
60795,61678
60796,61679
60796,61680
60796,61681
60797,61682
60797,61683
60797,61684
60797,61685
60798,61686
60798,61687
60798,61688
60798,61689
60799,61690
60799,61691
60799,61692
60800,61693
60800,61694
60800,61695
60800,61696
60801,61697
60801,61698
60801,61699
60801,61700
60802,61701
60802,61702
60802,61703
60803,61704
60803,61705
60803,61706
60803,61707
60804,61708
60804,61709
60804,61710
60805,61711
60805,61712
60805,61713
60806,61714
60806,61715
60806,61716
60807,61717
60807,61718
60807,61719
60808,61720
60808,61721
60808,61722
60809,61723
60809,61724
60809,61725
60810,61726
60810,61727
60810,61728
60811,61729
60811,61730
60811,61731
60811,61732
60812,61733
60812,61734
60812,61735
60813,61736
60813,61737
60813,61738
60813,61739
60814,61740
60814,61741
60814,61742
60815,61743
60815,61744
60815,61745
60815,61746
60816,61747
60816,61748
60816,61749
60817,61750
60817,61751
60817,61752
60818,61753
60818,61754
60818,61755
60818,61756
60819,61757
60819,61758
60819,61759
60819,61760
60820,61761
60820,61762
60820,61763
60820,61764
60821,61765
60821,61766
60821,61767
60822,61768
60822,61769
60822,61770
60823,61771
60823,61772
60823,61773
60823,61774
60824,61775
60824,61776
60824,61777
60825,61778
60825,61779
60825,61780
60826,61781
60826,61782
60826,61783
60826,61784
60827,61785
60827,61786
60827,61787
60828,61788
60828,61789
60828,61790
60828,61791
60829,61792
60829,61793
60829,61794
60829,61795
60830,61796
60830,61797
60830,61798
60830,61799
60831,61800
60831,61801
60831,61802
60831,61803
60832,61804
60832,61805
60832,61806
60833,61807
60833,61808
60833,61809
60833,61810
60834,61811
60834,61812
60834,61813
60834,61814
60835,61815
60835,61816
60835,61817
60836,61818
60836,61819
60836,61820
60837,61821
60837,61822
60837,61823
60837,61824
60838,61825
60838,61826
60838,61827
60839,61828
60839,61829
60839,61830
60840,61831
60840,61832
60840,61833
60840,61834
60841,61835
60841,61836
60841,61837
60841,61838
60842,61839
60842,61840
60842,61841
60843,61842
60843,61843
60843,61844
60844,61845
60844,61846
60844,61847
60844,61848
60845,61849
60845,61850
60845,61851
60846,61852
60846,61853
60846,61854
60847,61855
60847,61856
60847,61857
60848,61858
60848,61859
60848,61860
60849,61861
60849,61862
60849,61863
60849,61864
60850,61865
60850,61866
60850,61867
60850,61868
60851,61869
60851,61870
60851,61871
60852,61872
60852,61873
60852,61874
60853,61875
60853,61876
60853,61877
60854,61878
60854,61879
60854,61880
60855,61881
60855,61882
60855,61883
60856,61884
60856,61885
60856,61886
60857,61887
60857,61888
60857,61889
60857,61890
60858,61891
60858,61892
60858,61893
60859,61894
60859,61895
60859,61896
60860,61897
60860,61898
60860,61899
60861,61900
60861,61901
60861,61902
60861,61903
60862,61904
60862,61905
60862,61906
60862,61907
60863,61908
60863,61909
60863,61910
60864,61911
60864,61912
60864,61913
60865,61914
60865,61915
60865,61916
60866,61917
60866,61918
60866,61919
60867,61920
60867,61921
60867,61922
60867,61923
60868,61924
60868,61925
60868,61926
60868,61927
60869,61928
60869,61929
60869,61930
60869,61931
60870,61932
60870,61933
60870,61934
60871,61935
60871,61936
60871,61937
60871,61938
60872,61939
60872,61940
60872,61941
60873,61942
60873,61943
60873,61944
60873,61945
60874,61946
60874,61947
60874,61948
60874,61949
60875,61950
60875,61951
60875,61952
60876,61953
60876,61954
60876,61955
60877,61956
60877,61957
60877,61958
60878,61959
60878,61960
60878,61961
60879,61962
60879,61963
60879,61964
60880,61965
60880,61966
60880,61967
60880,61968
60881,61969
60881,61970
60881,61971
60882,61972
60882,61973
60882,61974
60882,61975
60883,61976
60883,61977
60883,61978
60883,61979
60884,61980
60884,61981
60884,61982
60885,61983
60885,61984
60885,61985
60886,61986
60886,61987
60886,61988
60886,61989
60887,61990
60887,61991
60887,61992
60887,61993
60888,61994
60888,61995
60888,61996
60889,61997
60889,61998
60889,61999
60890,62000
60890,62001
60890,62002
60890,62003
60891,62004
60891,62005
60891,62006
60892,62007
60892,62008
60892,62009
60892,62010
60893,62011
60893,62012
60893,62013
60894,62014
60894,62015
60894,62016
60894,62017
60895,62018
60895,62019
60895,62020
60896,62021
60896,62022
60896,62023
60896,62024
60897,62025
60897,62026
60897,62027
60898,62028
60898,62029
60898,62030
60898,62031
60899,62032
60899,62033
60899,62034
60900,62035
60900,62036
60900,62037
60901,62038
60901,62039
60901,62040
60901,62041
60902,62042
60902,62043
60902,62044
60902,62045
60903,62046
60903,62047
60903,62048
60904,62049
60904,62050
60904,62051
60904,62052
60905,62053
60905,62054
60905,62055
60906,62056
60906,62057
60906,62058
60907,62059
60907,62060
60907,62061
60908,62062
60908,62063
60908,62064
60908,62065
60909,62066
60909,62067
60909,62068
60910,62069
60910,62070
60910,62071
60910,62072
60911,62073
60911,62074
60911,62075
60911,62076
60912,62077
60912,62078
60912,62079
60912,62080
60913,62081
60913,62082
60913,62083
60914,62084
60914,62085
60914,62086
60915,62087
60915,62088
60915,62089
60915,62090
60916,62091
60916,62092
60916,62093
60916,62094
60917,62095
60917,62096
60917,62097
60917,62098
60918,62099
60918,62100
60918,62101
60918,62102
60919,62103
60919,62104
60919,62105
60920,62106
60920,62107
60920,62108
60920,62109
60921,62110
60921,62111
60921,62112
60921,62113
60922,62114
60922,62115
60922,62116
60922,62117
60923,62118
60923,62119
60923,62120
60923,62121
61424,62122
61424,62123
61424,62124
61425,62125
61425,62126
61425,62127
61426,62128
61426,62129
61426,62130
61427,62131
61427,62132
61427,62133
61427,62134
61428,62135
61428,62136
61428,62137
61428,62138
61429,62139
61429,62140
61429,62141
61429,62142
61430,62143
61430,62144
61430,62145
61431,62146
61431,62147
61431,62148
61431,62149
61432,62150
61432,62151
61432,62152
61432,62153
61433,62154
61433,62155
61433,62156
61433,62157
61434,62158
61434,62159
61434,62160
61435,62161
61435,62162
61435,62163
61436,62164
61436,62165
61436,62166
61437,62167
61437,62168
61437,62169
61437,62170
61438,62171
61438,62172
61438,62173
61438,62174
61439,62175
61439,62176
61439,62177
61439,62178
61440,62179
61440,62180
61440,62181
61440,62182
61441,62183
61441,62184
61441,62185
61441,62186
61442,62187
61442,62188
61442,62189
61442,62190
61443,62191
61443,62192
61443,62193
61444,62194
61444,62195
61444,62196
61444,62197
61445,62198
61445,62199
61445,62200
61446,62201
61446,62202
61446,62203
61447,62204
61447,62205
61447,62206
61448,62207
61448,62208
61448,62209
61448,62210
61449,62211
61449,62212
61449,62213
61449,62214
61450,62215
61450,62216
61450,62217
61450,62218
61451,62219
61451,62220
61451,62221
61452,62222
61452,62223
61452,62224
61452,62225
61453,62226
61453,62227
61453,62228
61454,62229
61454,62230
61454,62231
61454,62232
61455,62233
61455,62234
61455,62235
61455,62236
61456,62237
61456,62238
61456,62239
61456,62240
61457,62241
61457,62242
61457,62243
61457,62244
61458,62245
61458,62246
61458,62247
61458,62248
61459,62249
61459,62250
61459,62251
61459,62252
61460,62253
61460,62254
61460,62255
61460,62256
61461,62257
61461,62258
61461,62259
61462,62260
61462,62261
61462,62262
61463,62263
61463,62264
61463,62265
61464,62266
61464,62267
61464,62268
61464,62269
61465,62270
61465,62271
61465,62272
61466,62273
61466,62274
61466,62275
61467,62276
61467,62277
61467,62278
61468,62279
61468,62280
61468,62281
61469,62282
61469,62283
61469,62284
61470,62285
61470,62286
61470,62287
61470,62288
61471,62289
61471,62290
61471,62291
61471,62292
61472,62293
61472,62294
61472,62295
61473,62296
61473,62297
61473,62298
61473,62299
61474,62300
61474,62301
61474,62302
61474,62303
61475,62304
61475,62305
61475,62306
61475,62307
61476,62308
61476,62309
61476,62310
61477,62311
61477,62312
61477,62313
61477,62314
61478,62315
61478,62316
61478,62317
61479,62318
61479,62319
61479,62320
61480,62321
61480,62322
61480,62323
61480,62324
61481,62325
61481,62326
61481,62327
61481,62328
61482,62329
61482,62330
61482,62331
61483,62332
61483,62333
61483,62334
61484,62335
61484,62336
61484,62337
61485,62338
61485,62339
61485,62340
61485,62341
61486,62342
61486,62343
61486,62344
61487,62345
61487,62346
61487,62347
61487,62348
61488,62349
61488,62350
61488,62351
61489,62352
61489,62353
61489,62354
61490,62355
61490,62356
61490,62357
61490,62358
61491,62359
61491,62360
61491,62361
61491,62362
61492,62363
61492,62364
61492,62365
61493,62366
61493,62367
61493,62368
61494,62369
61494,62370
61494,62371
61495,62372
61495,62373
61495,62374
61496,62375
61496,62376
61496,62377
61497,62378
61497,62379
61497,62380
61498,62381
61498,62382
61498,62383
61499,62384
61499,62385
61499,62386
61499,62387
61500,62388
61500,62389
61500,62390
61500,62391
61501,62392
61501,62393
61501,62394
61502,62395
61502,62396
61502,62397
61502,62398
61503,62399
61503,62400
61503,62401
61504,62402
61504,62403
61504,62404
61504,62405
61505,62406
61505,62407
61505,62408
61505,62409
61506,62410
61506,62411
61506,62412
61506,62413
61507,62414
61507,62415
61507,62416
61507,62417
61508,62418
61508,62419
61508,62420
61508,62421
61509,62422
61509,62423
61509,62424
61509,62425
61510,62426
61510,62427
61510,62428
61511,62429
61511,62430
61511,62431
61512,62432
61512,62433
61512,62434
61513,62435
61513,62436
61513,62437
61514,62438
61514,62439
61514,62440
61514,62441
61515,62442
61515,62443
61515,62444
61516,62445
61516,62446
61516,62447
61516,62448
61517,62449
61517,62450
61517,62451
61518,62452
61518,62453
61518,62454
61518,62455
61519,62456
61519,62457
61519,62458
61520,62459
61520,62460
61520,62461
61520,62462
61521,62463
61521,62464
61521,62465
61521,62466
61522,62467
61522,62468
61522,62469
61523,62470
61523,62471
61523,62472
61523,62473
61524,62474
61524,62475
61524,62476
61525,62477
61525,62478
61525,62479
61525,62480
61526,62481
61526,62482
61526,62483
61526,62484
61527,62485
61527,62486
61527,62487
61527,62488
61528,62489
61528,62490
61528,62491
61528,62492
61529,62493
61529,62494
61529,62495
61530,62496
61530,62497
61530,62498
61530,62499
61531,62500
61531,62501
61531,62502
61531,62503
61532,62504
61532,62505
61532,62506
61533,62507
61533,62508
61533,62509
61533,62510
61534,62511
61534,62512
61534,62513
61534,62514
61535,62515
61535,62516
61535,62517
61536,62518
61536,62519
61536,62520
61536,62521
61537,62522
61537,62523
61537,62524
61537,62525
61538,62526
61538,62527
61538,62528
61539,62529
61539,62530
61539,62531
61540,62532
61540,62533
61540,62534
61541,62535
61541,62536
61541,62537
61542,62538
61542,62539
61542,62540
61542,62541
61543,62542
61543,62543
61543,62544
61544,62545
61544,62546
61544,62547
61545,62548
61545,62549
61545,62550
61545,62551
61546,62552
61546,62553
61546,62554
61546,62555
61547,62556
61547,62557
61547,62558
61547,62559
61548,62560
61548,62561
61548,62562
61549,62563
61549,62564
61549,62565
61549,62566
61550,62567
61550,62568
61550,62569
61550,62570
61551,62571
61551,62572
61551,62573
61551,62574
61552,62575
61552,62576
61552,62577
61552,62578
61553,62579
61553,62580
61553,62581
61553,62582
61554,62583
61554,62584
61554,62585
61555,62586
61555,62587
61555,62588
61556,62589
61556,62590
61556,62591
61557,62592
61557,62593
61557,62594
61558,62595
61558,62596
61558,62597
61558,62598
61559,62599
61559,62600
61559,62601
61560,62602
61560,62603
61560,62604
61561,62605
61561,62606
61561,62607
61561,62608
61562,62609
61562,62610
61562,62611
61562,62612
61563,62613
61563,62614
61563,62615
61564,62616
61564,62617
61564,62618
61564,62619
61565,62620
61565,62621
61565,62622
61565,62623
61566,62624
61566,62625
61566,62626
61567,62627
61567,62628
61567,62629
61568,62630
61568,62631
61568,62632
61568,62633
61569,62634
61569,62635
61569,62636
61569,62637
61570,62638
61570,62639
61570,62640
61570,62641
61571,62642
61571,62643
61571,62644
61572,62645
61572,62646
61572,62647
61572,62648
61573,62649
61573,62650
61573,62651
61573,62652
61574,62653
61574,62654
61574,62655
61574,62656
61575,62657
61575,62658
61575,62659
61575,62660
61576,62661
61576,62662
61576,62663
61577,62664
61577,62665
61577,62666
61577,62667
61578,62668
61578,62669
61578,62670
61579,62671
61579,62672
61579,62673
61580,62674
61580,62675
61580,62676
61580,62677
61581,62678
61581,62679
61581,62680
61581,62681
61582,62682
61582,62683
61582,62684
61583,62685
61583,62686
61583,62687
61583,62688
61584,62689
61584,62690
61584,62691
61584,62692
61585,62693
61585,62694
61585,62695
61586,62696
61586,62697
61586,62698
61587,62699
61587,62700
61587,62701
61588,62702
61588,62703
61588,62704
61589,62705
61589,62706
61589,62707
61590,62708
61590,62709
61590,62710
61591,62711
61591,62712
61591,62713
61592,62714
61592,62715
61592,62716
61592,62717
61593,62718
61593,62719
61593,62720
61594,62721
61594,62722
61594,62723
61595,62724
61595,62725
61595,62726
61596,62727
61596,62728
61596,62729
61597,62730
61597,62731
61597,62732
61597,62733
61598,62734
61598,62735
61598,62736
61598,62737
61599,62738
61599,62739
61599,62740
61599,62741
61600,62742
61600,62743
61600,62744
61601,62745
61601,62746
61601,62747
61601,62748
61602,62749
61602,62750
61602,62751
61603,62752
61603,62753
61603,62754
61603,62755
61604,62756
61604,62757
61604,62758
61605,62759
61605,62760
61605,62761
61606,62762
61606,62763
61606,62764
61606,62765
61607,62766
61607,62767
61607,62768
61608,62769
61608,62770
61608,62771
61609,62772
61609,62773
61609,62774
61609,62775
61610,62776
61610,62777
61610,62778
61610,62779
61611,62780
61611,62781
61611,62782
61612,62783
61612,62784
61612,62785
61613,62786
61613,62787
61613,62788
61613,62789
61614,62790
61614,62791
61614,62792
61614,62793
61615,62794
61615,62795
61615,62796
61616,62797
61616,62798
61616,62799
61616,62800
61617,62801
61617,62802
61617,62803
61617,62804
61618,62805
61618,62806
61618,62807
61618,62808
61619,62809
61619,62810
61619,62811
61620,62812
61620,62813
61620,62814
61621,62815
61621,62816
61621,62817
61621,62818
61622,62819
61622,62820
61622,62821
61622,62822
61623,62823
61623,62824
61623,62825
61623,62826
61624,62827
61624,62828
61624,62829
61624,62830
62122,62831
62122,62832
62122,62833
62123,62834
62123,62835
62123,62836
62124,62837
62124,62838
62124,62839
62125,62840
62125,62841
62125,62842
62125,62843
62126,62844
62126,62845
62126,62846
62127,62847
62127,62848
62127,62849
62128,62850
62128,62851
62128,62852
62128,62853
62129,62854
62129,62855
62129,62856
62129,62857
62130,62858
62130,62859
62130,62860
62130,62861
62131,62862
62131,62863
62131,62864
62131,62865
62132,62866
62132,62867
62132,62868
62133,62869
62133,62870
62133,62871
62133,62872
62134,62873
62134,62874
62134,62875
62134,62876
62135,62877
62135,62878
62135,62879
62135,62880
62136,62881
62136,62882
62136,62883
62137,62884
62137,62885
62137,62886
62138,62887
62138,62888
62138,62889
62138,62890
62139,62891
62139,62892
62139,62893
62139,62894
62140,62895
62140,62896
62140,62897
62140,62898
62141,62899
62141,62900
62141,62901
62142,62902
62142,62903
62142,62904
62143,62905
62143,62906
62143,62907
62143,62908
62144,62909
62144,62910
62144,62911
62145,62912
62145,62913
62145,62914
62146,62915
62146,62916
62146,62917
62146,62918
62147,62919
62147,62920
62147,62921
62147,62922
62148,62923
62148,62924
62148,62925
62149,62926
62149,62927
62149,62928
62150,62929
62150,62930
62150,62931
62151,62932
62151,62933
62151,62934
62151,62935
62152,62936
62152,62937
62152,62938
62152,62939
62153,62940
62153,62941
62153,62942
62154,62943
62154,62944
62154,62945
62154,62946
62155,62947
62155,62948
62155,62949
62155,62950
62156,62951
62156,62952
62156,62953
62157,62954
62157,62955
62157,62956
62158,62957
62158,62958
62158,62959
62158,62960
62159,62961
62159,62962
62159,62963
62160,62964
62160,62965
62160,62966
62161,62967
62161,62968
62161,62969
62162,62970
62162,62971
62162,62972
62162,62973
62163,62974
62163,62975
62163,62976
62164,62977
62164,62978
62164,62979
62165,62980
62165,62981
62165,62982
62165,62983
62166,62984
62166,62985
62166,62986
62167,62987
62167,62988
62167,62989
62167,62990
62168,62991
62168,62992
62168,62993
62168,62994
62169,62995
62169,62996
62169,62997
62170,62998
62170,62999
62170,63000
62170,63001
62171,63002
62171,63003
62171,63004
62171,63005
62172,63006
62172,63007
62172,63008
62173,63009
62173,63010
62173,63011
62174,63012
62174,63013
62174,63014
62175,63015
62175,63016
62175,63017
62175,63018
62176,63019
62176,63020
62176,63021
62177,63022
62177,63023
62177,63024
62178,63025
62178,63026
62178,63027
62179,63028
62179,63029
62179,63030
62179,63031
62180,63032
62180,63033
62180,63034
62180,63035
62181,63036
62181,63037
62181,63038
62181,63039
62182,63040
62182,63041
62182,63042
62182,63043
62183,63044
62183,63045
62183,63046
62183,63047
62184,63048
62184,63049
62184,63050
62185,63051
62185,63052
62185,63053
62186,63054
62186,63055
62186,63056
62187,63057
62187,63058
62187,63059
62187,63060
62188,63061
62188,63062
62188,63063
62188,63064
62189,63065
62189,63066
62189,63067
62189,63068
62190,63069
62190,63070
62190,63071
62191,63072
62191,63073
62191,63074
62191,63075
62192,63076
62192,63077
62192,63078
62192,63079
62193,63080
62193,63081
62193,63082
62194,63083
62194,63084
62194,63085
62194,63086
62195,63087
62195,63088
62195,63089
62195,63090
62196,63091
62196,63092
62196,63093
62196,63094
62197,63095
62197,63096
62197,63097
62198,63098
62198,63099
62198,63100
62198,63101
62199,63102
62199,63103
62199,63104
62200,63105
62200,63106
62200,63107
62200,63108
62201,63109
62201,63110
62201,63111
62202,63112
62202,63113
62202,63114
62203,63115
62203,63116
62203,63117
62203,63118
62204,63119
62204,63120
62204,63121
62205,63122
62205,63123
62205,63124
62206,63125
62206,63126
62206,63127
62207,63128
62207,63129
62207,63130
62207,63131
62208,63132
62208,63133
62208,63134
62208,63135
62209,63136
62209,63137
62209,63138
62209,63139
62210,63140
62210,63141
62210,63142
62210,63143
62211,63144
62211,63145
62211,63146
62212,63147
62212,63148
62212,63149
62213,63150
62213,63151
62213,63152
62213,63153
62214,63154
62214,63155
62214,63156
62215,63157
62215,63158
62215,63159
62216,63160
62216,63161
62216,63162
62216,63163
62217,63164
62217,63165
62217,63166
62218,63167
62218,63168
62218,63169
62219,63170
62219,63171
62219,63172
62220,63173
62220,63174
62220,63175
62220,63176
62221,63177
62221,63178
62221,63179
62222,63180
62222,63181
62222,63182
62223,63183
62223,63184
62223,63185
62223,63186
62224,63187
62224,63188
62224,63189
62224,63190
62225,63191
62225,63192
62225,63193
62225,63194
62226,63195
62226,63196
62226,63197
62227,63198
62227,63199
62227,63200
62227,63201
62228,63202
62228,63203
62228,63204
62229,63205
62229,63206
62229,63207
62229,63208
62230,63209
62230,63210
62230,63211
62230,63212
62231,63213
62231,63214
62231,63215
62231,63216
62232,63217
62232,63218
62232,63219
62233,63220
62233,63221
62233,63222
62233,63223
62234,63224
62234,63225
62234,63226
62234,63227
62235,63228
62235,63229
62235,63230
62235,63231
62236,63232
62236,63233
62236,63234
62237,63235
62237,63236
62237,63237
62237,63238
62238,63239
62238,63240
62238,63241
62239,63242
62239,63243
62239,63244
62239,63245
62240,63246
62240,63247
62240,63248
62240,63249
62241,63250
62241,63251
62241,63252
62242,63253
62242,63254
62242,63255
62242,63256
62243,63257
62243,63258
62243,63259
62244,63260
62244,63261
62244,63262
62245,63263
62245,63264
62245,63265
62246,63266
62246,63267
62246,63268
62246,63269
62247,63270
62247,63271
62247,63272
62248,63273
62248,63274
62248,63275
62249,63276
62249,63277
62249,63278
62250,63279
62250,63280
62250,63281
62251,63282
62251,63283
62251,63284
62252,63285
62252,63286
62252,63287
62252,63288
62253,63289
62253,63290
62253,63291
62253,63292
62254,63293
62254,63294
62254,63295
62255,63296
62255,63297
62255,63298
62256,63299
62256,63300
62256,63301
62256,63302
62257,63303
62257,63304
62257,63305
62257,63306
62258,63307
62258,63308
62258,63309
62259,63310
62259,63311
62259,63312
62260,63313
62260,63314
62260,63315
62261,63316
62261,63317
62261,63318
62262,63319
62262,63320
62262,63321
62262,63322
62263,63323
62263,63324
62263,63325
62264,63326
62264,63327
62264,63328
62265,63329
62265,63330
62265,63331
62266,63332
62266,63333
62266,63334
62267,63335
62267,63336
62267,63337
62268,63338
62268,63339
62268,63340
62268,63341
62269,63342
62269,63343
62269,63344
62270,63345
62270,63346
62270,63347
62270,63348
62271,63349
62271,63350
62271,63351
62271,63352
62272,63353
62272,63354
62272,63355
62273,63356
62273,63357
62273,63358
62273,63359
62274,63360
62274,63361
62274,63362
62274,63363
62275,63364
62275,63365
62275,63366
62276,63367
62276,63368
62276,63369
62276,63370
62277,63371
62277,63372
62277,63373
62278,63374
62278,63375
62278,63376
62278,63377
62279,63378
62279,63379
62279,63380
62280,63381
62280,63382
62280,63383
62281,63384
62281,63385
62281,63386
62281,63387
62282,63388
62282,63389
62282,63390
62282,63391
62283,63392
62283,63393
62283,63394
62284,63395
62284,63396
62284,63397
62285,63398
62285,63399
62285,63400
62285,63401
62286,63402
62286,63403
62286,63404
62287,63405
62287,63406
62287,63407
62287,63408
62288,63409
62288,63410
62288,63411
62288,63412
62289,63413
62289,63414
62289,63415
62290,63416
62290,63417
62290,63418
62290,63419
62291,63420
62291,63421
62291,63422
62292,63423
62292,63424
62292,63425
62293,63426
62293,63427
62293,63428
62293,63429
62294,63430
62294,63431
62294,63432
62295,63433
62295,63434
62295,63435
62296,63436
62296,63437
62296,63438
62297,63439
62297,63440
62297,63441
62297,63442
62298,63443
62298,63444
62298,63445
62298,63446
62299,63447
62299,63448
62299,63449
62300,63450
62300,63451
62300,63452
62301,63453
62301,63454
62301,63455
62302,63456
62302,63457
62302,63458
62303,63459
62303,63460
62303,63461
62303,63462
62304,63463
62304,63464
62304,63465
62305,63466
62305,63467
62305,63468
62305,63469
62306,63470
62306,63471
62306,63472
62307,63473
62307,63474
62307,63475
62307,63476
62308,63477
62308,63478
62308,63479
62308,63480
62309,63481
62309,63482
62309,63483
62309,63484
62310,63485
62310,63486
62310,63487
62311,63488
62311,63489
62311,63490
62312,63491
62312,63492
62312,63493
62313,63494
62313,63495
62313,63496
62313,63497
62314,63498
62314,63499
62314,63500
62314,63501
62315,63502
62315,63503
62315,63504
62316,63505
62316,63506
62316,63507
62317,63508
62317,63509
62317,63510
62318,63511
62318,63512
62318,63513
62318,63514
62319,63515
62319,63516
62319,63517
62320,63518
62320,63519
62320,63520
62321,63521
62321,63522
62321,63523
62322,63524
62322,63525
62322,63526
62831,63527
62831,63528
62831,63529
62831,63530
62832,63531
62832,63532
62832,63533
62833,63534
62833,63535
62833,63536
62833,63537
62834,63538
62834,63539
62834,63540
62834,63541
62835,63542
62835,63543
62835,63544
62836,63545
62836,63546
62836,63547
62836,63548
62837,63549
62837,63550
62837,63551
62838,63552
62838,63553
62838,63554
62838,63555
62839,63556
62839,63557
62839,63558
62839,63559
62840,63560
62840,63561
62840,63562
62841,63563
62841,63564
62841,63565
62842,63566
62842,63567
62842,63568
62843,63569
62843,63570
62843,63571
62843,63572
62844,63573
62844,63574
62844,63575
62844,63576
62845,63577
62845,63578
62845,63579
62846,63580
62846,63581
62846,63582
62846,63583
62847,63584
62847,63585
62847,63586
62847,63587
62848,63588
62848,63589
62848,63590
62849,63591
62849,63592
62849,63593
62850,63594
62850,63595
62850,63596
62850,63597
62851,63598
62851,63599
62851,63600
62851,63601
62852,63602
62852,63603
62852,63604
62852,63605
62853,63606
62853,63607
62853,63608
62853,63609
62854,63610
62854,63611
62854,63612
62855,63613
62855,63614
62855,63615
62856,63616
62856,63617
62856,63618
62857,63619
62857,63620
62857,63621
62858,63622
62858,63623
62858,63624
62858,63625
62859,63626
62859,63627
62859,63628
62859,63629
62860,63630
62860,63631
62860,63632
62860,63633
62861,63634
62861,63635
62861,63636
62862,63637
62862,63638
62862,63639
62862,63640
62863,63641
62863,63642
62863,63643
62864,63644
62864,63645
62864,63646
62864,63647
62865,63648
62865,63649
62865,63650
62866,63651
62866,63652
62866,63653
62866,63654
62867,63655
62867,63656
62867,63657
62867,63658
62868,63659
62868,63660
62868,63661
62869,63662
62869,63663
62869,63664
62870,63665
62870,63666
62870,63667
62870,63668
62871,63669
62871,63670
62871,63671
62871,63672
62872,63673
62872,63674
62872,63675
62873,63676
62873,63677
62873,63678
62874,63679
62874,63680
62874,63681
62875,63682
62875,63683
62875,63684
62876,63685
62876,63686
62876,63687
62876,63688
62877,63689
62877,63690
62877,63691
62877,63692
62878,63693
62878,63694
62878,63695
62879,63696
62879,63697
62879,63698
62880,63699
62880,63700
62880,63701
62881,63702
62881,63703
62881,63704
62881,63705
62882,63706
62882,63707
62882,63708
62883,63709
62883,63710
62883,63711
62883,63712
62884,63713
62884,63714
62884,63715
62884,63716
62885,63717
62885,63718
62885,63719
62886,63720
62886,63721
62886,63722
62887,63723
62887,63724
62887,63725
62888,63726
62888,63727
62888,63728
62889,63729
62889,63730
62889,63731
62889,63732
62890,63733
62890,63734
62890,63735
62891,63736
62891,63737
62891,63738
62892,63739
62892,63740
62892,63741
62892,63742
62893,63743
62893,63744
62893,63745
62894,63746
62894,63747
62894,63748
62894,63749
62895,63750
62895,63751
62895,63752
62895,63753
62896,63754
62896,63755
62896,63756
62896,63757
62897,63758
62897,63759
62897,63760
62897,63761
62898,63762
62898,63763
62898,63764
62898,63765
62899,63766
62899,63767
62899,63768
62900,63769
62900,63770
62900,63771
62901,63772
62901,63773
62901,63774
62902,63775
62902,63776
62902,63777
62903,63778
62903,63779
62903,63780
62903,63781
62904,63782
62904,63783
62904,63784
62905,63785
62905,63786
62905,63787
62906,63788
62906,63789
62906,63790
62906,63791
62907,63792
62907,63793
62907,63794
62908,63795
62908,63796
62908,63797
62909,63798
62909,63799
62909,63800
62910,63801
62910,63802
62910,63803
62910,63804
62911,63805
62911,63806
62911,63807
62912,63808
62912,63809
62912,63810
62913,63811
62913,63812
62913,63813
62914,63814
62914,63815
62914,63816
62915,63817
62915,63818
62915,63819
62916,63820
62916,63821
62916,63822
62917,63823
62917,63824
62917,63825
62917,63826
62918,63827
62918,63828
62918,63829
62918,63830
62919,63831
62919,63832
62919,63833
62919,63834
62920,63835
62920,63836
62920,63837
62921,63838
62921,63839
62921,63840
62921,63841
62922,63842
62922,63843
62922,63844
62922,63845
62923,63846
62923,63847
62923,63848
62923,63849
62924,63850
62924,63851
62924,63852
62925,63853
62925,63854
62925,63855
62925,63856
62926,63857
62926,63858
62926,63859
62927,63860
62927,63861
62927,63862
62927,63863
62928,63864
62928,63865
62928,63866
62929,63867
62929,63868
62929,63869
62930,63870
62930,63871
62930,63872
62930,63873
62931,63874
62931,63875
62931,63876
62931,63877
62932,63878
62932,63879
62932,63880
62932,63881
62933,63882
62933,63883
62933,63884
62933,63885
62934,63886
62934,63887
62934,63888
62935,63889
62935,63890
62935,63891
62936,63892
62936,63893
62936,63894
62937,63895
62937,63896
62937,63897
62938,63898
62938,63899
62938,63900
62938,63901
62939,63902
62939,63903
62939,63904
62940,63905
62940,63906
62940,63907
62940,63908
62941,63909
62941,63910
62941,63911
62942,63912
62942,63913
62942,63914
62943,63915
62943,63916
62943,63917
62944,63918
62944,63919
62944,63920
62944,63921
62945,63922
62945,63923
62945,63924
62946,63925
62946,63926
62946,63927
62947,63928
62947,63929
62947,63930
62948,63931
62948,63932
62948,63933
62948,63934
62949,63935
62949,63936
62949,63937
62950,63938
62950,63939
62950,63940
62950,63941
62951,63942
62951,63943
62951,63944
62952,63945
62952,63946
62952,63947
62952,63948
62953,63949
62953,63950
62953,63951
62953,63952
62954,63953
62954,63954
62954,63955
62954,63956
62955,63957
62955,63958
62955,63959
62956,63960
62956,63961
62956,63962
62957,63963
62957,63964
62957,63965
62957,63966
62958,63967
62958,63968
62958,63969
62958,63970
62959,63971
62959,63972
62959,63973
62960,63974
62960,63975
62960,63976
62961,63977
62961,63978
62961,63979
62961,63980
62962,63981
62962,63982
62962,63983
62963,63984
62963,63985
62963,63986
62964,63987
62964,63988
62964,63989
62965,63990
62965,63991
62965,63992
62966,63993
62966,63994
62966,63995
62967,63996
62967,63997
62967,63998
62968,63999
62968,64000
62968,64001
62968,64002
62969,64003
62969,64004
62969,64005
62970,64006
62970,64007
62970,64008
62970,64009
62971,64010
62971,64011
62971,64012
62971,64013
62972,64014
62972,64015
62972,64016
62972,64017
62973,64018
62973,64019
62973,64020
62974,64021
62974,64022
62974,64023
62975,64024
62975,64025
62975,64026
62975,64027
62976,64028
62976,64029
62976,64030
62977,64031
62977,64032
62977,64033
62978,64034
62978,64035
62978,64036
62979,64037
62979,64038
62979,64039
62979,64040
62980,64041
62980,64042
62980,64043
62980,64044
62981,64045
62981,64046
62981,64047
62982,64048
62982,64049
62982,64050
62982,64051
62983,64052
62983,64053
62983,64054
62983,64055
62984,64056
62984,64057
62984,64058
62984,64059
62985,64060
62985,64061
62985,64062
62985,64063
62986,64064
62986,64065
62986,64066
62987,64067
62987,64068
62987,64069
62988,64070
62988,64071
62988,64072
62988,64073
62989,64074
62989,64075
62989,64076
62990,64077
62990,64078
62990,64079
62990,64080
62991,64081
62991,64082
62991,64083
62992,64084
62992,64085
62992,64086
62993,64087
62993,64088
62993,64089
62993,64090
62994,64091
62994,64092
62994,64093
62994,64094
62995,64095
62995,64096
62995,64097
62996,64098
62996,64099
62996,64100
62997,64101
62997,64102
62997,64103
62997,64104
62998,64105
62998,64106
62998,64107
62998,64108
62999,64109
62999,64110
62999,64111
63000,64112
63000,64113
63000,64114
63001,64115
63001,64116
63001,64117
63001,64118
63002,64119
63002,64120
63002,64121
63002,64122
63003,64123
63003,64124
63003,64125
63003,64126
63004,64127
63004,64128
63004,64129
63004,64130
63005,64131
63005,64132
63005,64133
63006,64134
63006,64135
63006,64136
63007,64137
63007,64138
63007,64139
63007,64140
63008,64141
63008,64142
63008,64143
63008,64144
63009,64145
63009,64146
63009,64147
63009,64148
63010,64149
63010,64150
63010,64151
63011,64152
63011,64153
63011,64154
63011,64155
63012,64156
63012,64157
63012,64158
63013,64159
63013,64160
63013,64161
63013,64162
63014,64163
63014,64164
63014,64165
63014,64166
63015,64167
63015,64168
63015,64169
63015,64170
63016,64171
63016,64172
63016,64173
63016,64174
63017,64175
63017,64176
63017,64177
63017,64178
63018,64179
63018,64180
63018,64181
63019,64182
63019,64183
63019,64184
63020,64185
63020,64186
63020,64187
63021,64188
63021,64189
63021,64190
63021,64191
63022,64192
63022,64193
63022,64194
63023,64195
63023,64196
63023,64197
63024,64198
63024,64199
63024,64200
63025,64201
63025,64202
63025,64203
63026,64204
63026,64205
63026,64206
63027,64207
63027,64208
63027,64209
63028,64210
63028,64211
63028,64212
63028,64213
63029,64214
63029,64215
63029,64216
63029,64217
63030,64218
63030,64219
63030,64220
63031,64221
63031,64222
63031,64223
63527,64228
63527,64229
63527,64230
63527,64231
63528,64232
63528,64233
63528,64234
63529,64235
63529,64236
63529,64237
63529,64238
63530,64239
63530,64240
63530,64241
63530,64242
63531,64243
63531,64244
63531,64245
63531,64246
63532,64247
63532,64248
63532,64249
63532,64250
63533,64251
63533,64252
63533,64253
63533,64254
63534,64255
63534,64256
63534,64257
63535,64258
63535,64259
63535,64260
63535,64261
63536,64262
63536,64263
63536,64264
63537,64265
63537,64266
63537,64267
63537,64268
63538,64269
63538,64270
63538,64271
63539,64272
63539,64273
63539,64274
63539,64275
63540,64276
63540,64277
63540,64278
63541,64279
63541,64280
63541,64281
63542,64282
63542,64283
63542,64284
63543,64285
63543,64286
63543,64287
63543,64288
63544,64289
63544,64290
63544,64291
63544,64292
63545,64293
63545,64294
63545,64295
63545,64296
63546,64297
63546,64298
63546,64299
63547,64300
63547,64301
63547,64302
63547,64303
63548,64304
63548,64305
63548,64306
63549,64307
63549,64308
63549,64309
63550,64310
63550,64311
63550,64312
63550,64313
63551,64314
63551,64315
63551,64316
63552,64317
63552,64318
63552,64319
63552,64320
63553,64321
63553,64322
63553,64323
63554,64324
63554,64325
63554,64326
63554,64327
63555,64328
63555,64329
63555,64330
63556,64331
63556,64332
63556,64333
63557,64334
63557,64335
63557,64336
63558,64337
63558,64338
63558,64339
63559,64340
63559,64341
63559,64342
63559,64343
63560,64344
63560,64345
63560,64346
63561,64347
63561,64348
63561,64349
63562,64350
63562,64351
63562,64352
63563,64353
63563,64354
63563,64355
63563,64356
63564,64357
63564,64358
63564,64359
63565,64360
63565,64361
63565,64362
63565,64363
63566,64364
63566,64365
63566,64366
63567,64367
63567,64368
63567,64369
63568,64370
63568,64371
63568,64372
63569,64373
63569,64374
63569,64375
63570,64376
63570,64377
63570,64378
63571,64379
63571,64380
63571,64381
63572,64382
63572,64383
63572,64384
63572,64385
63573,64386
63573,64387
63573,64388
63574,64389
63574,64390
63574,64391
63574,64392
63575,64393
63575,64394
63575,64395
63576,64396
63576,64397
63576,64398
63577,64399
63577,64400
63577,64401
63577,64402
63578,64403
63578,64404
63578,64405
63578,64406
63579,64407
63579,64408
63579,64409
63579,64410
63580,64411
63580,64412
63580,64413
63580,64414
63581,64415
63581,64416
63581,64417
63581,64418
63582,64419
63582,64420
63582,64421
63583,64422
63583,64423
63583,64424
63583,64425
63584,64426
63584,64427
63584,64428
63585,64429
63585,64430
63585,64431
63586,64432
63586,64433
63586,64434
63586,64435
63587,64436
63587,64437
63587,64438
63587,64439
63588,64440
63588,64441
63588,64442
63589,64443
63589,64444
63589,64445
63589,64446
63590,64447
63590,64448
63590,64449
63590,64450
63591,64451
63591,64452
63591,64453
63591,64454
63592,64455
63592,64456
63592,64457
63593,64458
63593,64459
63593,64460
63593,64461
63594,64462
63594,64463
63594,64464
63595,64465
63595,64466
63595,64467
63596,64468
63596,64469
63596,64470
63597,64471
63597,64472
63597,64473
63598,64474
63598,64475
63598,64476
63599,64477
63599,64478
63599,64479
63599,64480
63600,64481
63600,64482
63600,64483
63601,64484
63601,64485
63601,64486
63602,64487
63602,64488
63602,64489
63602,64490
63603,64491
63603,64492
63603,64493
63604,64494
63604,64495
63604,64496
63604,64497
63605,64498
63605,64499
63605,64500
63605,64501
63606,64502
63606,64503
63606,64504
63606,64505
63607,64506
63607,64507
63607,64508
63607,64509
63608,64510
63608,64511
63608,64512
63608,64513
63609,64514
63609,64515
63609,64516
63609,64517
63610,64518
63610,64519
63610,64520
63610,64521
63611,64522
63611,64523
63611,64524
63611,64525
63612,64526
63612,64527
63612,64528
63613,64529
63613,64530
63613,64531
63614,64532
63614,64533
63614,64534
63615,64535
63615,64536
63615,64537
63615,64538
63616,64539
63616,64540
63616,64541
63616,64542
63617,64543
63617,64544
63617,64545
63617,64546
63618,64547
63618,64548
63618,64549
63619,64550
63619,64551
63619,64552
63620,64553
63620,64554
63620,64555
63621,64556
63621,64557
63621,64558
63621,64559
63622,64560
63622,64561
63622,64562
63623,64563
63623,64564
63623,64565
63624,64566
63624,64567
63624,64568
63624,64569
63625,64570
63625,64571
63625,64572
63626,64573
63626,64574
63626,64575
63627,64576
63627,64577
63627,64578
63628,64579
63628,64580
63628,64581
63628,64582
63629,64583
63629,64584
63629,64585
63630,64586
63630,64587
63630,64588
63631,64589
63631,64590
63631,64591
63631,64592
63632,64593
63632,64594
63632,64595
63632,64596
63633,64597
63633,64598
63633,64599
63634,64600
63634,64601
63634,64602
63635,64603
63635,64604
63635,64605
63635,64606
63636,64607
63636,64608
63636,64609
63637,64610
63637,64611
63637,64612
63638,64613
63638,64614
63638,64615
63638,64616
63639,64617
63639,64618
63639,64619
63639,64620
63640,64621
63640,64622
63640,64623
63641,64624
63641,64625
63641,64626
63641,64627
63642,64628
63642,64629
63642,64630
63643,64631
63643,64632
63643,64633
63644,64634
63644,64635
63644,64636
63645,64637
63645,64638
63645,64639
63646,64640
63646,64641
63646,64642
63646,64643
63647,64644
63647,64645
63647,64646
63647,64647
63648,64648
63648,64649
63648,64650
63649,64651
63649,64652
63649,64653
63650,64654
63650,64655
63650,64656
63651,64657
63651,64658
63651,64659
63651,64660
63652,64661
63652,64662
63652,64663
63653,64664
63653,64665
63653,64666
63653,64667
63654,64668
63654,64669
63654,64670
63654,64671
63655,64672
63655,64673
63655,64674
63656,64675
63656,64676
63656,64677
63656,64678
63657,64679
63657,64680
63657,64681
63657,64682
63658,64683
63658,64684
63658,64685
63658,64686
63659,64687
63659,64688
63659,64689
63659,64690
63660,64691
63660,64692
63660,64693
63661,64694
63661,64695
63661,64696
63661,64697
63662,64698
63662,64699
63662,64700
63663,64701
63663,64702
63663,64703
63663,64704
63664,64705
63664,64706
63664,64707
63664,64708
63665,64709
63665,64710
63665,64711
63666,64712
63666,64713
63666,64714
63666,64715
63667,64716
63667,64717
63667,64718
63667,64719
63668,64720
63668,64721
63668,64722
63668,64723
63669,64724
63669,64725
63669,64726
63670,64727
63670,64728
63670,64729
63670,64730
63671,64731
63671,64732
63671,64733
63672,64734
63672,64735
63672,64736
63673,64737
63673,64738
63673,64739
63673,64740
63674,64741
63674,64742
63674,64743
63674,64744
63675,64745
63675,64746
63675,64747
63675,64748
63676,64749
63676,64750
63676,64751
63677,64752
63677,64753
63677,64754
63677,64755
63678,64756
63678,64757
63678,64758
63679,64224
63679,64225
63679,64226
63679,64227
63680,64759
63680,64760
63680,64761
63681,64762
63681,64763
63681,64764
63681,64765
63682,64766
63682,64767
63682,64768
63682,64769
63683,64770
63683,64771
63683,64772
63683,64773
63684,64774
63684,64775
63684,64776
63685,64777
63685,64778
63685,64779
63686,64780
63686,64781
63686,64782
63686,64783
63687,64784
63687,64785
63687,64786
63688,64787
63688,64788
63688,64789
63688,64790
63689,64791
63689,64792
63689,64793
63689,64794
63690,64795
63690,64796
63690,64797
63690,64798
63691,64799
63691,64800
63691,64801
63691,64802
63692,64803
63692,64804
63692,64805
63692,64806
63693,64807
63693,64808
63693,64809
63694,64810
63694,64811
63694,64812
63694,64813
63695,64814
63695,64815
63695,64816
63695,64817
63696,64818
63696,64819
63696,64820
63696,64821
63697,64822
63697,64823
63697,64824
63698,64825
63698,64826
63698,64827
63699,64828
63699,64829
63699,64830
63699,64831
63700,64832
63700,64833
63700,64834
63700,64835
63701,64836
63701,64837
63701,64838
63702,64839
63702,64840
63702,64841
63702,64842
63703,64843
63703,64844
63703,64845
63704,64846
63704,64847
63704,64848
63704,64849
63705,64850
63705,64851
63705,64852
63705,64853
63706,64854
63706,64855
63706,64856
63707,64857
63707,64858
63707,64859
63707,64860
63708,64861
63708,64862
63708,64863
63709,64864
63709,64865
63709,64866
63710,64867
63710,64868
63710,64869
63711,64870
63711,64871
63711,64872
63711,64873
63712,64874
63712,64875
63712,64876
63712,64877
63713,64878
63713,64879
63713,64880
63713,64881
63714,64882
63714,64883
63714,64884
63715,64885
63715,64886
63715,64887
63716,64888
63716,64889
63716,64890
63717,64891
63717,64892
63717,64893
63718,64894
63718,64895
63718,64896
63718,64897
63719,64898
63719,64899
63719,64900
63720,64901
63720,64902
63720,64903
63721,64904
63721,64905
63721,64906
63722,64907
63722,64908
63722,64909
63723,64910
63723,64911
63723,64912
63724,64913
63724,64914
63724,64915
63724,64916
63725,64917
63725,64918
63725,64919
63725,64920
63726,64921
63726,64922
63726,64923
63727,64924
63727,64925
63727,64926
64224,64927
64224,64928
64224,64929
64224,64930
64225,64931
64225,64932
64225,64933
64226,64934
64226,64935
64226,64936
64226,64937
64227,64938
64227,64939
64227,64940
64228,64941
64228,64942
64228,64943
64229,64944
64229,64945
64229,64946
64229,64947
64230,64948
64230,64949
64230,64950
64231,64951
64231,64952
64231,64953
64231,64954
64232,64955
64232,64956
64232,64957
64232,64958
64233,64959
64233,64960
64233,64961
64234,64962
64234,64963
64234,64964
64235,64965
64235,64966
64235,64967
64236,64968
64236,64969
64236,64970
64236,64971
64237,64972
64237,64973
64237,64974
64237,64975
64238,64976
64238,64977
64238,64978
64239,64979
64239,64980
64239,64981
64240,64982
64240,64983
64240,64984
64241,64985
64241,64986
64241,64987
64242,64988
64242,64989
64242,64990
64242,64991
64243,64992
64243,64993
64243,64994
64243,64995
64244,64996
64244,64997
64244,64998
64245,64999
64245,65000
64245,65001
64246,65002
64246,65003
64246,65004
64247,65005
64247,65006
64247,65007
64248,65008
64248,65009
64248,65010
64249,65011
64249,65012
64249,65013
64250,65014
64250,65015
64250,65016
64250,65017
64251,65018
64251,65019
64251,65020
64252,65021
64252,65022
64252,65023
64253,65024
64253,65025
64253,65026
64254,65027
64254,65028
64254,65029
64254,65030
64255,65031
64255,65032
64255,65033
64256,65034
64256,65035
64256,65036
64256,65037
64257,65038
64257,65039
64257,65040
64258,65041
64258,65042
64258,65043
64259,65044
64259,65045
64259,65046
64260,65047
64260,65048
64260,65049
64261,65050
64261,65051
64261,65052
64262,65053
64262,65054
64262,65055
64263,65056
64263,65057
64263,65058
64263,65059
64264,65060
64264,65061
64264,65062
64264,65063
64265,65064
64265,65065
64265,65066
64265,65067
64266,65068
64266,65069
64266,65070
64266,65071
64267,65072
64267,65073
64267,65074
64267,65075
64268,65076
64268,65077
64268,65078
64269,65079
64269,65080
64269,65081
64269,65082
64270,65083
64270,65084
64270,65085
64270,65086
64271,65087
64271,65088
64271,65089
64272,65090
64272,65091
64272,65092
64272,65093
64273,65094
64273,65095
64273,65096
64274,65097
64274,65098
64274,65099
64275,65100
64275,65101
64275,65102
64276,65103
64276,65104
64276,65105
64277,65106
64277,65107
64277,65108
64278,65109
64278,65110
64278,65111
64279,65112
64279,65113
64279,65114
64280,65115
64280,65116
64280,65117
64280,65118
64281,65119
64281,65120
64281,65121
64282,65122
64282,65123
64282,65124
64282,65125
64283,65126
64283,65127
64283,65128
64283,65129
64284,65130
64284,65131
64284,65132
64285,65133
64285,65134
64285,65135
64286,65136
64286,65137
64286,65138
64286,65139
64287,65140
64287,65141
64287,65142
64287,65143
64288,65144
64288,65145
64288,65146
64288,65147
64289,65148
64289,65149
64289,65150
64289,65151
64290,65152
64290,65153
64290,65154
64291,65155
64291,65156
64291,65157
64291,65158
64292,65159
64292,65160
64292,65161
64293,65162
64293,65163
64293,65164
64293,65165
64294,65166
64294,65167
64294,65168
64295,65169
64295,65170
64295,65171
64295,65172
64296,65173
64296,65174
64296,65175
64297,65176
64297,65177
64297,65178
64297,65179
64298,65180
64298,65181
64298,65182
64299,65183
64299,65184
64299,65185
64299,65186
64300,65187
64300,65188
64300,65189
64300,65190
64301,65191
64301,65192
64301,65193
64301,65194
64302,65195
64302,65196
64302,65197
64302,65198
64303,65199
64303,65200
64303,65201
64304,65202
64304,65203
64304,65204
64305,65205
64305,65206
64305,65207
64305,65208
64306,65209
64306,65210
64306,65211
64307,65212
64307,65213
64307,65214
64307,65215
64308,65216
64308,65217
64308,65218
64309,65219
64309,65220
64309,65221
64310,65222
64310,65223
64310,65224
64311,65225
64311,65226
64311,65227
64311,65228
64312,65229
64312,65230
64312,65231
64312,65232
64313,65233
64313,65234
64313,65235
64313,65236
64314,65237
64314,65238
64314,65239
64315,65240
64315,65241
64315,65242
64315,65243
64316,65244
64316,65245
64316,65246
64316,65247
64317,65248
64317,65249
64317,65250
64317,65251
64318,65252
64318,65253
64318,65254
64319,65255
64319,65256
64319,65257
64320,65258
64320,65259
64320,65260
64320,65261
64321,65262
64321,65263
64321,65264
64322,65265
64322,65266
64322,65267
64323,65268
64323,65269
64323,65270
64323,65271
64324,65272
64324,65273
64324,65274
64325,65275
64325,65276
64325,65277
64326,65278
64326,65279
64326,65280
64327,65281
64327,65282
64327,65283
64328,65284
64328,65285
64328,65286
64328,65287
64329,65288
64329,65289
64329,65290
64330,65291
64330,65292
64330,65293
64331,65294
64331,65295
64331,65296
64331,65297
64332,65298
64332,65299
64332,65300
64333,65301
64333,65302
64333,65303
64333,65304
64334,65305
64334,65306
64334,65307
64334,65308
64335,65309
64335,65310
64335,65311
64336,65312
64336,65313
64336,65314
64336,65315
64337,65316
64337,65317
64337,65318
64338,65319
64338,65320
64338,65321
64338,65322
64339,65323
64339,65324
64339,65325
64340,65326
64340,65327
64340,65328
64341,65329
64341,65330
64341,65331
64342,65332
64342,65333
64342,65334
64343,65335
64343,65336
64343,65337
64343,65338
64344,65339
64344,65340
64344,65341
64345,65342
64345,65343
64345,65344
64345,65345
64346,65346
64346,65347
64346,65348
64347,65349
64347,65350
64347,65351
64348,65352
64348,65353
64348,65354
64348,65355
64349,65356
64349,65357
64349,65358
64349,65359
64350,65360
64350,65361
64350,65362
64351,65363
64351,65364
64351,65365
64352,65366
64352,65367
64352,65368
64353,65369
64353,65370
64353,65371
64354,65372
64354,65373
64354,65374
64354,65375
64355,65376
64355,65377
64355,65378
64356,65379
64356,65380
64356,65381
64357,65382
64357,65383
64357,65384
64357,65385
64358,65386
64358,65387
64358,65388
64358,65389
64359,65390
64359,65391
64359,65392
64360,65393
64360,65394
64360,65395
64361,65396
64361,65397
64361,65398
64361,65399
64362,65400
64362,65401
64362,65402
64362,65403
64363,65404
64363,65405
64363,65406
64363,65407
64364,65408
64364,65409
64364,65410
64365,65411
64365,65412
64365,65413
64366,65414
64366,65415
64366,65416
64367,65417
64367,65418
64367,65419
64367,65420
64368,65421
64368,65422
64368,65423
64368,65424
64369,65425
64369,65426
64369,65427
64370,65428
64370,65429
64370,65430
64371,65431
64371,65432
64371,65433
64371,65434
64372,65435
64372,65436
64372,65437
64372,65438
64373,65439
64373,65440
64373,65441
64373,65442
64374,65443
64374,65444
64374,65445
64374,65446
64375,65447
64375,65448
64375,65449
64376,65450
64376,65451
64376,65452
64376,65453
64377,65454
64377,65455
64377,65456
64377,65457
64378,65458
64378,65459
64378,65460
64378,65461
64379,65462
64379,65463
64379,65464
64379,65465
64380,65466
64380,65467
64380,65468
64380,65469
64381,65470
64381,65471
64381,65472
64381,65473
64382,65474
64382,65475
64382,65476
64382,65477
64383,65478
64383,65479
64383,65480
64384,65481
64384,65482
64384,65483
64385,65484
64385,65485
64385,65486
64386,65487
64386,65488
64386,65489
64386,65490
64387,65491
64387,65492
64387,65493
64387,65494
64388,65495
64388,65496
64388,65497
64389,65498
64389,65499
64389,65500
64389,65501
64390,65502
64390,65503
64390,65504
64391,65505
64391,65506
64391,65507
64391,65508
64392,65509
64392,65510
64392,65511
64392,65512
64393,65513
64393,65514
64393,65515
64393,65516
64394,65517
64394,65518
64394,65519
64394,65520
64395,65521
64395,65522
64395,65523
64395,65524
64396,65525
64396,65526
64396,65527
64397,65528
64397,65529
64397,65530
64397,65531
64398,65532
64398,65533
64398,65534
64399,65535
64399,65536
64399,65537
64399,65538
64400,65539
64400,65540
64400,65541
64400,65542
64401,65543
64401,65544
64401,65545
64401,65546
64402,65547
64402,65548
64402,65549
64403,65550
64403,65551
64403,65552
64403,65553
64404,65554
64404,65555
64404,65556
64405,65557
64405,65558
64405,65559
64405,65560
64406,65561
64406,65562
64406,65563
64406,65564
64407,65565
64407,65566
64407,65567
64407,65568
64408,65569
64408,65570
64408,65571
64408,65572
64409,65573
64409,65574
64409,65575
64409,65576
64410,65577
64410,65578
64410,65579
64411,65580
64411,65581
64411,65582
64411,65583
64412,65584
64412,65585
64412,65586
64413,65587
64413,65588
64413,65589
64413,65590
64414,65591
64414,65592
64414,65593
64415,65594
64415,65595
64415,65596
64416,65597
64416,65598
64416,65599
64416,65600
64417,65601
64417,65602
64417,65603
64418,65604
64418,65605
64418,65606
64418,65607
64419,65608
64419,65609
64419,65610
64420,65611
64420,65612
64420,65613
64421,65614
64421,65615
64421,65616
64421,65617
64422,65618
64422,65619
64422,65620
64423,65621
64423,65622
64423,65623
64424,65624
64424,65625
64424,65626
64424,65627
64927,65628
64927,65629
64927,65630
64927,65631
64928,65632
64928,65633
64928,65634
64928,65635
64929,65636
64929,65637
64929,65638
64930,65639
64930,65640
64930,65641
64930,65642
64931,65643
64931,65644
64931,65645
64932,65646
64932,65647
64932,65648
64933,65649
64933,65650
64933,65651
64934,65652
64934,65653
64934,65654
64935,65655
64935,65656
64935,65657
64936,65658
64936,65659
64936,65660
64936,65661
64937,65662
64937,65663
64937,65664
64937,65665
64938,65666
64938,65667
64938,65668
64938,65669
64939,65670
64939,65671
64939,65672
64939,65673
64940,65674
64940,65675
64940,65676
64940,65677
64941,65678
64941,65679
64941,65680
64942,65681
64942,65682
64942,65683
64942,65684
64943,65685
64943,65686
64943,65687
64944,65688
64944,65689
64944,65690
64944,65691
64945,65692
64945,65693
64945,65694
64945,65695
64946,65696
64946,65697
64946,65698
64946,65699
64947,65700
64947,65701
64947,65702
64947,65703
64948,65704
64948,65705
64948,65706
64949,65707
64949,65708
64949,65709
64950,65710
64950,65711
64950,65712
64951,65713
64951,65714
64951,65715
64951,65716
64952,65717
64952,65718
64952,65719
64952,65720
64953,65721
64953,65722
64953,65723
64953,65724
64954,65725
64954,65726
64954,65727
64955,65728
64955,65729
64955,65730
64956,65731
64956,65732
64956,65733
64956,65734
64957,65735
64957,65736
64957,65737
64958,65738
64958,65739
64958,65740
64959,65741
64959,65742
64959,65743
64959,65744
64960,65745
64960,65746
64960,65747
64960,65748
64961,65749
64961,65750
64961,65751
64962,65752
64962,65753
64962,65754
64963,65755
64963,65756
64963,65757
64963,65758
64964,65759
64964,65760
64964,65761
64964,65762
64965,65763
64965,65764
64965,65765
64965,65766
64966,65767
64966,65768
64966,65769
64966,65770
64967,65771
64967,65772
64967,65773
64968,65774
64968,65775
64968,65776
64968,65777
64969,65778
64969,65779
64969,65780
64970,65781
64970,65782
64970,65783
64971,65784
64971,65785
64971,65786
64972,65787
64972,65788
64972,65789
64972,65790
64973,65791
64973,65792
64973,65793
64973,65794
64974,65795
64974,65796
64974,65797
64974,65798
64975,65799
64975,65800
64975,65801
64976,65802
64976,65803
64976,65804
64976,65805
64977,65806
64977,65807
64977,65808
64978,65809
64978,65810
64978,65811
64978,65812
64979,65813
64979,65814
64979,65815
64979,65816
64980,65817
64980,65818
64980,65819
64981,65820
64981,65821
64981,65822
64981,65823
64982,65824
64982,65825
64982,65826
64982,65827
64983,65828
64983,65829
64983,65830
64983,65831
64984,65832
64984,65833
64984,65834
64985,65835
64985,65836
64985,65837
64986,65838
64986,65839
64986,65840
64987,65841
64987,65842
64987,65843
64988,65844
64988,65845
64988,65846
64988,65847
64989,65848
64989,65849
64989,65850
64990,65851
64990,65852
64990,65853
64991,65854
64991,65855
64991,65856
64991,65857
64992,65858
64992,65859
64992,65860
64992,65861
64993,65862
64993,65863
64993,65864
64993,65865
64994,65866
64994,65867
64994,65868
64994,65869
64995,65870
64995,65871
64995,65872
64996,65873
64996,65874
64996,65875
64997,65876
64997,65877
64997,65878
64998,65879
64998,65880
64998,65881
64998,65882
64999,65883
64999,65884
64999,65885
65000,65886
65000,65887
65000,65888
65001,65889
65001,65890
65001,65891
65001,65892
65002,65893
65002,65894
65002,65895
65003,65896
65003,65897
65003,65898
65003,65899
65004,65900
65004,65901
65004,65902
65005,65903
65005,65904
65005,65905
65006,65906
65006,65907
65006,65908
65006,65909
65007,65910
65007,65911
65007,65912
65008,65913
65008,65914
65008,65915
65009,65916
65009,65917
65009,65918
65010,65919
65010,65920
65010,65921
65011,65922
65011,65923
65011,65924
65012,65925
65012,65926
65012,65927
65013,65928
65013,65929
65013,65930
65014,65931
65014,65932
65014,65933
65015,65934
65015,65935
65015,65936
65016,65937
65016,65938
65016,65939
65017,65940
65017,65941
65017,65942
65018,65943
65018,65944
65018,65945
65019,65946
65019,65947
65019,65948
65020,65949
65020,65950
65020,65951
65021,65952
65021,65953
65021,65954
65021,65955
65022,65956
65022,65957
65022,65958
65022,65959
65023,65960
65023,65961
65023,65962
65023,65963
65024,65964
65024,65965
65024,65966
65025,65967
65025,65968
65025,65969
65026,65970
65026,65971
65026,65972
65027,65973
65027,65974
65027,65975
65027,65976
65028,65977
65028,65978
65028,65979
65028,65980
65029,65981
65029,65982
65029,65983
65029,65984
65030,65985
65030,65986
65030,65987
65031,65988
65031,65989
65031,65990
65031,65991
65032,65992
65032,65993
65032,65994
65033,65995
65033,65996
65033,65997
65033,65998
65034,65999
65034,66000
65034,66001
65035,66002
65035,66003
65035,66004
65035,66005
65036,66006
65036,66007
65036,66008
65036,66009
65037,66010
65037,66011
65037,66012
65038,66013
65038,66014
65038,66015
65038,66016
65039,66017
65039,66018
65039,66019
65039,66020
65040,66021
65040,66022
65040,66023
65040,66024
65041,66025
65041,66026
65041,66027
65041,66028
65042,66029
65042,66030
65042,66031
65042,66032
65043,66033
65043,66034
65043,66035
65043,66036
65044,66037
65044,66038
65044,66039
65044,66040
65045,66041
65045,66042
65045,66043
65045,66044
65046,66045
65046,66046
65046,66047
65047,66048
65047,66049
65047,66050
65047,66051
65048,66052
65048,66053
65048,66054
65048,66055
65049,66056
65049,66057
65049,66058
65050,66059
65050,66060
65050,66061
65051,66062
65051,66063
65051,66064
65051,66065
65052,66066
65052,66067
65052,66068
65053,66069
65053,66070
65053,66071
65054,66072
65054,66073
65054,66074
65054,66075
65055,66076
65055,66077
65055,66078
65056,66079
65056,66080
65056,66081
65057,66082
65057,66083
65057,66084
65058,66085
65058,66086
65058,66087
65059,66088
65059,66089
65059,66090
65060,66091
65060,66092
65060,66093
65060,66094
65061,66095
65061,66096
65061,66097
65062,66098
65062,66099
65062,66100
65063,66101
65063,66102
65063,66103
65064,66104
65064,66105
65064,66106
65064,66107
65065,66108
65065,66109
65065,66110
65066,66111
65066,66112
65066,66113
65066,66114
65067,66115
65067,66116
65067,66117
65067,66118
65068,66119
65068,66120
65068,66121
65069,66122
65069,66123
65069,66124
65070,66125
65070,66126
65070,66127
65070,66128
65071,66129
65071,66130
65071,66131
65072,66132
65072,66133
65072,66134
65072,66135
65073,66136
65073,66137
65073,66138
65074,66139
65074,66140
65074,66141
65075,66142
65075,66143
65075,66144
65076,66145
65076,66146
65076,66147
65076,66148
65077,66149
65077,66150
65077,66151
65078,66152
65078,66153
65078,66154
65078,66155
65079,66156
65079,66157
65079,66158
65080,66159
65080,66160
65080,66161
65081,66162
65081,66163
65081,66164
65082,66165
65082,66166
65082,66167
65082,66168
65083,66169
65083,66170
65083,66171
65083,66172
65084,66173
65084,66174
65084,66175
65085,66176
65085,66177
65085,66178
65085,66179
65086,66180
65086,66181
65086,66182
65086,66183
65087,66184
65087,66185
65087,66186
65088,66187
65088,66188
65088,66189
65088,66190
65089,66191
65089,66192
65089,66193
65089,66194
65090,66195
65090,66196
65090,66197
65090,66198
65091,66199
65091,66200
65091,66201
65092,66202
65092,66203
65092,66204
65093,66205
65093,66206
65093,66207
65093,66208
65094,66209
65094,66210
65094,66211
65095,66212
65095,66213
65095,66214
65096,66215
65096,66216
65096,66217
65096,66218
65097,66219
65097,66220
65097,66221
65098,66222
65098,66223
65098,66224
65099,66225
65099,66226
65099,66227
65100,66228
65100,66229
65100,66230
65100,66231
65101,66232
65101,66233
65101,66234
65102,66235
65102,66236
65102,66237
65103,66238
65103,66239
65103,66240
65104,66241
65104,66242
65104,66243
65104,66244
65105,66245
65105,66246
65105,66247
65106,66248
65106,66249
65106,66250
65106,66251
65107,66252
65107,66253
65107,66254
65107,66255
65108,66256
65108,66257
65108,66258
65109,66259
65109,66260
65109,66261
65110,66262
65110,66263
65110,66264
65111,66265
65111,66266
65111,66267
65112,66268
65112,66269
65112,66270
65112,66271
65113,66272
65113,66273
65113,66274
65114,66275
65114,66276
65114,66277
65115,66278
65115,66279
65115,66280
65115,66281
65116,66282
65116,66283
65116,66284
65116,66285
65117,66286
65117,66287
65117,66288
65117,66289
65118,66290
65118,66291
65118,66292
65118,66293
65119,66294
65119,66295
65119,66296
65120,66297
65120,66298
65120,66299
65121,66300
65121,66301
65121,66302
65122,66303
65122,66304
65122,66305
65122,66306
65123,66307
65123,66308
65123,66309
65124,66310
65124,66311
65124,66312
65124,66313
65125,66314
65125,66315
65125,66316
65126,66317
65126,66318
65126,66319
65127,66320
65127,66321
65127,66322
65127,66323
65628,66324
65628,66325
65628,66326
65628,66327
65629,66328
65629,66329
65629,66330
65629,66331
65630,66332
65630,66333
65630,66334
65630,66335
65631,66336
65631,66337
65631,66338
65631,66339
65632,66340
65632,66341
65632,66342
65632,66343
65633,66344
65633,66345
65633,66346
65634,66347
65634,66348
65634,66349
65634,66350
65635,66351
65635,66352
65635,66353
65635,66354
65636,66355
65636,66356
65636,66357
65636,66358
65637,66359
65637,66360
65637,66361
65637,66362
65638,66363
65638,66364
65638,66365
65639,66366
65639,66367
65639,66368
65640,66369
65640,66370
65640,66371
65640,66372
65641,66373
65641,66374
65641,66375
65641,66376
65642,66377
65642,66378
65642,66379
65642,66380
65643,66381
65643,66382
65643,66383
65644,66384
65644,66385
65644,66386
65645,66387
65645,66388
65645,66389
65645,66390
65646,66391
65646,66392
65646,66393
65647,66394
65647,66395
65647,66396
65648,66397
65648,66398
65648,66399
65649,66400
65649,66401
65649,66402
65649,66403
65650,66404
65650,66405
65650,66406
65650,66407
65651,66408
65651,66409
65651,66410
65651,66411
65652,66412
65652,66413
65652,66414
65653,66415
65653,66416
65653,66417
65653,66418
65654,66419
65654,66420
65654,66421
65654,66422
65655,66423
65655,66424
65655,66425
65655,66426
65656,66427
65656,66428
65656,66429
65657,66430
65657,66431
65657,66432
65658,66433
65658,66434
65658,66435
65658,66436
65659,66437
65659,66438
65659,66439
65659,66440
65660,66441
65660,66442
65660,66443
65660,66444
65661,66445
65661,66446
65661,66447
65661,66448
65662,66449
65662,66450
65662,66451
65662,66452
65663,66453
65663,66454
65663,66455
65663,66456
65664,66457
65664,66458
65664,66459
65665,66460
65665,66461
65665,66462
65666,66463
65666,66464
65666,66465
65667,66466
65667,66467
65667,66468
65668,66469
65668,66470
65668,66471
65668,66472
65669,66473
65669,66474
65669,66475
65669,66476
65670,66477
65670,66478
65670,66479
65671,66480
65671,66481
65671,66482
65671,66483
65672,66484
65672,66485
65672,66486
65672,66487
65673,66488
65673,66489
65673,66490
65674,66491
65674,66492
65674,66493
65674,66494
65675,66495
65675,66496
65675,66497
65675,66498
65676,66499
65676,66500
65676,66501
65676,66502
65677,66503
65677,66504
65677,66505
65677,66506
65678,66507
65678,66508
65678,66509
65678,66510
65679,66511
65679,66512
65679,66513
65680,66514
65680,66515
65680,66516
65681,66517
65681,66518
65681,66519
65682,66520
65682,66521
65682,66522
65682,66523
65683,66524
65683,66525
65683,66526
65683,66527
65684,66528
65684,66529
65684,66530
65685,66531
65685,66532
65685,66533
65685,66534
65686,66535
65686,66536
65686,66537
65686,66538
65687,66539
65687,66540
65687,66541
65687,66542
65688,66543
65688,66544
65688,66545
65688,66546
65689,66547
65689,66548
65689,66549
65689,66550
65690,66551
65690,66552
65690,66553
65690,66554
65691,66555
65691,66556
65691,66557
65692,66558
65692,66559
65692,66560
65692,66561
65693,66562
65693,66563
65693,66564
65694,66565
65694,66566
65694,66567
65694,66568
65695,66569
65695,66570
65695,66571
65695,66572
65696,66573
65696,66574
65696,66575
65697,66576
65697,66577
65697,66578
65698,66579
65698,66580
65698,66581
65698,66582
65699,66583
65699,66584
65699,66585
65699,66586
65700,66587
65700,66588
65700,66589
65701,66590
65701,66591
65701,66592
65702,66593
65702,66594
65702,66595
65702,66596
65703,66597
65703,66598
65703,66599
65703,66600
65704,66601
65704,66602
65704,66603
65705,66604
65705,66605
65705,66606
65706,66607
65706,66608
65706,66609
65706,66610
65707,66611
65707,66612
65707,66613
65708,66614
65708,66615
65708,66616
65708,66617
65709,66618
65709,66619
65709,66620
65709,66621
65710,66622
65710,66623
65710,66624
65710,66625
65711,66626
65711,66627
65711,66628
65712,66629
65712,66630
65712,66631
65712,66632
65713,66633
65713,66634
65713,66635
65714,66636
65714,66637
65714,66638
65714,66639
65715,66640
65715,66641
65715,66642
65716,66643
65716,66644
65716,66645
65717,66646
65717,66647
65717,66648
65717,66649
65718,66650
65718,66651
65718,66652
65718,66653
65719,66654
65719,66655
65719,66656
65720,66657
65720,66658
65720,66659
65720,66660
65721,66661
65721,66662
65721,66663
65721,66664
65722,66665
65722,66666
65722,66667
65722,66668
65723,66669
65723,66670
65723,66671
65723,66672
65724,66673
65724,66674
65724,66675
65724,66676
65725,66677
65725,66678
65725,66679
65725,66680
65726,66681
65726,66682
65726,66683
65726,66684
65727,66685
65727,66686
65727,66687
65728,66688
65728,66689
65728,66690
65728,66691
65729,66692
65729,66693
65729,66694
65729,66695
65730,66696
65730,66697
65730,66698
65731,66699
65731,66700
65731,66701
65732,66702
65732,66703
65732,66704
65732,66705
65733,66706
65733,66707
65733,66708
65734,66709
65734,66710
65734,66711
65734,66712
65735,66713
65735,66714
65735,66715
65736,66716
65736,66717
65736,66718
65736,66719
65737,66720
65737,66721
65737,66722
65737,66723
65738,66724
65738,66725
65738,66726
65739,66727
65739,66728
65739,66729
65740,66730
65740,66731
65740,66732
65740,66733
65741,66734
65741,66735
65741,66736
65741,66737
65742,66738
65742,66739
65742,66740
65742,66741
65743,66742
65743,66743
65743,66744
65744,66745
65744,66746
65744,66747
65744,66748
65745,66749
65745,66750
65745,66751
65746,66752
65746,66753
65746,66754
65746,66755
65747,66756
65747,66757
65747,66758
65748,66759
65748,66760
65748,66761
65749,66762
65749,66763
65749,66764
65750,66765
65750,66766
65750,66767
65751,66768
65751,66769
65751,66770
65752,66771
65752,66772
65752,66773
65752,66774
65753,66775
65753,66776
65753,66777
65754,66778
65754,66779
65754,66780
65754,66781
65755,66782
65755,66783
65755,66784
65756,66785
65756,66786
65756,66787
65756,66788
65757,66789
65757,66790
65757,66791
65758,66792
65758,66793
65758,66794
65759,66795
65759,66796
65759,66797
65759,66798
65760,66799
65760,66800
65760,66801
65760,66802
65761,66803
65761,66804
65761,66805
65761,66806
65762,66807
65762,66808
65762,66809
65762,66810
65763,66811
65763,66812
65763,66813
65764,66814
65764,66815
65764,66816
65764,66817
65765,66818
65765,66819
65765,66820
65765,66821
65766,66822
65766,66823
65766,66824
65766,66825
65767,66826
65767,66827
65767,66828
65767,66829
65768,66830
65768,66831
65768,66832
65769,66833
65769,66834
65769,66835
65769,66836
65770,66837
65770,66838
65770,66839
65771,66840
65771,66841
65771,66842
65772,66843
65772,66844
65772,66845
65773,66846
65773,66847
65773,66848
65773,66849
65774,66850
65774,66851
65774,66852
65775,66853
65775,66854
65775,66855
65775,66856
65776,66857
65776,66858
65776,66859
65776,66860
65777,66861
65777,66862
65777,66863
65778,66864
65778,66865
65778,66866
65778,66867
65779,66868
65779,66869
65779,66870
65780,66871
65780,66872
65780,66873
65780,66874
65781,66875
65781,66876
65781,66877
65782,66878
65782,66879
65782,66880
65782,66881
65783,66882
65783,66883
65783,66884
65783,66885
65784,66886
65784,66887
65784,66888
65784,66889
65785,66890
65785,66891
65785,66892
65785,66893
65786,66894
65786,66895
65786,66896
65786,66897
65787,66898
65787,66899
65787,66900
65788,66901
65788,66902
65788,66903
65788,66904
65789,66905
65789,66906
65789,66907
65790,66908
65790,66909
65790,66910
65790,66911
65791,66912
65791,66913
65791,66914
65791,66915
65792,66916
65792,66917
65792,66918
65793,66919
65793,66920
65793,66921
65794,66922
65794,66923
65794,66924
65794,66925
65795,66926
65795,66927
65795,66928
65795,66929
65796,66930
65796,66931
65796,66932
65796,66933
65797,66934
65797,66935
65797,66936
65797,66937
65798,66938
65798,66939
65798,66940
65799,66941
65799,66942
65799,66943
65799,66944
65800,66945
65800,66946
65800,66947
65800,66948
65801,66949
65801,66950
65801,66951
65801,66952
65802,66953
65802,66954
65802,66955
65803,66956
65803,66957
65803,66958
65804,66959
65804,66960
65804,66961
65805,66962
65805,66963
65805,66964
65806,66965
65806,66966
65806,66967
65807,66968
65807,66969
65807,66970
65808,66971
65808,66972
65808,66973
65808,66974
65809,66975
65809,66976
65809,66977
65810,66978
65810,66979
65810,66980
65810,66981
65811,66982
65811,66983
65811,66984
65812,66985
65812,66986
65812,66987
65813,66988
65813,66989
65813,66990
65814,66991
65814,66992
65814,66993
65815,66994
65815,66995
65815,66996
65815,66997
65816,66998
65816,66999
65816,67000
65816,67001
65817,67002
65817,67003
65817,67004
65817,67005
65818,67006
65818,67007
65818,67008
65819,67009
65819,67010
65819,67011
65820,67012
65820,67013
65820,67014
65820,67015
65821,67016
65821,67017
65821,67018
65821,67019
65822,67020
65822,67021
65822,67022
65822,67023
65823,67024
65823,67025
65823,67026
65824,67027
65824,67028
65824,67029
65824,67030
65825,67031
65825,67032
65825,67033
65825,67034
65826,67035
65826,67036
65826,67037
65826,67038
65827,67039
65827,67040
65827,67041
65828,67042
65828,67043
65828,67044
65828,67045
66324,67046
66324,67047
66324,67048
66324,67049
66325,67050
66325,67051
66325,67052
66325,67053
66326,67054
66326,67055
66326,67056
66326,67057
66327,67058
66327,67059
66327,67060
66328,67061
66328,67062
66328,67063
66329,67064
66329,67065
66329,67066
66329,67067
66330,67068
66330,67069
66330,67070
66331,67071
66331,67072
66331,67073
66332,67074
66332,67075
66332,67076
66332,67077
66333,67078
66333,67079
66333,67080
66334,67081
66334,67082
66334,67083
66334,67084
66335,67085
66335,67086
66335,67087
66336,67088
66336,67089
66336,67090
66337,67091
66337,67092
66337,67093
66337,67094
66338,67095
66338,67096
66338,67097
66338,67098
66339,67099
66339,67100
66339,67101
66340,67102
66340,67103
66340,67104
66341,67105
66341,67106
66341,67107
66341,67108
66342,67109
66342,67110
66342,67111
66342,67112
66343,67113
66343,67114
66343,67115
66343,67116
66344,67117
66344,67118
66344,67119
66345,67120
66345,67121
66345,67122
66346,67123
66346,67124
66346,67125
66346,67126
66347,67127
66347,67128
66347,67129
66347,67130
66348,67131
66348,67132
66348,67133
66349,67134
66349,67135
66349,67136
66350,67137
66350,67138
66350,67139
66351,67140
66351,67141
66351,67142
66352,67143
66352,67144
66352,67145
66353,67146
66353,67147
66353,67148
66354,67149
66354,67150
66354,67151
66355,67152
66355,67153
66355,67154
66355,67155
66356,67156
66356,67157
66356,67158
66356,67159
66357,67160
66357,67161
66357,67162
66357,67163
66358,67164
66358,67165
66358,67166
66358,67167
66359,67168
66359,67169
66359,67170
66360,67171
66360,67172
66360,67173
66361,67174
66361,67175
66361,67176
66361,67177
66362,67178
66362,67179
66362,67180
66362,67181
66363,67182
66363,67183
66363,67184
66364,67185
66364,67186
66364,67187
66364,67188
66365,67189
66365,67190
66365,67191
66366,67192
66366,67193
66366,67194
66367,67195
66367,67196
66367,67197
66367,67198
66368,67199
66368,67200
66368,67201
66369,67202
66369,67203
66369,67204
66369,67205
66370,67206
66370,67207
66370,67208
66371,67209
66371,67210
66371,67211
66371,67212
66372,67213
66372,67214
66372,67215
66373,67216
66373,67217
66373,67218
66373,67219
66374,67220
66374,67221
66374,67222
66374,67223
66375,67224
66375,67225
66375,67226
66376,67227
66376,67228
66376,67229
66377,67230
66377,67231
66377,67232
66377,67233
66378,67234
66378,67235
66378,67236
66379,67237
66379,67238
66379,67239
66380,67240
66380,67241
66380,67242
66380,67243
66381,67244
66381,67245
66381,67246
66381,67247
66382,67248
66382,67249
66382,67250
66382,67251
66383,67252
66383,67253
66383,67254
66383,67255
66384,67256
66384,67257
66384,67258
66385,67259
66385,67260
66385,67261
66386,67262
66386,67263
66386,67264
66386,67265
66387,67266
66387,67267
66387,67268
66388,67269
66388,67270
66388,67271
66389,67272
66389,67273
66389,67274
66390,67275
66390,67276
66390,67277
66390,67278
66391,67279
66391,67280
66391,67281
66392,67282
66392,67283
66392,67284
66392,67285
66393,67286
66393,67287
66393,67288
66394,67289
66394,67290
66394,67291
66394,67292
66395,67293
66395,67294
66395,67295
66396,67296
66396,67297
66396,67298
66396,67299
66397,67300
66397,67301
66397,67302
66398,67303
66398,67304
66398,67305
66399,67306
66399,67307
66399,67308
66399,67309
66400,67310
66400,67311
66400,67312
66400,67313
66401,67314
66401,67315
66401,67316
66401,67317
66402,67318
66402,67319
66402,67320
66403,67321
66403,67322
66403,67323
66403,67324
66404,67325
66404,67326
66404,67327
66405,67328
66405,67329
66405,67330
66405,67331
66406,67332
66406,67333
66406,67334
66406,67335
66407,67336
66407,67337
66407,67338
66408,67339
66408,67340
66408,67341
66408,67342
66409,67343
66409,67344
66409,67345
66410,67346
66410,67347
66410,67348
66411,67349
66411,67350
66411,67351
66412,67352
66412,67353
66412,67354
66413,67355
66413,67356
66413,67357
66414,67358
66414,67359
66414,67360
66414,67361
66415,67362
66415,67363
66415,67364
66415,67365
66416,67366
66416,67367
66416,67368
66417,67369
66417,67370
66417,67371
66417,67372
66418,67373
66418,67374
66418,67375
66418,67376
66419,67377
66419,67378
66419,67379
66420,67380
66420,67381
66420,67382
66420,67383
66421,67384
66421,67385
66421,67386
66421,67387
66422,67388
66422,67389
66422,67390
66422,67391
66423,67392
66423,67393
66423,67394
66424,67395
66424,67396
66424,67397
66425,67398
66425,67399
66425,67400
66425,67401
66426,67402
66426,67403
66426,67404
66426,67405
66427,67406
66427,67407
66427,67408
66428,67409
66428,67410
66428,67411
66428,67412
66429,67413
66429,67414
66429,67415
66430,67416
66430,67417
66430,67418
66430,67419
66431,67420
66431,67421
66431,67422
66432,67423
66432,67424
66432,67425
66433,67426
66433,67427
66433,67428
66434,67429
66434,67430
66434,67431
66434,67432
66435,67433
66435,67434
66435,67435
66435,67436
66436,67437
66436,67438
66436,67439
66436,67440
66437,67441
66437,67442
66437,67443
66437,67444
66438,67445
66438,67446
66438,67447
66438,67448
66439,67449
66439,67450
66439,67451
66439,67452
66440,67453
66440,67454
66440,67455
66440,67456
66441,67457
66441,67458
66441,67459
66441,67460
66442,67461
66442,67462
66442,67463
66443,67464
66443,67465
66443,67466
66443,67467
66444,67468
66444,67469
66444,67470
66444,67471
66445,67472
66445,67473
66445,67474
66446,67475
66446,67476
66446,67477
66446,67478
66447,67479
66447,67480
66447,67481
66447,67482
66448,67483
66448,67484
66448,67485
66448,67486
66449,67487
66449,67488
66449,67489
66449,67490
66450,67491
66450,67492
66450,67493
66450,67494
66451,67495
66451,67496
66451,67497
66452,67498
66452,67499
66452,67500
66453,67501
66453,67502
66453,67503
66454,67504
66454,67505
66454,67506
66454,67507
66455,67508
66455,67509
66455,67510
66455,67511
66456,67512
66456,67513
66456,67514
66456,67515
66457,67516
66457,67517
66457,67518
66457,67519
66458,67520
66458,67521
66458,67522
66459,67523
66459,67524
66459,67525
66459,67526
66460,67527
66460,67528
66460,67529
66461,67530
66461,67531
66461,67532
66461,67533
66462,67534
66462,67535
66462,67536
66462,67537
66463,67538
66463,67539
66463,67540
66464,67541
66464,67542
66464,67543
66464,67544
66465,67545
66465,67546
66465,67547
66466,67548
66466,67549
66466,67550
66467,67551
66467,67552
66467,67553
66467,67554
66468,67555
66468,67556
66468,67557
66468,67558
66469,67559
66469,67560
66469,67561
66469,67562
66470,67563
66470,67564
66470,67565
66470,67566
66471,67567
66471,67568
66471,67569
66471,67570
66472,67571
66472,67572
66472,67573
66472,67574
66473,67575
66473,67576
66473,67577
66473,67578
66474,67579
66474,67580
66474,67581
66474,67582
66475,67583
66475,67584
66475,67585
66476,67586
66476,67587
66476,67588
66477,67589
66477,67590
66477,67591
66477,67592
66478,67593
66478,67594
66478,67595
66479,67596
66479,67597
66479,67598
66479,67599
66480,67600
66480,67601
66480,67602
66480,67603
66481,67604
66481,67605
66481,67606
66481,67607
66482,67608
66482,67609
66482,67610
66482,67611
66483,67612
66483,67613
66483,67614
66483,67615
66484,67616
66484,67617
66484,67618
66484,67619
66485,67620
66485,67621
66485,67622
66486,67623
66486,67624
66486,67625
66486,67626
66487,67627
66487,67628
66487,67629
66488,67630
66488,67631
66488,67632
66489,67633
66489,67634
66489,67635
66490,67636
66490,67637
66490,67638
66490,67639
66491,67640
66491,67641
66491,67642
66492,67643
66492,67644
66492,67645
66492,67646
66493,67647
66493,67648
66493,67649
66494,67650
66494,67651
66494,67652
66495,67653
66495,67654
66495,67655
66495,67656
66496,67657
66496,67658
66496,67659
66497,67660
66497,67661
66497,67662
66497,67663
66498,67664
66498,67665
66498,67666
66498,67667
66499,67668
66499,67669
66499,67670
66500,67671
66500,67672
66500,67673
66501,67674
66501,67675
66501,67676
66502,67677
66502,67678
66502,67679
66503,67680
66503,67681
66503,67682
66503,67683
66504,67684
66504,67685
66504,67686
66504,67687
66505,67688
66505,67689
66505,67690
66506,67691
66506,67692
66506,67693
66507,67694
66507,67695
66507,67696
66507,67697
66508,67698
66508,67699
66508,67700
66508,67701
66509,67702
66509,67703
66509,67704
66510,67705
66510,67706
66510,67707
66511,67708
66511,67709
66511,67710
66511,67711
66512,67712
66512,67713
66512,67714
66513,67715
66513,67716
66513,67717
66513,67718
66514,67719
66514,67720
66514,67721
66515,67722
66515,67723
66515,67724
66515,67725
66516,67726
66516,67727
66516,67728
66517,67729
66517,67730
66517,67731
66518,67732
66518,67733
66518,67734
66519,67735
66519,67736
66519,67737
66520,67738
66520,67739
66520,67740
66521,67741
66521,67742
66521,67743
66522,67744
66522,67745
66522,67746
66523,67747
66523,67748
66523,67749
66523,67750
66524,67751
66524,67752
66524,67753
66524,67754
67046,67755
67046,67756
67046,67757
67047,67758
67047,67759
67047,67760
67048,67761
67048,67762
67048,67763
67049,67764
67049,67765
67049,67766
67049,67767
67050,67768
67050,67769
67050,67770
67050,67771
67051,67772
67051,67773
67051,67774
67052,67775
67052,67776
67052,67777
67052,67778
67053,67779
67053,67780
67053,67781
67053,67782
67054,67783
67054,67784
67054,67785
67054,67786
67055,67787
67055,67788
67055,67789
67056,67790
67056,67791
67056,67792
67056,67793
67057,67794
67057,67795
67057,67796
67057,67797
67058,67798
67058,67799
67058,67800
67059,67801
67059,67802
67059,67803
67059,67804
67060,67805
67060,67806
67060,67807
67061,67808
67061,67809
67061,67810
67062,67811
67062,67812
67062,67813
67063,67814
67063,67815
67063,67816
67063,67817
67064,67818
67064,67819
67064,67820
67064,67821
67065,67822
67065,67823
67065,67824
67065,67825
67066,67826
67066,67827
67066,67828
67066,67829
67067,67830
67067,67831
67067,67832
67067,67833
67068,67834
67068,67835
67068,67836
67069,67837
67069,67838
67069,67839
67070,67840
67070,67841
67070,67842
67071,67843
67071,67844
67071,67845
67072,67846
67072,67847
67072,67848
67073,67849
67073,67850
67073,67851
67073,67852
67074,67853
67074,67854
67074,67855
67075,67856
67075,67857
67075,67858
67076,67859
67076,67860
67076,67861
67077,67862
67077,67863
67077,67864
67077,67865
67078,67866
67078,67867
67078,67868
67079,67869
67079,67870
67079,67871
67080,67872
67080,67873
67080,67874
67081,67875
67081,67876
67081,67877
67082,67878
67082,67879
67082,67880
67083,67881
67083,67882
67083,67883
67083,67884
67084,67885
67084,67886
67084,67887
67085,67888
67085,67889
67085,67890
67085,67891
67086,67892
67086,67893
67086,67894
67087,67895
67087,67896
67087,67897
67087,67898
67088,67899
67088,67900
67088,67901
67089,67902
67089,67903
67089,67904
67090,67905
67090,67906
67090,67907
67090,67908
67091,67909
67091,67910
67091,67911
67091,67912
67092,67913
67092,67914
67092,67915
67092,67916
67093,67917
67093,67918
67093,67919
67094,67920
67094,67921
67094,67922
67095,67923
67095,67924
67095,67925
67095,67926
67096,67927
67096,67928
67096,67929
67096,67930
67097,67931
67097,67932
67097,67933
67097,67934
67098,67935
67098,67936
67098,67937
67099,67938
67099,67939
67099,67940
67100,67941
67100,67942
67100,67943
67100,67944
67101,67945
67101,67946
67101,67947
67101,67948
67102,67949
67102,67950
67102,67951
67102,67952
67103,67953
67103,67954
67103,67955
67103,67956
67104,67957
67104,67958
67104,67959
67104,67960
67105,67961
67105,67962
67105,67963
67105,67964
67106,67965
67106,67966
67106,67967
67106,67968
67107,67969
67107,67970
67107,67971
67107,67972
67108,67973
67108,67974
67108,67975
67109,67976
67109,67977
67109,67978
67110,67979
67110,67980
67110,67981
67111,67982
67111,67983
67111,67984
67111,67985
67112,67986
67112,67987
67112,67988
67112,67989
67113,67990
67113,67991
67113,67992
67114,67993
67114,67994
67114,67995
67115,67996
67115,67997
67115,67998
67116,67999
67116,68000
67116,68001
67116,68002
67117,68003
67117,68004
67117,68005
67117,68006
67118,68007
67118,68008
67118,68009
67118,68010
67119,68011
67119,68012
67119,68013
67119,68014
67120,68015
67120,68016
67120,68017
67121,68018
67121,68019
67121,68020
67121,68021
67122,68022
67122,68023
67122,68024
67122,68025
67123,68026
67123,68027
67123,68028
67123,68029
67124,68030
67124,68031
67124,68032
67124,68033
67125,68034
67125,68035
67125,68036
67126,68037
67126,68038
67126,68039
67126,68040
67127,68041
67127,68042
67127,68043
67127,68044
67128,68045
67128,68046
67128,68047
67128,68048
67129,68049
67129,68050
67129,68051
67129,68052
67130,68053
67130,68054
67130,68055
67131,68056
67131,68057
67131,68058
67131,68059
67132,68060
67132,68061
67132,68062
67132,68063
67133,68064
67133,68065
67133,68066
67133,68067
67134,68068
67134,68069
67134,68070
67134,68071
67135,68072
67135,68073
67135,68074
67135,68075
67136,68076
67136,68077
67136,68078
67136,68079
67137,68080
67137,68081
67137,68082
67137,68083
67138,68084
67138,68085
67138,68086
67138,68087
67139,68088
67139,68089
67139,68090
67140,68091
67140,68092
67140,68093
67141,68094
67141,68095
67141,68096
67142,68097
67142,68098
67142,68099
67142,68100
67143,68101
67143,68102
67143,68103
67144,68104
67144,68105
67144,68106
67145,68107
67145,68108
67145,68109
67145,68110
67146,68111
67146,68112
67146,68113
67146,68114
67147,68115
67147,68116
67147,68117
67148,68118
67148,68119
67148,68120
67148,68121
67149,68122
67149,68123
67149,68124
67149,68125
67150,68126
67150,68127
67150,68128
67150,68129
67151,68130
67151,68131
67151,68132
67152,68133
67152,68134
67152,68135
67152,68136
67153,68137
67153,68138
67153,68139
67154,68140
67154,68141
67154,68142
67154,68143
67155,68144
67155,68145
67155,68146
67156,68147
67156,68148
67156,68149
67157,68150
67157,68151
67157,68152
67157,68153
67158,68154
67158,68155
67158,68156
67159,68157
67159,68158
67159,68159
67159,68160
67160,68161
67160,68162
67160,68163
67161,68164
67161,68165
67161,68166
67161,68167
67162,68168
67162,68169
67162,68170
67163,68171
67163,68172
67163,68173
67164,68174
67164,68175
67164,68176
67164,68177
67165,68178
67165,68179
67165,68180
67165,68181
67166,68182
67166,68183
67166,68184
67167,68185
67167,68186
67167,68187
67168,68188
67168,68189
67168,68190
67168,68191
67169,68192
67169,68193
67169,68194
67169,68195
67170,68196
67170,68197
67170,68198
67171,68199
67171,68200
67171,68201
67171,68202
67172,68203
67172,68204
67172,68205
67173,68206
67173,68207
67173,68208
67173,68209
67174,68210
67174,68211
67174,68212
67174,68213
67175,68214
67175,68215
67175,68216
67175,68217
67176,68218
67176,68219
67176,68220
67177,68221
67177,68222
67177,68223
67178,68224
67178,68225
67178,68226
67179,68227
67179,68228
67179,68229
67180,68230
67180,68231
67180,68232
67180,68233
67181,68234
67181,68235
67181,68236
67182,68237
67182,68238
67182,68239
67182,68240
67183,68241
67183,68242
67183,68243
67184,68244
67184,68245
67184,68246
67184,68247
67185,68248
67185,68249
67185,68250
67185,68251
67186,68252
67186,68253
67186,68254
67186,68255
67187,68256
67187,68257
67187,68258
67188,68259
67188,68260
67188,68261
67189,68262
67189,68263
67189,68264
67189,68265
67190,68266
67190,68267
67190,68268
67191,68269
67191,68270
67191,68271
67191,68272
67192,68273
67192,68274
67192,68275
67192,68276
67193,68277
67193,68278
67193,68279
67194,68280
67194,68281
67194,68282
67195,68283
67195,68284
67195,68285
67195,68286
67196,68287
67196,68288
67196,68289
67197,68290
67197,68291
67197,68292
67197,68293
67198,68294
67198,68295
67198,68296
67199,68297
67199,68298
67199,68299
67200,68300
67200,68301
67200,68302
67200,68303
67201,68304
67201,68305
67201,68306
67202,68307
67202,68308
67202,68309
67203,68310
67203,68311
67203,68312
67203,68313
67204,68314
67204,68315
67204,68316
67205,68317
67205,68318
67205,68319
67205,68320
67206,68321
67206,68322
67206,68323
67207,68324
67207,68325
67207,68326
67207,68327
67208,68328
67208,68329
67208,68330
67208,68331
67209,68332
67209,68333
67209,68334
67209,68335
67210,68336
67210,68337
67210,68338
67210,68339
67211,68340
67211,68341
67211,68342
67211,68343
67212,68344
67212,68345
67212,68346
67212,68347
67213,68348
67213,68349
67213,68350
67213,68351
67214,68352
67214,68353
67214,68354
67215,68355
67215,68356
67215,68357
67216,68358
67216,68359
67216,68360
67216,68361
67217,68362
67217,68363
67217,68364
67217,68365
67218,68366
67218,68367
67218,68368
67218,68369
67219,68370
67219,68371
67219,68372
67219,68373
67220,68374
67220,68375
67220,68376
67221,68377
67221,68378
67221,68379
67222,68380
67222,68381
67222,68382
67222,68383
67223,68384
67223,68385
67223,68386
67223,68387
67224,68388
67224,68389
67224,68390
67225,68391
67225,68392
67225,68393
67226,68394
67226,68395
67226,68396
67226,68397
67227,68398
67227,68399
67227,68400
67228,68401
67228,68402
67228,68403
67228,68404
67229,68405
67229,68406
67229,68407
67230,68408
67230,68409
67230,68410
67231,68411
67231,68412
67231,68413
67232,68414
67232,68415
67232,68416
67233,68417
67233,68418
67233,68419
67234,68420
67234,68421
67234,68422
67235,68423
67235,68424
67235,68425
67235,68426
67236,68427
67236,68428
67236,68429
67236,68430
67237,68431
67237,68432
67237,68433
67237,68434
67238,68435
67238,68436
67238,68437
67239,68438
67239,68439
67239,68440
67240,68441
67240,68442
67240,68443
67241,68444
67241,68445
67241,68446
67242,68447
67242,68448
67242,68449
67243,68450
67243,68451
67243,68452
67243,68453
67244,68454
67244,68455
67244,68456
67244,68457
67245,68458
67245,68459
67245,68460
67245,68461
67246,68462
67246,68463
67246,68464
67755,68465
67755,68466
67755,68467
67755,68468
67756,68469
67756,68470
67756,68471
67756,68472
67757,68473
67757,68474
67757,68475
67757,68476
67758,68477
67758,68478
67758,68479
67759,68480
67759,68481
67759,68482
67759,68483
67760,68484
67760,68485
67760,68486
67761,68487
67761,68488
67761,68489
67761,68490
67762,68491
67762,68492
67762,68493
67762,68494
67763,68495
67763,68496
67763,68497
67763,68498
67764,68499
67764,68500
67764,68501
67764,68502
67765,68503
67765,68504
67765,68505
67765,68506
67766,68507
67766,68508
67766,68509
67767,68510
67767,68511
67767,68512
67767,68513
67768,68514
67768,68515
67768,68516
67768,68517
67769,68518
67769,68519
67769,68520
67770,68521
67770,68522
67770,68523
67770,68524
67771,68525
67771,68526
67771,68527
67772,68528
67772,68529
67772,68530
67773,68531
67773,68532
67773,68533
67774,68534
67774,68535
67774,68536
67774,68537
67775,68538
67775,68539
67775,68540
67775,68541
67776,68542
67776,68543
67776,68544
67777,68545
67777,68546
67777,68547
67777,68548
67778,68549
67778,68550
67778,68551
67779,68552
67779,68553
67779,68554
67780,68555
67780,68556
67780,68557
67780,68558
67781,68559
67781,68560
67781,68561
67781,68562
67782,68563
67782,68564
67782,68565
67782,68566
67783,68567
67783,68568
67783,68569
67784,68570
67784,68571
67784,68572
67784,68573
67785,68574
67785,68575
67785,68576
67786,68577
67786,68578
67786,68579
67786,68580
67787,68581
67787,68582
67787,68583
67787,68584
67788,68585
67788,68586
67788,68587
67789,68588
67789,68589
67789,68590
67790,68591
67790,68592
67790,68593
67791,68594
67791,68595
67791,68596
67791,68597
67792,68598
67792,68599
67792,68600
67793,68601
67793,68602
67793,68603
67793,68604
67794,68605
67794,68606
67794,68607
67795,68608
67795,68609
67795,68610
67796,68611
67796,68612
67796,68613
67796,68614
67797,68615
67797,68616
67797,68617
67797,68618
67798,68619
67798,68620
67798,68621
67798,68622
67799,68623
67799,68624
67799,68625
67800,68626
67800,68627
67800,68628
67800,68629
67801,68630
67801,68631
67801,68632
67802,68633
67802,68634
67802,68635
67803,68636
67803,68637
67803,68638
67803,68639
67804,68640
67804,68641
67804,68642
67805,68643
67805,68644
67805,68645
67805,68646
67806,68647
67806,68648
67806,68649
67807,68650
67807,68651
67807,68652
67807,68653
67808,68654
67808,68655
67808,68656
67808,68657
67809,68658
67809,68659
67809,68660
67810,68661
67810,68662
67810,68663
67810,68664
67811,68665
67811,68666
67811,68667
67811,68668
67812,68669
67812,68670
67812,68671
67813,68672
67813,68673
67813,68674
67814,68675
67814,68676
67814,68677
67814,68678
67815,68679
67815,68680
67815,68681
67815,68682
67816,68683
67816,68684
67816,68685
67817,68686
67817,68687
67817,68688
67817,68689
67818,68690
67818,68691
67818,68692
67819,68693
67819,68694
67819,68695
67820,68696
67820,68697
67820,68698
67820,68699
67821,68700
67821,68701
67821,68702
67821,68703
67822,68704
67822,68705
67822,68706
67823,68707
67823,68708
67823,68709
67823,68710
67824,68711
67824,68712
67824,68713
67825,68714
67825,68715
67825,68716
67826,68717
67826,68718
67826,68719
67827,68720
67827,68721
67827,68722
67827,68723
67828,68724
67828,68725
67828,68726
67829,68727
67829,68728
67829,68729
67830,68730
67830,68731
67830,68732
67831,68733
67831,68734
67831,68735
67831,68736
67832,68737
67832,68738
67832,68739
67833,68740
67833,68741
67833,68742
67833,68743
67834,68744
67834,68745
67834,68746
67834,68747
67835,68748
67835,68749
67835,68750
67836,68751
67836,68752
67836,68753
67837,68754
67837,68755
67837,68756
67838,68757
67838,68758
67838,68759
67839,68760
67839,68761
67839,68762
67839,68763
67840,68764
67840,68765
67840,68766
67841,68767
67841,68768
67841,68769
67841,68770
67842,68771
67842,68772
67842,68773
67842,68774
67843,68775
67843,68776
67843,68777
67843,68778
67844,68779
67844,68780
67844,68781
67844,68782
67845,68783
67845,68784
67845,68785
67845,68786
67846,68787
67846,68788
67846,68789
67846,68790
67847,68791
67847,68792
67847,68793
67847,68794
67848,68795
67848,68796
67848,68797
67848,68798
67849,68799
67849,68800
67849,68801
67850,68802
67850,68803
67850,68804
67850,68805
67851,68806
67851,68807
67851,68808
67851,68809
67852,68810
67852,68811
67852,68812
67853,68813
67853,68814
67853,68815
67853,68816
67854,68817
67854,68818
67854,68819
67855,68820
67855,68821
67855,68822
67856,68823
67856,68824
67856,68825
67856,68826
67857,68827
67857,68828
67857,68829
67857,68830
67858,68831
67858,68832
67858,68833
67859,68834
67859,68835
67859,68836
67859,68837
67860,68838
67860,68839
67860,68840
67860,68841
67861,68842
67861,68843
67861,68844
67862,68845
67862,68846
67862,68847
67862,68848
67863,68849
67863,68850
67863,68851
67863,68852
67864,68853
67864,68854
67864,68855
67864,68856
67865,68857
67865,68858
67865,68859
67865,68860
67866,68861
67866,68862
67866,68863
67867,68864
67867,68865
67867,68866
67868,68867
67868,68868
67868,68869
67869,68870
67869,68871
67869,68872
67869,68873
67870,68874
67870,68875
67870,68876
67870,68877
67871,68878
67871,68879
67871,68880
67872,68881
67872,68882
67872,68883
67873,68884
67873,68885
67873,68886
67874,68887
67874,68888
67874,68889
67874,68890
67875,68891
67875,68892
67875,68893
67875,68894
67876,68895
67876,68896
67876,68897
67877,68898
67877,68899
67877,68900
67877,68901
67878,68902
67878,68903
67878,68904
67879,68905
67879,68906
67879,68907
67880,68908
67880,68909
67880,68910
67880,68911
67881,68912
67881,68913
67881,68914
67882,68915
67882,68916
67882,68917
67882,68918
67883,68919
67883,68920
67883,68921
67884,68922
67884,68923
67884,68924
67884,68925
67885,68926
67885,68927
67885,68928
67885,68929
67886,68930
67886,68931
67886,68932
67886,68933
67887,68934
67887,68935
67887,68936
67887,68937
67888,68938
67888,68939
67888,68940
67888,68941
67889,68942
67889,68943
67889,68944
67889,68945
67890,68946
67890,68947
67890,68948
67891,68949
67891,68950
67891,68951
67891,68952
67892,68953
67892,68954
67892,68955
67892,68956
67893,68957
67893,68958
67893,68959
67893,68960
67894,68961
67894,68962
67894,68963
67894,68964
67895,68965
67895,68966
67895,68967
67896,68968
67896,68969
67896,68970
67897,68971
67897,68972
67897,68973
67897,68974
67898,68975
67898,68976
67898,68977
67899,68978
67899,68979
67899,68980
67900,68981
67900,68982
67900,68983
67900,68984
67901,68985
67901,68986
67901,68987
67902,68988
67902,68989
67902,68990
67902,68991
67903,68992
67903,68993
67903,68994
67904,68995
67904,68996
67904,68997
67905,68998
67905,68999
67905,69000
67906,69001
67906,69002
67906,69003
67906,69004
67907,69005
67907,69006
67907,69007
67908,69008
67908,69009
67908,69010
67909,69011
67909,69012
67909,69013
67910,69014
67910,69015
67910,69016
67910,69017
67911,69018
67911,69019
67911,69020
67912,69021
67912,69022
67912,69023
67913,69024
67913,69025
67913,69026
67913,69027
67914,69028
67914,69029
67914,69030
67914,69031
67915,69032
67915,69033
67915,69034
67916,69035
67916,69036
67916,69037
67916,69038
67917,69039
67917,69040
67917,69041
67918,69042
67918,69043
67918,69044
67918,69045
67919,69046
67919,69047
67919,69048
67919,69049
67920,69050
67920,69051
67920,69052
67921,69053
67921,69054
67921,69055
67922,69056
67922,69057
67922,69058
67922,69059
67923,69060
67923,69061
67923,69062
67923,69063
67924,69064
67924,69065
67924,69066
67924,69067
67925,69068
67925,69069
67925,69070
67925,69071
67926,69072
67926,69073
67926,69074
67927,69075
67927,69076
67927,69077
67928,69078
67928,69079
67928,69080
67929,69081
67929,69082
67929,69083
67929,69084
67930,69085
67930,69086
67930,69087
67930,69088
67931,69089
67931,69090
67931,69091
67932,69092
67932,69093
67932,69094
67933,69095
67933,69096
67933,69097
67934,69098
67934,69099
67934,69100
67934,69101
67935,69102
67935,69103
67935,69104
67936,69105
67936,69106
67936,69107
67937,69108
67937,69109
67937,69110
67938,69111
67938,69112
67938,69113
67939,69114
67939,69115
67939,69116
67939,69117
67940,69118
67940,69119
67940,69120
67941,69121
67941,69122
67941,69123
67941,69124
67942,69125
67942,69126
67942,69127
67943,69128
67943,69129
67943,69130
67943,69131
67944,69132
67944,69133
67944,69134
67944,69135
67945,69136
67945,69137
67945,69138
67946,69139
67946,69140
67946,69141
67946,69142
67947,69143
67947,69144
67947,69145
67947,69146
67948,69147
67948,69148
67948,69149
67949,69150
67949,69151
67949,69152
67949,69153
67950,69154
67950,69155
67950,69156
67951,69157
67951,69158
67951,69159
67952,69160
67952,69161
67952,69162
67952,69163
67953,69164
67953,69165
67953,69166
67953,69167
67954,69168
67954,69169
67954,69170
67955,69171
67955,69172
67955,69173
67955,69174
68465,69175
68465,69176
68465,69177
68465,69178
68466,69179
68466,69180
68466,69181
68467,69182
68467,69183
68467,69184
68468,69185
68468,69186
68468,69187
68468,69188
68469,69189
68469,69190
68469,69191
68470,69192
68470,69193
68470,69194
68471,69195
68471,69196
68471,69197
68472,69198
68472,69199
68472,69200
68473,69201
68473,69202
68473,69203
68473,69204
68474,69205
68474,69206
68474,69207
68475,69208
68475,69209
68475,69210
68476,69211
68476,69212
68476,69213
68477,69214
68477,69215
68477,69216
68478,69217
68478,69218
68478,69219
68478,69220
68479,69221
68479,69222
68479,69223
68479,69224
68480,69225
68480,69226
68480,69227
68481,69228
68481,69229
68481,69230
68482,69231
68482,69232
68482,69233
68482,69234
68483,69235
68483,69236
68483,69237
68483,69238
68484,69239
68484,69240
68484,69241
68484,69242
68485,69243
68485,69244
68485,69245
68486,69246
68486,69247
68486,69248
68486,69249
68487,69250
68487,69251
68487,69252
68488,69253
68488,69254
68488,69255
68489,69256
68489,69257
68489,69258
68489,69259
68490,69260
68490,69261
68490,69262
68490,69263
68491,69264
68491,69265
68491,69266
68492,69267
68492,69268
68492,69269
68493,69270
68493,69271
68493,69272
68494,69273
68494,69274
68494,69275
68494,69276
68495,69277
68495,69278
68495,69279
68495,69280
68496,69281
68496,69282
68496,69283
68496,69284
68497,69285
68497,69286
68497,69287
68498,69288
68498,69289
68498,69290
68499,69291
68499,69292
68499,69293
68499,69294
68500,69295
68500,69296
68500,69297
68500,69298
68501,69299
68501,69300
68501,69301
68501,69302
68502,69303
68502,69304
68502,69305
68503,69306
68503,69307
68503,69308
68503,69309
68504,69310
68504,69311
68504,69312
68504,69313
68505,69314
68505,69315
68505,69316
68505,69317
68506,69318
68506,69319
68506,69320
68507,69321
68507,69322
68507,69323
68508,69324
68508,69325
68508,69326
68509,69327
68509,69328
68509,69329
68510,69330
68510,69331
68510,69332
68510,69333
68511,69334
68511,69335
68511,69336
68511,69337
68512,69338
68512,69339
68512,69340
68513,69341
68513,69342
68513,69343
68513,69344
68514,69345
68514,69346
68514,69347
68515,69348
68515,69349
68515,69350
68515,69351
68516,69352
68516,69353
68516,69354
68517,69355
68517,69356
68517,69357
68517,69358
68518,69359
68518,69360
68518,69361
68519,69362
68519,69363
68519,69364
68520,69365
68520,69366
68520,69367
68520,69368
68521,69369
68521,69370
68521,69371
68521,69372
68522,69373
68522,69374
68522,69375
68523,69376
68523,69377
68523,69378
68524,69379
68524,69380
68524,69381
68524,69382
68525,69383
68525,69384
68525,69385
68526,69386
68526,69387
68526,69388
68527,69389
68527,69390
68527,69391
68528,69392
68528,69393
68528,69394
68529,69395
68529,69396
68529,69397
68530,69398
68530,69399
68530,69400
68531,69401
68531,69402
68531,69403
68532,69404
68532,69405
68532,69406
68532,69407
68533,69408
68533,69409
68533,69410
68534,69411
68534,69412
68534,69413
68535,69414
68535,69415
68535,69416
68535,69417
68536,69418
68536,69419
68536,69420
68536,69421
68537,69422
68537,69423
68537,69424
68538,69425
68538,69426
68538,69427
68539,69428
68539,69429
68539,69430
68539,69431
68540,69432
68540,69433
68540,69434
68540,69435
68541,69436
68541,69437
68541,69438
68542,69439
68542,69440
68542,69441
68542,69442
68543,69443
68543,69444
68543,69445
68543,69446
68544,69447
68544,69448
68544,69449
68545,69450
68545,69451
68545,69452
68546,69453
68546,69454
68546,69455
68547,69456
68547,69457
68547,69458
68547,69459
68548,69460
68548,69461
68548,69462
68549,69463
68549,69464
68549,69465
68549,69466
68550,69467
68550,69468
68550,69469
68550,69470
68551,69471
68551,69472
68551,69473
68552,69474
68552,69475
68552,69476
68553,69477
68553,69478
68553,69479
68554,69480
68554,69481
68554,69482
68554,69483
68555,69484
68555,69485
68555,69486
68555,69487
68556,69488
68556,69489
68556,69490
68557,69491
68557,69492
68557,69493
68558,69494
68558,69495
68558,69496
68559,69497
68559,69498
68559,69499
68560,69500
68560,69501
68560,69502
68560,69503
68561,69504
68561,69505
68561,69506
68562,69507
68562,69508
68562,69509
68563,69510
68563,69511
68563,69512
68564,69513
68564,69514
68564,69515
68565,69516
68565,69517
68565,69518
68565,69519
68566,69520
68566,69521
68566,69522
68567,69523
68567,69524
68567,69525
68568,69526
68568,69527
68568,69528
68569,69529
68569,69530
68569,69531
68569,69532
68570,69533
68570,69534
68570,69535
68571,69536
68571,69537
68571,69538
68571,69539
68572,69540
68572,69541
68572,69542
68573,69543
68573,69544
68573,69545
68573,69546
68574,69547
68574,69548
68574,69549
68574,69550
68575,69551
68575,69552
68575,69553
68575,69554
68576,69555
68576,69556
68576,69557
68577,69558
68577,69559
68577,69560
68577,69561
68578,69562
68578,69563
68578,69564
68578,69565
68579,69566
68579,69567
68579,69568
68579,69569
68580,69570
68580,69571
68580,69572
68581,69573
68581,69574
68581,69575
68582,69576
68582,69577
68582,69578
68583,69579
68583,69580
68583,69581
68583,69582
68584,69583
68584,69584
68584,69585
68584,69586
68585,69587
68585,69588
68585,69589
68586,69590
68586,69591
68586,69592
68587,69593
68587,69594
68587,69595
68587,69596
68588,69597
68588,69598
68588,69599
68589,69600
68589,69601
68589,69602
68589,69603
68590,69604
68590,69605
68590,69606
68591,69607
68591,69608
68591,69609
68592,69610
68592,69611
68592,69612
68592,69613
68593,69614
68593,69615
68593,69616
68594,69617
68594,69618
68594,69619
68595,69620
68595,69621
68595,69622
68596,69623
68596,69624
68596,69625
68597,69626
68597,69627
68597,69628
68598,69629
68598,69630
68598,69631
68599,69632
68599,69633
68599,69634
68600,69635
68600,69636
68600,69637
68601,69638
68601,69639
68601,69640
68602,69641
68602,69642
68602,69643
68603,69644
68603,69645
68603,69646
68603,69647
68604,69648
68604,69649
68604,69650
68605,69651
68605,69652
68605,69653
68605,69654
68606,69655
68606,69656
68606,69657
68607,69658
68607,69659
68607,69660
68607,69661
68608,69662
68608,69663
68608,69664
68609,69665
68609,69666
68609,69667
68610,69668
68610,69669
68610,69670
68610,69671
68611,69672
68611,69673
68611,69674
68612,69675
68612,69676
68612,69677
68613,69678
68613,69679
68613,69680
68614,69681
68614,69682
68614,69683
68614,69684
68615,69685
68615,69686
68615,69687
68616,69688
68616,69689
68616,69690
68617,69691
68617,69692
68617,69693
68617,69694
68618,69695
68618,69696
68618,69697
68619,69698
68619,69699
68619,69700
68620,69701
68620,69702
68620,69703
68620,69704
68621,69705
68621,69706
68621,69707
68622,69708
68622,69709
68622,69710
68623,69711
68623,69712
68623,69713
68623,69714
68624,69715
68624,69716
68624,69717
68625,69718
68625,69719
68625,69720
68625,69721
68626,69722
68626,69723
68626,69724
68627,69725
68627,69726
68627,69727
68627,69728
68628,69729
68628,69730
68628,69731
68629,69732
68629,69733
68629,69734
68630,69735
68630,69736
68630,69737
68630,69738
68631,69739
68631,69740
68631,69741
68632,69742
68632,69743
68632,69744
68632,69745
68633,69746
68633,69747
68633,69748
68634,69749
68634,69750
68634,69751
68635,69752
68635,69753
68635,69754
68636,69755
68636,69756
68636,69757
68637,69758
68637,69759
68637,69760
68638,69761
68638,69762
68638,69763
68638,69764
68639,69765
68639,69766
68639,69767
68639,69768
68640,69769
68640,69770
68640,69771
68640,69772
68641,69773
68641,69774
68641,69775
68642,69776
68642,69777
68642,69778
68643,69779
68643,69780
68643,69781
68644,69782
68644,69783
68644,69784
68644,69785
68645,69786
68645,69787
68645,69788
68645,69789
68646,69790
68646,69791
68646,69792
68646,69793
68647,69794
68647,69795
68647,69796
68647,69797
68648,69798
68648,69799
68648,69800
68648,69801
68649,69802
68649,69803
68649,69804
68649,69805
68650,69806
68650,69807
68650,69808
68650,69809
68651,69810
68651,69811
68651,69812
68651,69813
68652,69814
68652,69815
68652,69816
68653,69817
68653,69818
68653,69819
68654,69820
68654,69821
68654,69822
68654,69823
68655,69824
68655,69825
68655,69826
68656,69827
68656,69828
68656,69829
68656,69830
68657,69831
68657,69832
68657,69833
68657,69834
68658,69835
68658,69836
68658,69837
68658,69838
68659,69839
68659,69840
68659,69841
68660,69842
68660,69843
68660,69844
68660,69845
68661,69846
68661,69847
68661,69848
68661,69849
68662,69850
68662,69851
68662,69852
68663,69853
68663,69854
68663,69855
68664,69856
68664,69857
68664,69858
68664,69859
68665,69860
68665,69861
68665,69862
68665,69863
69175,69864
69175,69865
69175,69866
69176,69867
69176,69868
69176,69869
69177,69870
69177,69871
69177,69872
69177,69873
69178,69874
69178,69875
69178,69876
69178,69877
69179,69878
69179,69879
69179,69880
69180,69881
69180,69882
69180,69883
69180,69884
69181,69885
69181,69886
69181,69887
69182,69888
69182,69889
69182,69890
69182,69891
69183,69892
69183,69893
69183,69894
69184,69895
69184,69896
69184,69897
69184,69898
69185,69899
69185,69900
69185,69901
69185,69902
69186,69903
69186,69904
69186,69905
69187,69906
69187,69907
69187,69908
69188,69909
69188,69910
69188,69911
69188,69912
69189,69913
69189,69914
69189,69915
69190,69916
69190,69917
69190,69918
69190,69919
69191,69920
69191,69921
69191,69922
69192,69923
69192,69924
69192,69925
69192,69926
69193,69927
69193,69928
69193,69929
69194,69930
69194,69931
69194,69932
69195,69933
69195,69934
69195,69935
69195,69936
69196,69937
69196,69938
69196,69939
69196,69940
69197,69941
69197,69942
69197,69943
69197,69944
69198,69945
69198,69946
69198,69947
69199,69948
69199,69949
69199,69950
69199,69951
69200,69952
69200,69953
69200,69954
69201,69955
69201,69956
69201,69957
69201,69958
69202,69959
69202,69960
69202,69961
69203,69962
69203,69963
69203,69964
69203,69965
69204,69966
69204,69967
69204,69968
69204,69969
69205,69970
69205,69971
69205,69972
69205,69973
69206,69974
69206,69975
69206,69976
69206,69977
69207,69978
69207,69979
69207,69980
69208,69981
69208,69982
69208,69983
69209,69984
69209,69985
69209,69986
69210,69987
69210,69988
69210,69989
69211,69990
69211,69991
69211,69992
69212,69993
69212,69994
69212,69995
69212,69996
69213,69997
69213,69998
69213,69999
69213,70000
69214,70001
69214,70002
69214,70003
69215,70004
69215,70005
69215,70006
69216,70007
69216,70008
69216,70009
69216,70010
69217,70011
69217,70012
69217,70013
69218,70014
69218,70015
69218,70016
69218,70017
69219,70018
69219,70019
69219,70020
69220,70021
69220,70022
69220,70023
69221,70024
69221,70025
69221,70026
69221,70027
69222,70028
69222,70029
69222,70030
69223,70031
69223,70032
69223,70033
69224,70034
69224,70035
69224,70036
69225,70037
69225,70038
69225,70039
69226,70040
69226,70041
69226,70042
69227,70043
69227,70044
69227,70045
69228,70046
69228,70047
69228,70048
69229,70049
69229,70050
69229,70051
69229,70052
69230,70053
69230,70054
69230,70055
69230,70056
69231,70057
69231,70058
69231,70059
69231,70060
69232,70061
69232,70062
69232,70063
69232,70064
69233,70065
69233,70066
69233,70067
69234,70068
69234,70069
69234,70070
69234,70071
69235,70072
69235,70073
69235,70074
69236,70075
69236,70076
69236,70077
69236,70078
69237,70079
69237,70080
69237,70081
69238,70082
69238,70083
69238,70084
69239,70085
69239,70086
69239,70087
69240,70088
69240,70089
69240,70090
69241,70091
69241,70092
69241,70093
69241,70094
69242,70095
69242,70096
69242,70097
69243,70098
69243,70099
69243,70100
69243,70101
69244,70102
69244,70103
69244,70104
69244,70105
69245,70106
69245,70107
69245,70108
69246,70109
69246,70110
69246,70111
69246,70112
69247,70113
69247,70114
69247,70115
69248,70116
69248,70117
69248,70118
69248,70119
69249,70120
69249,70121
69249,70122
69250,70123
69250,70124
69250,70125
69251,70126
69251,70127
69251,70128
69252,70129
69252,70130
69252,70131
69252,70132
69253,70133
69253,70134
69253,70135
69254,70136
69254,70137
69254,70138
69254,70139
69255,70140
69255,70141
69255,70142
69255,70143
69256,70144
69256,70145
69256,70146
69256,70147
69257,70148
69257,70149
69257,70150
69258,70151
69258,70152
69258,70153
69258,70154
69259,70155
69259,70156
69259,70157
69259,70158
69260,70159
69260,70160
69260,70161
69260,70162
69261,70163
69261,70164
69261,70165
69262,70166
69262,70167
69262,70168
69263,70169
69263,70170
69263,70171
69263,70172
69264,70173
69264,70174
69264,70175
69264,70176
69265,70177
69265,70178
69265,70179
69265,70180
69266,70181
69266,70182
69266,70183
69266,70184
69267,70185
69267,70186
69267,70187
69267,70188
69268,70189
69268,70190
69268,70191
69268,70192
69269,70193
69269,70194
69269,70195
69269,70196
69270,70197
69270,70198
69270,70199
69270,70200
69271,70201
69271,70202
69271,70203
69271,70204
69272,70205
69272,70206
69272,70207
69272,70208
69273,70209
69273,70210
69273,70211
69273,70212
69274,70213
69274,70214
69274,70215
69275,70216
69275,70217
69275,70218
69275,70219
69276,70220
69276,70221
69276,70222
69277,70223
69277,70224
69277,70225
69278,70226
69278,70227
69278,70228
69278,70229
69279,70230
69279,70231
69279,70232
69280,70233
69280,70234
69280,70235
69280,70236
69281,70237
69281,70238
69281,70239
69281,70240
69282,70241
69282,70242
69282,70243
69283,70244
69283,70245
69283,70246
69283,70247
69284,70248
69284,70249
69284,70250
69284,70251
69285,70252
69285,70253
69285,70254
69286,70255
69286,70256
69286,70257
69287,70258
69287,70259
69287,70260
69287,70261
69288,70262
69288,70263
69288,70264
69289,70265
69289,70266
69289,70267
69289,70268
69290,70269
69290,70270
69290,70271
69290,70272
69291,70273
69291,70274
69291,70275
69291,70276
69292,70277
69292,70278
69292,70279
69292,70280
69293,70281
69293,70282
69293,70283
69293,70284
69294,70285
69294,70286
69294,70287
69295,70288
69295,70289
69295,70290
69296,70291
69296,70292
69296,70293
69296,70294
69297,70295
69297,70296
69297,70297
69298,70298
69298,70299
69298,70300
69299,70301
69299,70302
69299,70303
69299,70304
69300,70305
69300,70306
69300,70307
69300,70308
69301,70309
69301,70310
69301,70311
69302,70312
69302,70313
69302,70314
69303,70315
69303,70316
69303,70317
69303,70318
69304,70319
69304,70320
69304,70321
69305,70322
69305,70323
69305,70324
69306,70325
69306,70326
69306,70327
69306,70328
69307,70329
69307,70330
69307,70331
69308,70332
69308,70333
69308,70334
69309,70335
69309,70336
69309,70337
69309,70338
69310,70339
69310,70340
69310,70341
69311,70342
69311,70343
69311,70344
69311,70345
69312,70346
69312,70347
69312,70348
69313,70349
69313,70350
69313,70351
69314,70352
69314,70353
69314,70354
69314,70355
69315,70356
69315,70357
69315,70358
69315,70359
69316,70360
69316,70361
69316,70362
69317,70363
69317,70364
69317,70365
69317,70366
69318,70367
69318,70368
69318,70369
69319,70370
69319,70371
69319,70372
69320,70373
69320,70374
69320,70375
69320,70376
69321,70377
69321,70378
69321,70379
69322,70380
69322,70381
69322,70382
69323,70383
69323,70384
69323,70385
69323,70386
69324,70387
69324,70388
69324,70389
69325,70390
69325,70391
69325,70392
69326,70393
69326,70394
69326,70395
69327,70396
69327,70397
69327,70398
69328,70399
69328,70400
69328,70401
69329,70402
69329,70403
69329,70404
69329,70405
69330,70406
69330,70407
69330,70408
69330,70409
69331,70410
69331,70411
69331,70412
69332,70413
69332,70414
69332,70415
69332,70416
69333,70417
69333,70418
69333,70419
69333,70420
69334,70421
69334,70422
69334,70423
69334,70424
69335,70425
69335,70426
69335,70427
69335,70428
69336,70429
69336,70430
69336,70431
69336,70432
69337,70433
69337,70434
69337,70435
69338,70436
69338,70437
69338,70438
69339,70439
69339,70440
69339,70441
69340,70442
69340,70443
69340,70444
69341,70445
69341,70446
69341,70447
69342,70448
69342,70449
69342,70450
69343,70451
69343,70452
69343,70453
69344,70454
69344,70455
69344,70456
69345,70457
69345,70458
69345,70459
69346,70460
69346,70461
69346,70462
69347,70463
69347,70464
69347,70465
69348,70466
69348,70467
69348,70468
69349,70469
69349,70470
69349,70471
69349,70472
69350,70473
69350,70474
69350,70475
69350,70476
69351,70477
69351,70478
69351,70479
69351,70480
69352,70481
69352,70482
69352,70483
69352,70484
69353,70485
69353,70486
69353,70487
69353,70488
69354,70489
69354,70490
69354,70491
69355,70492
69355,70493
69355,70494
69355,70495
69356,70496
69356,70497
69356,70498
69357,70499
69357,70500
69357,70501
69357,70502
69358,70503
69358,70504
69358,70505
69359,70506
69359,70507
69359,70508
69359,70509
69360,70510
69360,70511
69360,70512
69360,70513
69361,70514
69361,70515
69361,70516
69361,70517
69362,70518
69362,70519
69362,70520
69363,70521
69363,70522
69363,70523
69363,70524
69364,70525
69364,70526
69364,70527
69365,70528
69365,70529
69365,70530
69365,70531
69366,70532
69366,70533
69366,70534
69367,70535
69367,70536
69367,70537
69368,70538
69368,70539
69368,70540
69368,70541
69369,70542
69369,70543
69369,70544
69370,70545
69370,70546
69370,70547
69370,70548
69371,70549
69371,70550
69371,70551
69371,70552
69372,70553
69372,70554
69372,70555
69373,70556
69373,70557
69373,70558
69374,70559
69374,70560
69374,70561
69375,70562
69375,70563
69375,70564
69864,70565
69864,70566
69864,70567
69864,70568
69865,70569
69865,70570
69865,70571
69865,70572
69866,70573
69866,70574
69866,70575
69867,70576
69867,70577
69867,70578
69868,70579
69868,70580
69868,70581
69869,70582
69869,70583
69869,70584
69870,70585
69870,70586
69870,70587
69870,70588
69871,70589
69871,70590
69871,70591
69871,70592
69872,70593
69872,70594
69872,70595
69872,70596
69873,70597
69873,70598
69873,70599
69874,70600
69874,70601
69874,70602
69874,70603
69875,70604
69875,70605
69875,70606
69876,70607
69876,70608
69876,70609
69876,70610
69877,70611
69877,70612
69877,70613
69877,70614
69878,70615
69878,70616
69878,70617
69879,70618
69879,70619
69879,70620
69880,70621
69880,70622
69880,70623
69881,70624
69881,70625
69881,70626
69881,70627
69882,70628
69882,70629
69882,70630
69882,70631
69883,70632
69883,70633
69883,70634
69884,70635
69884,70636
69884,70637
69885,70638
69885,70639
69885,70640
69885,70641
69886,70642
69886,70643
69886,70644
69887,70645
69887,70646
69887,70647
69887,70648
69888,70649
69888,70650
69888,70651
69889,70652
69889,70653
69889,70654
69889,70655
69890,70656
69890,70657
69890,70658
69890,70659
69891,70660
69891,70661
69891,70662
69892,70663
69892,70664
69892,70665
69893,70666
69893,70667
69893,70668
69894,70669
69894,70670
69894,70671
69895,70672
69895,70673
69895,70674
69895,70675
69896,70676
69896,70677
69896,70678
69897,70679
69897,70680
69897,70681
69897,70682
69898,70683
69898,70684
69898,70685
69899,70686
69899,70687
69899,70688
69900,70689
69900,70690
69900,70691
69900,70692
69901,70693
69901,70694
69901,70695
69901,70696
69902,70697
69902,70698
69902,70699
69903,70700
69903,70701
69903,70702
69903,70703
69904,70704
69904,70705
69904,70706
69904,70707
69905,70708
69905,70709
69905,70710
69906,70711
69906,70712
69906,70713
69907,70714
69907,70715
69907,70716
69908,70717
69908,70718
69908,70719
69908,70720
69909,70721
69909,70722
69909,70723
69910,70724
69910,70725
69910,70726
69910,70727
69911,70728
69911,70729
69911,70730
69912,70731
69912,70732
69912,70733
69912,70734
69913,70735
69913,70736
69913,70737
69913,70738
69914,70739
69914,70740
69914,70741
69914,70742
69915,70743
69915,70744
69915,70745
69915,70746
69916,70747
69916,70748
69916,70749
69917,70750
69917,70751
69917,70752
69918,70753
69918,70754
69918,70755
69918,70756
69919,70757
69919,70758
69919,70759
69920,70760
69920,70761
69920,70762
69921,70763
69921,70764
69921,70765
69921,70766
69922,70767
69922,70768
69922,70769
69923,70770
69923,70771
69923,70772
69923,70773
69924,70774
69924,70775
69924,70776
69925,70777
69925,70778
69925,70779
69926,70780
69926,70781
69926,70782
69927,70783
69927,70784
69927,70785
69927,70786
69928,70787
69928,70788
69928,70789
69929,70790
69929,70791
69929,70792
69930,70793
69930,70794
69930,70795
69931,70796
69931,70797
69931,70798
69932,70799
69932,70800
69932,70801
69932,70802
69933,70803
69933,70804
69933,70805
69934,70806
69934,70807
69934,70808
69935,70809
69935,70810
69935,70811
69935,70812
69936,70813
69936,70814
69936,70815
69936,70816
69937,70817
69937,70818
69937,70819
69938,70820
69938,70821
69938,70822
69938,70823
69939,70824
69939,70825
69939,70826
69940,70827
69940,70828
69940,70829
69940,70830
69941,70831
69941,70832
69941,70833
69942,70834
69942,70835
69942,70836
69943,70837
69943,70838
69943,70839
69943,70840
69944,70841
69944,70842
69944,70843
69945,70844
69945,70845
69945,70846
69946,70847
69946,70848
69946,70849
69946,70850
69947,70851
69947,70852
69947,70853
69948,70854
69948,70855
69948,70856
69948,70857
69949,70858
69949,70859
69949,70860
69950,70861
69950,70862
69950,70863
69951,70864
69951,70865
69951,70866
69951,70867
69952,70868
69952,70869
69952,70870
69953,70871
69953,70872
69953,70873
69953,70874
69954,70875
69954,70876
69954,70877
69955,70878
69955,70879
69955,70880
69956,70881
69956,70882
69956,70883
69956,70884
69957,70885
69957,70886
69957,70887
69957,70888
69958,70889
69958,70890
69958,70891
69959,70892
69959,70893
69959,70894
69959,70895
69960,70896
69960,70897
69960,70898
69961,70899
69961,70900
69961,70901
69962,70902
69962,70903
69962,70904
69963,70905
69963,70906
69963,70907
69964,70908
69964,70909
69964,70910
69965,70911
69965,70912
69965,70913
69966,70914
69966,70915
69966,70916
69966,70917
69967,70918
69967,70919
69967,70920
69968,70921
69968,70922
69968,70923
69969,70924
69969,70925
69969,70926
69969,70927
69970,70928
69970,70929
69970,70930
69970,70931
69971,70932
69971,70933
69971,70934
69971,70935
69972,70936
69972,70937
69972,70938
69972,70939
69973,70940
69973,70941
69973,70942
69973,70943
69974,70944
69974,70945
69974,70946
69975,70947
69975,70948
69975,70949
69976,70950
69976,70951
69976,70952
69977,70953
69977,70954
69977,70955
69978,70956
69978,70957
69978,70958
69979,70959
69979,70960
69979,70961
69979,70962
69980,70963
69980,70964
69980,70965
69981,70966
69981,70967
69981,70968
69981,70969
69982,70970
69982,70971
69982,70972
69982,70973
69983,70974
69983,70975
69983,70976
69984,70977
69984,70978
69984,70979
69985,70980
69985,70981
69985,70982
69985,70983
69986,70984
69986,70985
69986,70986
69987,70987
69987,70988
69987,70989
69988,70990
69988,70991
69988,70992
69989,70993
69989,70994
69989,70995
69989,70996
69990,70997
69990,70998
69990,70999
69990,71000
69991,71001
69991,71002
69991,71003
69991,71004
69992,71005
69992,71006
69992,71007
69993,71008
69993,71009
69993,71010
69993,71011
69994,71012
69994,71013
69994,71014
69994,71015
69995,71016
69995,71017
69995,71018
69996,71019
69996,71020
69996,71021
69996,71022
69997,71023
69997,71024
69997,71025
69998,71026
69998,71027
69998,71028
69998,71029
69999,71030
69999,71031
69999,71032
70000,71033
70000,71034
70000,71035
70001,71036
70001,71037
70001,71038
70002,71039
70002,71040
70002,71041
70002,71042
70003,71043
70003,71044
70003,71045
70003,71046
70004,71047
70004,71048
70004,71049
70005,71050
70005,71051
70005,71052
70005,71053
70006,71054
70006,71055
70006,71056
70007,71057
70007,71058
70007,71059
70008,71060
70008,71061
70008,71062
70009,71063
70009,71064
70009,71065
70009,71066
70010,71067
70010,71068
70010,71069
70010,71070
70011,71071
70011,71072
70011,71073
70011,71074
70012,71075
70012,71076
70012,71077
70012,71078
70013,71079
70013,71080
70013,71081
70013,71082
70014,71083
70014,71084
70014,71085
70015,71086
70015,71087
70015,71088
70015,71089
70016,71090
70016,71091
70016,71092
70017,71093
70017,71094
70017,71095
70018,71096
70018,71097
70018,71098
70018,71099
70019,71100
70019,71101
70019,71102
70020,71103
70020,71104
70020,71105
70020,71106
70021,71107
70021,71108
70021,71109
70021,71110
70022,71111
70022,71112
70022,71113
70023,71114
70023,71115
70023,71116
70024,71117
70024,71118
70024,71119
70024,71120
70025,71121
70025,71122
70025,71123
70026,71124
70026,71125
70026,71126
70027,71127
70027,71128
70027,71129
70028,71130
70028,71131
70028,71132
70029,71133
70029,71134
70029,71135
70029,71136
70030,71137
70030,71138
70030,71139
70030,71140
70031,71141
70031,71142
70031,71143
70032,71144
70032,71145
70032,71146
70033,71147
70033,71148
70033,71149
70034,71150
70034,71151
70034,71152
70035,71153
70035,71154
70035,71155
70035,71156
70036,71157
70036,71158
70036,71159
70036,71160
70037,71161
70037,71162
70037,71163
70038,71164
70038,71165
70038,71166
70038,71167
70039,71168
70039,71169
70039,71170
70040,71171
70040,71172
70040,71173
70041,71174
70041,71175
70041,71176
70041,71177
70042,71178
70042,71179
70042,71180
70043,71181
70043,71182
70043,71183
70044,71184
70044,71185
70044,71186
70045,71187
70045,71188
70045,71189
70045,71190
70046,71191
70046,71192
70046,71193
70046,71194
70047,71195
70047,71196
70047,71197
70047,71198
70048,71199
70048,71200
70048,71201
70049,71202
70049,71203
70049,71204
70050,71205
70050,71206
70050,71207
70051,71208
70051,71209
70051,71210
70051,71211
70052,71212
70052,71213
70052,71214
70053,71215
70053,71216
70053,71217
70053,71218
70054,71219
70054,71220
70054,71221
70055,71222
70055,71223
70055,71224
70055,71225
70056,71226
70056,71227
70056,71228
70056,71229
70057,71230
70057,71231
70057,71232
70058,71233
70058,71234
70058,71235
70059,71236
70059,71237
70059,71238
70059,71239
70060,71240
70060,71241
70060,71242
70060,71243
70061,71244
70061,71245
70061,71246
70062,71247
70062,71248
70062,71249
70063,71250
70063,71251
70063,71252
70064,71253
70064,71254
70064,71255
70565,71256
70565,71257
70565,71258
70566,71259
70566,71260
70566,71261
70566,71262
70567,71263
70567,71264
70567,71265
70568,71266
70568,71267
70568,71268
70569,71269
70569,71270
70569,71271
70570,71272
70570,71273
70570,71274
70571,71275
70571,71276
70571,71277
70572,71278
70572,71279
70572,71280
70572,71281
70573,71282
70573,71283
70573,71284
70573,71285
70574,71286
70574,71287
70574,71288
70575,71289
70575,71290
70575,71291
70575,71292
70576,71293
70576,71294
70576,71295
70576,71296
70577,71297
70577,71298
70577,71299
70578,71300
70578,71301
70578,71302
70578,71303
70579,71304
70579,71305
70579,71306
70580,71307
70580,71308
70580,71309
70580,71310
70581,71311
70581,71312
70581,71313
70582,71314
70582,71315
70582,71316
70582,71317
70583,71318
70583,71319
70583,71320
70583,71321
70584,71322
70584,71323
70584,71324
70585,71325
70585,71326
70585,71327
70585,71328
70586,71329
70586,71330
70586,71331
70586,71332
70587,71333
70587,71334
70587,71335
70587,71336
70588,71337
70588,71338
70588,71339
70589,71340
70589,71341
70589,71342
70590,71343
70590,71344
70590,71345
70590,71346
70591,71347
70591,71348
70591,71349
70591,71350
70592,71351
70592,71352
70592,71353
70592,71354
70593,71355
70593,71356
70593,71357
70593,71358
70594,71359
70594,71360
70594,71361
70594,71362
70595,71363
70595,71364
70595,71365
70595,71366
70596,71367
70596,71368
70596,71369
70596,71370
70597,71371
70597,71372
70597,71373
70598,71374
70598,71375
70598,71376
70598,71377
70599,71378
70599,71379
70599,71380
70599,71381
70600,71382
70600,71383
70600,71384
70600,71385
70601,71386
70601,71387
70601,71388
70601,71389
70602,71390
70602,71391
70602,71392
70603,71393
70603,71394
70603,71395
70604,71396
70604,71397
70604,71398
70604,71399
70605,71400
70605,71401
70605,71402
70606,71403
70606,71404
70606,71405
70607,71406
70607,71407
70607,71408
70607,71409
70608,71410
70608,71411
70608,71412
70609,71413
70609,71414
70609,71415
70610,71416
70610,71417
70610,71418
70610,71419
70611,71420
70611,71421
70611,71422
70612,71423
70612,71424
70612,71425
70613,71426
70613,71427
70613,71428
70613,71429
70614,71430
70614,71431
70614,71432
70614,71433
70615,71434
70615,71435
70615,71436
70615,71437
70616,71438
70616,71439
70616,71440
70617,71441
70617,71442
70617,71443
70618,71444
70618,71445
70618,71446
70619,71447
70619,71448
70619,71449
70620,71450
70620,71451
70620,71452
70621,71453
70621,71454
70621,71455
70621,71456
70622,71457
70622,71458
70622,71459
70623,71460
70623,71461
70623,71462
70624,71463
70624,71464
70624,71465
70625,71466
70625,71467
70625,71468
70626,71469
70626,71470
70626,71471
70627,71472
70627,71473
70627,71474
70627,71475
70628,71476
70628,71477
70628,71478
70628,71479
70629,71480
70629,71481
70629,71482
70629,71483
70630,71484
70630,71485
70630,71486
70631,71487
70631,71488
70631,71489
70631,71490
70632,71491
70632,71492
70632,71493
70633,71494
70633,71495
70633,71496
70633,71497
70634,71498
70634,71499
70634,71500
70634,71501
70635,71502
70635,71503
70635,71504
70636,71505
70636,71506
70636,71507
70636,71508
70637,71509
70637,71510
70637,71511
70638,71512
70638,71513
70638,71514
70639,71515
70639,71516
70639,71517
70639,71518
70640,71519
70640,71520
70640,71521
70640,71522
70641,71523
70641,71524
70641,71525
70641,71526
70642,71527
70642,71528
70642,71529
70642,71530
70643,71531
70643,71532
70643,71533
70643,71534
70644,71535
70644,71536
70644,71537
70644,71538
70645,71539
70645,71540
70645,71541
70646,71542
70646,71543
70646,71544
70647,71545
70647,71546
70647,71547
70647,71548
70648,71549
70648,71550
70648,71551
70648,71552
70649,71553
70649,71554
70649,71555
70650,71556
70650,71557
70650,71558
70651,71559
70651,71560
70651,71561
70652,71562
70652,71563
70652,71564
70652,71565
70653,71566
70653,71567
70653,71568
70653,71569
70654,71570
70654,71571
70654,71572
70654,71573
70655,71574
70655,71575
70655,71576
70656,71577
70656,71578
70656,71579
70656,71580
70657,71581
70657,71582
70657,71583
70658,71584
70658,71585
70658,71586
70659,71587
70659,71588
70659,71589
70659,71590
70660,71591
70660,71592
70660,71593
70660,71594
70661,71595
70661,71596
70661,71597
70661,71598
70662,71599
70662,71600
70662,71601
70663,71602
70663,71603
70663,71604
70663,71605
70664,71606
70664,71607
70664,71608
70664,71609
70665,71610
70665,71611
70665,71612
70665,71613
70666,71614
70666,71615
70666,71616
70667,71617
70667,71618
70667,71619
70667,71620
70668,71621
70668,71622
70668,71623
70669,71624
70669,71625
70669,71626
70669,71627
70670,71628
70670,71629
70670,71630
70671,71631
70671,71632
70671,71633
70672,71634
70672,71635
70672,71636
70673,71637
70673,71638
70673,71639
70674,71640
70674,71641
70674,71642
70674,71643
70675,71644
70675,71645
70675,71646
70675,71647
70676,71648
70676,71649
70676,71650
70677,71651
70677,71652
70677,71653
70678,71654
70678,71655
70678,71656
70679,71657
70679,71658
70679,71659
70680,71660
70680,71661
70680,71662
70680,71663
70681,71664
70681,71665
70681,71666
70681,71667
70682,71668
70682,71669
70682,71670
70683,71671
70683,71672
70683,71673
70683,71674
70684,71675
70684,71676
70684,71677
70684,71678
70685,71679
70685,71680
70685,71681
70686,71682
70686,71683
70686,71684
70686,71685
70687,71686
70687,71687
70687,71688
70688,71689
70688,71690
70688,71691
70689,71692
70689,71693
70689,71694
70690,71695
70690,71696
70690,71697
70690,71698
70691,71699
70691,71700
70691,71701
70692,71702
70692,71703
70692,71704
70693,71705
70693,71706
70693,71707
70693,71708
70694,71709
70694,71710
70694,71711
70694,71712
70695,71713
70695,71714
70695,71715
70695,71716
70696,71717
70696,71718
70696,71719
70696,71720
70697,71721
70697,71722
70697,71723
70698,71724
70698,71725
70698,71726
70698,71727
70699,71728
70699,71729
70699,71730
70699,71731
70700,71732
70700,71733
70700,71734
70700,71735
70701,71736
70701,71737
70701,71738
70702,71739
70702,71740
70702,71741
70703,71742
70703,71743
70703,71744
70704,71745
70704,71746
70704,71747
70705,71748
70705,71749
70705,71750
70705,71751
70706,71752
70706,71753
70706,71754
70706,71755
70707,71756
70707,71757
70707,71758
70708,71759
70708,71760
70708,71761
70709,71762
70709,71763
70709,71764
70710,71765
70710,71766
70710,71767
70711,71768
70711,71769
70711,71770
70711,71771
70712,71772
70712,71773
70712,71774
70713,71775
70713,71776
70713,71777
70713,71778
70714,71779
70714,71780
70714,71781
70715,71782
70715,71783
70715,71784
70715,71785
70716,71786
70716,71787
70716,71788
70717,71789
70717,71790
70717,71791
70717,71792
70718,71793
70718,71794
70718,71795
70718,71796
70719,71797
70719,71798
70719,71799
70720,71800
70720,71801
70720,71802
70721,71803
70721,71804
70721,71805
70722,71806
70722,71807
70722,71808
70722,71809
70723,71810
70723,71811
70723,71812
70723,71813
70724,71814
70724,71815
70724,71816
70724,71817
70725,71818
70725,71819
70725,71820
70725,71821
70726,71822
70726,71823
70726,71824
70726,71825
70727,71826
70727,71827
70727,71828
70728,71829
70728,71830
70728,71831
70729,71832
70729,71833
70729,71834
70729,71835
70730,71836
70730,71837
70730,71838
70731,71839
70731,71840
70731,71841
70732,71842
70732,71843
70732,71844
70733,71845
70733,71846
70733,71847
70734,71848
70734,71849
70734,71850
70734,71851
70735,71852
70735,71853
70735,71854
70735,71855
70736,71856
70736,71857
70736,71858
70736,71859
70737,71860
70737,71861
70737,71862
70737,71863
70738,71864
70738,71865
70738,71866
70739,71867
70739,71868
70739,71869
70739,71870
70740,71871
70740,71872
70740,71873
70740,71874
70741,71875
70741,71876
70741,71877
70742,71878
70742,71879
70742,71880
70743,71881
70743,71882
70743,71883
70743,71884
70744,71885
70744,71886
70744,71887
70744,71888
70745,71889
70745,71890
70745,71891
70746,71892
70746,71893
70746,71894
70747,71895
70747,71896
70747,71897
70747,71898
70748,71899
70748,71900
70748,71901
70749,71902
70749,71903
70749,71904
70750,71905
70750,71906
70750,71907
70751,71908
70751,71909
70751,71910
70752,71911
70752,71912
70752,71913
70752,71914
70753,71915
70753,71916
70753,71917
70753,71918
70754,71919
70754,71920
70754,71921
70754,71922
70755,71923
70755,71924
70755,71925
70756,71926
70756,71927
70756,71928
70757,71929
70757,71930
70757,71931
70758,71932
70758,71933
70758,71934
70759,71935
70759,71936
70759,71937
70760,71938
70760,71939
70760,71940
70760,71941
70761,71942
70761,71943
70761,71944
70761,71945
70762,71946
70762,71947
70762,71948
70762,71949
70763,71950
70763,71951
70763,71952
70763,71953
70764,71954
70764,71955
70764,71956
70765,71957
70765,71958
70765,71959
71256,71960
71256,71961
71256,71962
71257,71963
71257,71964
71257,71965
71257,71966
71258,71967
71258,71968
71258,71969
71258,71970
71259,71971
71259,71972
71259,71973
71259,71974
71260,71975
71260,71976
71260,71977
71260,71978
71261,71979
71261,71980
71261,71981
71261,71982
71262,71983
71262,71984
71262,71985
71262,71986
71263,71987
71263,71988
71263,71989
71264,71990
71264,71991
71264,71992
71265,71993
71265,71994
71265,71995
71265,71996
71266,71997
71266,71998
71266,71999
71267,72000
71267,72001
71267,72002
71268,72003
71268,72004
71268,72005
71268,72006
71269,72007
71269,72008
71269,72009
71270,72010
71270,72011
71270,72012
71271,72013
71271,72014
71271,72015
71272,72016
71272,72017
71272,72018
71272,72019
71273,72020
71273,72021
71273,72022
71274,72023
71274,72024
71274,72025
71274,72026
71275,72027
71275,72028
71275,72029
71275,72030
71276,72031
71276,72032
71276,72033
71276,72034
71277,72035
71277,72036
71277,72037
71277,72038
71278,72039
71278,72040
71278,72041
71279,72042
71279,72043
71279,72044
71279,72045
71280,72046
71280,72047
71280,72048
71280,72049
71281,72050
71281,72051
71281,72052
71282,72053
71282,72054
71282,72055
71282,72056
71283,72057
71283,72058
71283,72059
71283,72060
71284,72061
71284,72062
71284,72063
71284,72064
71285,72065
71285,72066
71285,72067
71285,72068
71286,72069
71286,72070
71286,72071
71286,72072
71287,72073
71287,72074
71287,72075
71288,72076
71288,72077
71288,72078
71288,72079
71289,72080
71289,72081
71289,72082
71290,72083
71290,72084
71290,72085
71290,72086
71291,72087
71291,72088
71291,72089
71291,72090
71292,72091
71292,72092
71292,72093
71292,72094
71293,72095
71293,72096
71293,72097
71293,72098
71294,72099
71294,72100
71294,72101
71294,72102
71295,72103
71295,72104
71295,72105
71295,72106
71296,72107
71296,72108
71296,72109
71296,72110
71297,72111
71297,72112
71297,72113
71297,72114
71298,72115
71298,72116
71298,72117
71299,72118
71299,72119
71299,72120
71299,72121
71300,72122
71300,72123
71300,72124
71300,72125
71301,72126
71301,72127
71301,72128
71302,72129
71302,72130
71302,72131
71302,72132
71303,72133
71303,72134
71303,72135
71304,72136
71304,72137
71304,72138
71304,72139
71305,72140
71305,72141
71305,72142
71305,72143
71306,72144
71306,72145
71306,72146
71306,72147
71307,72148
71307,72149
71307,72150
71308,72151
71308,72152
71308,72153
71309,72154
71309,72155
71309,72156
71310,72157
71310,72158
71310,72159
71311,72160
71311,72161
71311,72162
71312,72163
71312,72164
71312,72165
71312,72166
71313,72167
71313,72168
71313,72169
71313,72170
71314,72171
71314,72172
71314,72173
71314,72174
71315,72175
71315,72176
71315,72177
71315,72178
71316,72179
71316,72180
71316,72181
71317,72182
71317,72183
71317,72184
71318,72185
71318,72186
71318,72187
71318,72188
71319,72189
71319,72190
71319,72191
71319,72192
71320,72193
71320,72194
71320,72195
71321,72196
71321,72197
71321,72198
71322,72199
71322,72200
71322,72201
71323,72202
71323,72203
71323,72204
71324,72205
71324,72206
71324,72207
71325,72208
71325,72209
71325,72210
71325,72211
71326,72212
71326,72213
71326,72214
71326,72215
71327,72216
71327,72217
71327,72218
71327,72219
71328,72220
71328,72221
71328,72222
71329,72223
71329,72224
71329,72225
71330,72226
71330,72227
71330,72228
71330,72229
71331,72230
71331,72231
71331,72232
71331,72233
71332,72234
71332,72235
71332,72236
71333,72237
71333,72238
71333,72239
71333,72240
71334,72241
71334,72242
71334,72243
71334,72244
71335,72245
71335,72246
71335,72247
71336,72248
71336,72249
71336,72250
71336,72251
71337,72252
71337,72253
71337,72254
71337,72255
71338,72256
71338,72257
71338,72258
71338,72259
71339,72260
71339,72261
71339,72262
71340,72263
71340,72264
71340,72265
71340,72266
71341,72267
71341,72268
71341,72269
71341,72270
71342,72271
71342,72272
71342,72273
71343,72274
71343,72275
71343,72276
71343,72277
71344,72278
71344,72279
71344,72280
71345,72281
71345,72282
71345,72283
71345,72284
71346,72285
71346,72286
71346,72287
71346,72288
71347,72289
71347,72290
71347,72291
71348,72292
71348,72293
71348,72294
71348,72295
71349,72296
71349,72297
71349,72298
71349,72299
71350,72300
71350,72301
71350,72302
71351,72303
71351,72304
71351,72305
71351,72306
71352,72307
71352,72308
71352,72309
71352,72310
71353,72311
71353,72312
71353,72313
71354,72314
71354,72315
71354,72316
71355,72317
71355,72318
71355,72319
71356,72320
71356,72321
71356,72322
71357,72323
71357,72324
71357,72325
71357,72326
71358,72327
71358,72328
71358,72329
71358,72330
71359,72331
71359,72332
71359,72333
71359,72334
71360,72335
71360,72336
71360,72337
71360,72338
71361,72339
71361,72340
71361,72341
71361,72342
71362,72343
71362,72344
71362,72345
71363,72346
71363,72347
71363,72348
71363,72349
71364,72350
71364,72351
71364,72352
71364,72353
71365,72354
71365,72355
71365,72356
71366,72357
71366,72358
71366,72359
71367,72360
71367,72361
71367,72362
71368,72363
71368,72364
71368,72365
71369,72366
71369,72367
71369,72368
71369,72369
71370,72370
71370,72371
71370,72372
71370,72373
71371,72374
71371,72375
71371,72376
71372,72377
71372,72378
71372,72379
71373,72380
71373,72381
71373,72382
71374,72383
71374,72384
71374,72385
71375,72386
71375,72387
71375,72388
71375,72389
71376,72390
71376,72391
71376,72392
71377,72393
71377,72394
71377,72395
71377,72396
71378,72397
71378,72398
71378,72399
71378,72400
71379,72401
71379,72402
71379,72403
71379,72404
71380,72405
71380,72406
71380,72407
71381,72408
71381,72409
71381,72410
71381,72411
71382,72412
71382,72413
71382,72414
71382,72415
71383,72416
71383,72417
71383,72418
71384,72419
71384,72420
71384,72421
71384,72422
71385,72423
71385,72424
71385,72425
71386,72426
71386,72427
71386,72428
71386,72429
71387,72430
71387,72431
71387,72432
71388,72433
71388,72434
71388,72435
71389,72436
71389,72437
71389,72438
71389,72439
71390,72440
71390,72441
71390,72442
71390,72443
71391,72444
71391,72445
71391,72446
71391,72447
71392,72448
71392,72449
71392,72450
71392,72451
71393,72452
71393,72453
71393,72454
71393,72455
71394,72456
71394,72457
71394,72458
71394,72459
71395,72460
71395,72461
71395,72462
71395,72463
71396,72464
71396,72465
71396,72466
71397,72467
71397,72468
71397,72469
71398,72470
71398,72471
71398,72472
71398,72473
71399,72474
71399,72475
71399,72476
71400,72477
71400,72478
71400,72479
71400,72480
71401,72481
71401,72482
71401,72483
71402,72484
71402,72485
71402,72486
71403,72487
71403,72488
71403,72489
71404,72490
71404,72491
71404,72492
71404,72493
71405,72494
71405,72495
71405,72496
71406,72497
71406,72498
71406,72499
71407,72500
71407,72501
71407,72502
71408,72503
71408,72504
71408,72505
71409,72506
71409,72507
71409,72508
71410,72509
71410,72510
71410,72511
71410,72512
71411,72513
71411,72514
71411,72515
71411,72516
71412,72517
71412,72518
71412,72519
71413,72520
71413,72521
71413,72522
71414,72523
71414,72524
71414,72525
71414,72526
71415,72527
71415,72528
71415,72529
71416,72530
71416,72531
71416,72532
71417,72533
71417,72534
71417,72535
71417,72536
71418,72537
71418,72538
71418,72539
71419,72540
71419,72541
71419,72542
71419,72543
71420,72544
71420,72545
71420,72546
71421,72547
71421,72548
71421,72549
71422,72550
71422,72551
71422,72552
71422,72553
71423,72554
71423,72555
71423,72556
71424,72557
71424,72558
71424,72559
71425,72560
71425,72561
71425,72562
71425,72563
71426,72564
71426,72565
71426,72566
71427,72567
71427,72568
71427,72569
71427,72570
71428,72571
71428,72572
71428,72573
71428,72574
71429,72575
71429,72576
71429,72577
71429,72578
71430,72579
71430,72580
71430,72581
71430,72582
71431,72583
71431,72584
71431,72585
71432,72586
71432,72587
71432,72588
71432,72589
71433,72590
71433,72591
71433,72592
71433,72593
71434,72594
71434,72595
71434,72596
71434,72597
71435,72598
71435,72599
71435,72600
71436,72601
71436,72602
71436,72603
71436,72604
71437,72605
71437,72606
71437,72607
71437,72608
71438,72609
71438,72610
71438,72611
71438,72612
71439,72613
71439,72614
71439,72615
71439,72616
71440,72617
71440,72618
71440,72619
71440,72620
71441,72621
71441,72622
71441,72623
71442,72624
71442,72625
71442,72626
71443,72627
71443,72628
71443,72629
71444,72630
71444,72631
71444,72632
71445,72633
71445,72634
71445,72635
71445,72636
71446,72637
71446,72638
71446,72639
71447,72640
71447,72641
71447,72642
71447,72643
71448,72644
71448,72645
71448,72646
71449,72647
71449,72648
71449,72649
71450,72650
71450,72651
71450,72652
71451,72653
71451,72654
71451,72655
71451,72656
71452,72657
71452,72658
71452,72659
71452,72660
71453,72661
71453,72662
71453,72663
71453,72664
71454,72665
71454,72666
71454,72667
71455,72668
71455,72669
71455,72670
71455,72671
71456,72672
71456,72673
71456,72674
71456,72675
71960,72676
71960,72677
71960,72678
71961,72679
71961,72680
71961,72681
71961,72682
71962,72683
71962,72684
71962,72685
71963,72686
71963,72687
71963,72688
71963,72689
71964,72690
71964,72691
71964,72692
71965,72693
71965,72694
71965,72695
71966,72696
71966,72697
71966,72698
71966,72699
71967,72700
71967,72701
71967,72702
71968,72703
71968,72704
71968,72705
71968,72706
71969,72707
71969,72708
71969,72709
71969,72710
71970,72711
71970,72712
71970,72713
71970,72714
71971,72715
71971,72716
71971,72717
71971,72718
71972,72719
71972,72720
71972,72721
71973,72722
71973,72723
71973,72724
71973,72725
71974,72726
71974,72727
71974,72728
71975,72729
71975,72730
71975,72731
71976,72732
71976,72733
71976,72734
71976,72735
71977,72736
71977,72737
71977,72738
71977,72739
71978,72740
71978,72741
71978,72742
71978,72743
71979,72744
71979,72745
71979,72746
71979,72747
71980,72748
71980,72749
71980,72750
71981,72751
71981,72752
71981,72753
71982,72754
71982,72755
71982,72756
71983,72757
71983,72758
71983,72759
71984,72760
71984,72761
71984,72762
71985,72763
71985,72764
71985,72765
71985,72766
71986,72767
71986,72768
71986,72769
71987,72770
71987,72771
71987,72772
71988,72773
71988,72774
71988,72775
71989,72776
71989,72777
71989,72778
71989,72779
71990,72780
71990,72781
71990,72782
71991,72783
71991,72784
71991,72785
71991,72786
71992,72787
71992,72788
71992,72789
71992,72790
71993,72791
71993,72792
71993,72793
71994,72794
71994,72795
71994,72796
71995,72797
71995,72798
71995,72799
71996,72800
71996,72801
71996,72802
71996,72803
71997,72804
71997,72805
71997,72806
71998,72807
71998,72808
71998,72809
71999,72810
71999,72811
71999,72812
71999,72813
72000,72814
72000,72815
72000,72816
72000,72817
72001,72818
72001,72819
72001,72820
72002,72821
72002,72822
72002,72823
72002,72824
72003,72825
72003,72826
72003,72827
72004,72828
72004,72829
72004,72830
72004,72831
72005,72832
72005,72833
72005,72834
72006,72835
72006,72836
72006,72837
72006,72838
72007,72839
72007,72840
72007,72841
72008,72842
72008,72843
72008,72844
72008,72845
72009,72846
72009,72847
72009,72848
72009,72849
72010,72850
72010,72851
72010,72852
72011,72853
72011,72854
72011,72855
72012,72856
72012,72857
72012,72858
72012,72859
72013,72860
72013,72861
72013,72862
72013,72863
72014,72864
72014,72865
72014,72866
72015,72867
72015,72868
72015,72869
72015,72870
72016,72871
72016,72872
72016,72873
72017,72874
72017,72875
72017,72876
72018,72877
72018,72878
72018,72879
72019,72880
72019,72881
72019,72882
72020,72883
72020,72884
72020,72885
72020,72886
72021,72887
72021,72888
72021,72889
72022,72890
72022,72891
72022,72892
72023,72893
72023,72894
72023,72895
72024,72896
72024,72897
72024,72898
72024,72899
72025,72900
72025,72901
72025,72902
72025,72903
72026,72904
72026,72905
72026,72906
72027,72907
72027,72908
72027,72909
72027,72910
72028,72911
72028,72912
72028,72913
72028,72914
72029,72915
72029,72916
72029,72917
72030,72918
72030,72919
72030,72920
72030,72921
72031,72922
72031,72923
72031,72924
72032,72925
72032,72926
72032,72927
72033,72928
72033,72929
72033,72930
72034,72931
72034,72932
72034,72933
72035,72934
72035,72935
72035,72936
72036,72937
72036,72938
72036,72939
72036,72940
72037,72941
72037,72942
72037,72943
72037,72944
72038,72945
72038,72946
72038,72947
72039,72948
72039,72949
72039,72950
72039,72951
72040,72952
72040,72953
72040,72954
72041,72955
72041,72956
72041,72957
72042,72958
72042,72959
72042,72960
72042,72961
72043,72962
72043,72963
72043,72964
72043,72965
72044,72966
72044,72967
72044,72968
72045,72969
72045,72970
72045,72971
72046,72972
72046,72973
72046,72974
72046,72975
72047,72976
72047,72977
72047,72978
72048,72979
72048,72980
72048,72981
72049,72982
72049,72983
72049,72984
72050,72985
72050,72986
72050,72987
72050,72988
72051,72989
72051,72990
72051,72991
72051,72992
72052,72993
72052,72994
72052,72995
72052,72996
72053,72997
72053,72998
72053,72999
72053,73000
72054,73001
72054,73002
72054,73003
72055,73004
72055,73005
72055,73006
72056,73007
72056,73008
72056,73009
72057,73010
72057,73011
72057,73012
72058,73013
72058,73014
72058,73015
72058,73016
72059,73017
72059,73018
72059,73019
72059,73020
72060,73021
72060,73022
72060,73023
72061,73024
72061,73025
72061,73026
72061,73027
72062,73028
72062,73029
72062,73030
72063,73031
72063,73032
72063,73033
72064,73034
72064,73035
72064,73036
72064,73037
72065,73038
72065,73039
72065,73040
72066,73041
72066,73042
72066,73043
72067,73044
72067,73045
72067,73046
72068,73047
72068,73048
72068,73049
72069,73050
72069,73051
72069,73052
72070,73053
72070,73054
72070,73055
72071,73056
72071,73057
72071,73058
72072,73059
72072,73060
72072,73061
72072,73062
72073,73063
72073,73064
72073,73065
72074,73066
72074,73067
72074,73068
72074,73069
72075,73070
72075,73071
72075,73072
72075,73073
72076,73074
72076,73075
72076,73076
72076,73077
72077,73078
72077,73079
72077,73080
72077,73081
72078,73082
72078,73083
72078,73084
72078,73085
72079,73086
72079,73087
72079,73088
72079,73089
72080,73090
72080,73091
72080,73092
72080,73093
72081,73094
72081,73095
72081,73096
72082,73097
72082,73098
72082,73099
72082,73100
72083,73101
72083,73102
72083,73103
72083,73104
72084,73105
72084,73106
72084,73107
72085,73108
72085,73109
72085,73110
72086,73111
72086,73112
72086,73113
72087,73114
72087,73115
72087,73116
72088,73117
72088,73118
72088,73119
72089,73120
72089,73121
72089,73122
72089,73123
72090,73124
72090,73125
72090,73126
72091,73127
72091,73128
72091,73129
72092,73130
72092,73131
72092,73132
72093,73133
72093,73134
72093,73135
72094,73136
72094,73137
72094,73138
72095,73139
72095,73140
72095,73141
72096,73142
72096,73143
72096,73144
72096,73145
72097,73146
72097,73147
72097,73148
72098,73149
72098,73150
72098,73151
72099,73152
72099,73153
72099,73154
72099,73155
72100,73156
72100,73157
72100,73158
72100,73159
72101,73160
72101,73161
72101,73162
72101,73163
72102,73164
72102,73165
72102,73166
72102,73167
72103,73168
72103,73169
72103,73170
72104,73171
72104,73172
72104,73173
72105,73174
72105,73175
72105,73176
72106,73177
72106,73178
72106,73179
72107,73180
72107,73181
72107,73182
72107,73183
72108,73184
72108,73185
72108,73186
72109,73187
72109,73188
72109,73189
72109,73190
72110,73191
72110,73192
72110,73193
72111,73194
72111,73195
72111,73196
72111,73197
72112,73198
72112,73199
72112,73200
72113,73201
72113,73202
72113,73203
72114,73204
72114,73205
72114,73206
72115,73207
72115,73208
72115,73209
72116,73210
72116,73211
72116,73212
72117,73213
72117,73214
72117,73215
72118,73216
72118,73217
72118,73218
72118,73219
72119,73220
72119,73221
72119,73222
72120,73223
72120,73224
72120,73225
72120,73226
72121,73227
72121,73228
72121,73229
72122,73230
72122,73231
72122,73232
72123,73233
72123,73234
72123,73235
72123,73236
72124,73237
72124,73238
72124,73239
72124,73240
72125,73241
72125,73242
72125,73243
72126,73244
72126,73245
72126,73246
72127,73247
72127,73248
72127,73249
72127,73250
72128,73251
72128,73252
72128,73253
72128,73254
72129,73255
72129,73256
72129,73257
72130,73258
72130,73259
72130,73260
72130,73261
72131,73262
72131,73263
72131,73264
72132,73265
72132,73266
72132,73267
72133,73268
72133,73269
72133,73270
72134,73271
72134,73272
72134,73273
72135,73274
72135,73275
72135,73276
72135,73277
72136,73278
72136,73279
72136,73280
72136,73281
72137,73282
72137,73283
72137,73284
72137,73285
72138,73286
72138,73287
72138,73288
72138,73289
72139,73290
72139,73291
72139,73292
72139,73293
72140,73294
72140,73295
72140,73296
72141,73297
72141,73298
72141,73299
72141,73300
72142,73301
72142,73302
72142,73303
72142,73304
72143,73305
72143,73306
72143,73307
72143,73308
72144,73309
72144,73310
72144,73311
72145,73312
72145,73313
72145,73314
72145,73315
72146,73316
72146,73317
72146,73318
72146,73319
72147,73320
72147,73321
72147,73322
72147,73323
72148,73324
72148,73325
72148,73326
72149,73327
72149,73328
72149,73329
72150,73330
72150,73331
72150,73332
72150,73333
72151,73334
72151,73335
72151,73336
72151,73337
72152,73338
72152,73339
72152,73340
72152,73341
72153,73342
72153,73343
72153,73344
72154,73345
72154,73346
72154,73347
72155,73348
72155,73349
72155,73350
72156,73351
72156,73352
72156,73353
72157,73354
72157,73355
72157,73356
72158,73357
72158,73358
72158,73359
72158,73360
72159,73361
72159,73362
72159,73363
72159,73364
72160,73365
72160,73366
72160,73367
72160,73368
72676,73369
72676,73370
72676,73371
72677,73372
72677,73373
72677,73374
72678,73375
72678,73376
72678,73377
72679,73378
72679,73379
72679,73380
72680,73381
72680,73382
72680,73383
72680,73384
72681,73385
72681,73386
72681,73387
72681,73388
72682,73389
72682,73390
72682,73391
72683,73392
72683,73393
72683,73394
72683,73395
72684,73396
72684,73397
72684,73398
72685,73399
72685,73400
72685,73401
72686,73402
72686,73403
72686,73404
72686,73405
72687,73406
72687,73407
72687,73408
72687,73409
72688,73410
72688,73411
72688,73412
72689,73413
72689,73414
72689,73415
72690,73416
72690,73417
72690,73418
72691,73419
72691,73420
72691,73421
72692,73422
72692,73423
72692,73424
72692,73425
72693,73426
72693,73427
72693,73428
72694,73429
72694,73430
72694,73431
72694,73432
72695,73433
72695,73434
72695,73435
72695,73436
72696,73437
72696,73438
72696,73439
72696,73440
72697,73441
72697,73442
72697,73443
72698,73444
72698,73445
72698,73446
72699,73447
72699,73448
72699,73449
72700,73450
72700,73451
72700,73452
72700,73453
72701,73454
72701,73455
72701,73456
72701,73457
72702,73458
72702,73459
72702,73460
72702,73461
72703,73462
72703,73463
72703,73464
72704,73465
72704,73466
72704,73467
72704,73468
72705,73469
72705,73470
72705,73471
72705,73472
72706,73473
72706,73474
72706,73475
72707,73476
72707,73477
72707,73478
72708,73479
72708,73480
72708,73481
72709,73482
72709,73483
72709,73484
72709,73485
72710,73486
72710,73487
72710,73488
72711,73489
72711,73490
72711,73491
72712,73492
72712,73493
72712,73494
72712,73495
72713,73496
72713,73497
72713,73498
72714,73499
72714,73500
72714,73501
72714,73502
72715,73503
72715,73504
72715,73505
72715,73506
72716,73507
72716,73508
72716,73509
72716,73510
72717,73511
72717,73512
72717,73513
72717,73514
72718,73515
72718,73516
72718,73517
72718,73518
72719,73519
72719,73520
72719,73521
72720,73522
72720,73523
72720,73524
72721,73525
72721,73526
72721,73527
72721,73528
72722,73529
72722,73530
72722,73531
72723,73532
72723,73533
72723,73534
72723,73535
72724,73536
72724,73537
72724,73538
72724,73539
72725,73540
72725,73541
72725,73542
72726,73543
72726,73544
72726,73545
72726,73546
72727,73547
72727,73548
72727,73549
72727,73550
72728,73551
72728,73552
72728,73553
72728,73554
72729,73555
72729,73556
72729,73557
72729,73558
72730,73559
72730,73560
72730,73561
72730,73562
72731,73563
72731,73564
72731,73565
72732,73566
72732,73567
72732,73568
72732,73569
72733,73570
72733,73571
72733,73572
72734,73573
72734,73574
72734,73575
72735,73576
72735,73577
72735,73578
72735,73579
72736,73580
72736,73581
72736,73582
72736,73583
72737,73584
72737,73585
72737,73586
72737,73587
72738,73588
72738,73589
72738,73590
72739,73591
72739,73592
72739,73593
72739,73594
72740,73595
72740,73596
72740,73597
72741,73598
72741,73599
72741,73600
72742,73601
72742,73602
72742,73603
72743,73604
72743,73605
72743,73606
72744,73607
72744,73608
72744,73609
72745,73610
72745,73611
72745,73612
72745,73613
72746,73614
72746,73615
72746,73616
72747,73617
72747,73618
72747,73619
72748,73620
72748,73621
72748,73622
72748,73623
72749,73624
72749,73625
72749,73626
72750,73627
72750,73628
72750,73629
72750,73630
72751,73631
72751,73632
72751,73633
72751,73634
72752,73635
72752,73636
72752,73637
72752,73638
72753,73639
72753,73640
72753,73641
72753,73642
72754,73643
72754,73644
72754,73645
72754,73646
72755,73647
72755,73648
72755,73649
72756,73650
72756,73651
72756,73652
72757,73653
72757,73654
72757,73655
72757,73656
72758,73657
72758,73658
72758,73659
72758,73660
72759,73661
72759,73662
72759,73663
72760,73664
72760,73665
72760,73666
72760,73667
72761,73668
72761,73669
72761,73670
72762,73671
72762,73672
72762,73673
72762,73674
72763,73675
72763,73676
72763,73677
72763,73678
72764,73679
72764,73680
72764,73681
72764,73682
72765,73683
72765,73684
72765,73685
72765,73686
72766,73687
72766,73688
72766,73689
72767,73690
72767,73691
72767,73692
72768,73693
72768,73694
72768,73695
72769,73696
72769,73697
72769,73698
72770,73699
72770,73700
72770,73701
72770,73702
72771,73703
72771,73704
72771,73705
72771,73706
72772,73707
72772,73708
72772,73709
72772,73710
72773,73711
72773,73712
72773,73713
72773,73714
72774,73715
72774,73716
72774,73717
72774,73718
72775,73719
72775,73720
72775,73721
72776,73722
72776,73723
72776,73724
72776,73725
72777,73726
72777,73727
72777,73728
72777,73729
72778,73730
72778,73731
72778,73732
72779,73733
72779,73734
72779,73735
72780,73736
72780,73737
72780,73738
72781,73739
72781,73740
72781,73741
72781,73742
72782,73743
72782,73744
72782,73745
72782,73746
72783,73747
72783,73748
72783,73749
72784,73750
72784,73751
72784,73752
72785,73753
72785,73754
72785,73755
72786,73756
72786,73757
72786,73758
72786,73759
72787,73760
72787,73761
72787,73762
72788,73763
72788,73764
72788,73765
72788,73766
72789,73767
72789,73768
72789,73769
72789,73770
72790,73771
72790,73772
72790,73773
72791,73774
72791,73775
72791,73776
72791,73777
72792,73778
72792,73779
72792,73780
72792,73781
72793,73782
72793,73783
72793,73784
72793,73785
72794,73786
72794,73787
72794,73788
72795,73789
72795,73790
72795,73791
72796,73792
72796,73793
72796,73794
72796,73795
72797,73796
72797,73797
72797,73798
72798,73799
72798,73800
72798,73801
72799,73802
72799,73803
72799,73804
72799,73805
72800,73806
72800,73807
72800,73808
72801,73809
72801,73810
72801,73811
72801,73812
72802,73813
72802,73814
72802,73815
72803,73816
72803,73817
72803,73818
72803,73819
72804,73820
72804,73821
72804,73822
72804,73823
72805,73824
72805,73825
72805,73826
72805,73827
72806,73828
72806,73829
72806,73830
72807,73831
72807,73832
72807,73833
72808,73834
72808,73835
72808,73836
72809,73837
72809,73838
72809,73839
72809,73840
72810,73841
72810,73842
72810,73843
72810,73844
72811,73845
72811,73846
72811,73847
72812,73848
72812,73849
72812,73850
72813,73851
72813,73852
72813,73853
72813,73854
72814,73855
72814,73856
72814,73857
72814,73858
72815,73859
72815,73860
72815,73861
72815,73862
72816,73863
72816,73864
72816,73865
72816,73866
72817,73867
72817,73868
72817,73869
72817,73870
72818,73871
72818,73872
72818,73873
72818,73874
72819,73875
72819,73876
72819,73877
72819,73878
72820,73879
72820,73880
72820,73881
72820,73882
72821,73883
72821,73884
72821,73885
72821,73886
72822,73887
72822,73888
72822,73889
72823,73890
72823,73891
72823,73892
72823,73893
72824,73894
72824,73895
72824,73896
72824,73897
72825,73898
72825,73899
72825,73900
72826,73901
72826,73902
72826,73903
72827,73904
72827,73905
72827,73906
72828,73907
72828,73908
72828,73909
72829,73910
72829,73911
72829,73912
72830,73913
72830,73914
72830,73915
72830,73916
72831,73917
72831,73918
72831,73919
72832,73920
72832,73921
72832,73922
72832,73923
72833,73924
72833,73925
72833,73926
72833,73927
72834,73928
72834,73929
72834,73930
72834,73931
72835,73932
72835,73933
72835,73934
72836,73935
72836,73936
72836,73937
72836,73938
72837,73939
72837,73940
72837,73941
72837,73942
72838,73943
72838,73944
72838,73945
72839,73946
72839,73947
72839,73948
72840,73949
72840,73950
72840,73951
72841,73952
72841,73953
72841,73954
72842,73955
72842,73956
72842,73957
72842,73958
72843,73959
72843,73960
72843,73961
72844,73962
72844,73963
72844,73964
72845,73965
72845,73966
72845,73967
72846,73968
72846,73969
72846,73970
72846,73971
72847,73972
72847,73973
72847,73974
72847,73975
72848,73976
72848,73977
72848,73978
72849,73979
72849,73980
72849,73981
72849,73982
72850,73983
72850,73984
72850,73985
72850,73986
72851,73987
72851,73988
72851,73989
72851,73990
72852,73991
72852,73992
72852,73993
72853,73994
72853,73995
72853,73996
72853,73997
72854,73998
72854,73999
72854,74000
72854,74001
72855,74002
72855,74003
72855,74004
72855,74005
72856,74006
72856,74007
72856,74008
72857,74009
72857,74010
72857,74011
72857,74012
72858,74013
72858,74014
72858,74015
72859,74016
72859,74017
72859,74018
72860,74019
72860,74020
72860,74021
72861,74022
72861,74023
72861,74024
72862,74025
72862,74026
72862,74027
72862,74028
72863,74029
72863,74030
72863,74031
72863,74032
72864,74033
72864,74034
72864,74035
72865,74036
72865,74037
72865,74038
72865,74039
72866,74040
72866,74041
72866,74042
72867,74043
72867,74044
72867,74045
72867,74046
72868,74047
72868,74048
72868,74049
72868,74050
72869,74051
72869,74052
72869,74053
72869,74054
72870,74055
72870,74056
72870,74057
72870,74058
72871,74059
72871,74060
72871,74061
72871,74062
72872,74063
72872,74064
72872,74065
72872,74066
72873,74067
72873,74068
72873,74069
72874,74070
72874,74071
72874,74072
72874,74073
72875,74074
72875,74075
72875,74076
72875,74077
72876,74078
72876,74079
72876,74080
72876,74081
73369,74082
73369,74083
73369,74084
73369,74085
73370,74086
73370,74087
73370,74088
73370,74089
73371,74090
73371,74091
73371,74092
73372,74093
73372,74094
73372,74095
73373,74096
73373,74097
73373,74098
73373,74099
73374,74100
73374,74101
73374,74102
73375,74103
73375,74104
73375,74105
73376,74106
73376,74107
73376,74108
73377,74109
73377,74110
73377,74111
73378,74112
73378,74113
73378,74114
73379,74115
73379,74116
73379,74117
73379,74118
73380,74119
73380,74120
73380,74121
73380,74122
73381,74123
73381,74124
73381,74125
73382,74126
73382,74127
73382,74128
73382,74129
73383,74130
73383,74131
73383,74132
73384,74133
73384,74134
73384,74135
73385,74136
73385,74137
73385,74138
73385,74139
73386,74140
73386,74141
73386,74142
73387,74143
73387,74144
73387,74145
73388,74146
73388,74147
73388,74148
73388,74149
73389,74150
73389,74151
73389,74152
73390,74153
73390,74154
73390,74155
73390,74156
73391,74157
73391,74158
73391,74159
73391,74160
73392,74161
73392,74162
73392,74163
73392,74164
73393,74165
73393,74166
73393,74167
73393,74168
73394,74169
73394,74170
73394,74171
73394,74172
73395,74173
73395,74174
73395,74175
73396,74176
73396,74177
73396,74178
73396,74179
73397,74180
73397,74181
73397,74182
73398,74183
73398,74184
73398,74185
73399,74186
73399,74187
73399,74188
73399,74189
73400,74190
73400,74191
73400,74192
73401,74193
73401,74194
73401,74195
73402,74196
73402,74197
73402,74198
73403,74199
73403,74200
73403,74201
73404,74202
73404,74203
73404,74204
73404,74205
73405,74206
73405,74207
73405,74208
73405,74209
73406,74210
73406,74211
73406,74212
73406,74213
73407,74214
73407,74215
73407,74216
73407,74217
73408,74218
73408,74219
73408,74220
73409,74221
73409,74222
73409,74223
73410,74224
73410,74225
73410,74226
73410,74227
73411,74228
73411,74229
73411,74230
73412,74231
73412,74232
73412,74233
73412,74234
73413,74235
73413,74236
73413,74237
73414,74238
73414,74239
73414,74240
73414,74241
73415,74242
73415,74243
73415,74244
73416,74245
73416,74246
73416,74247
73417,74248
73417,74249
73417,74250
73417,74251
73418,74252
73418,74253
73418,74254
73418,74255
73419,74256
73419,74257
73419,74258
73419,74259
73420,74260
73420,74261
73420,74262
73420,74263
73421,74264
73421,74265
73421,74266
73421,74267
73422,74268
73422,74269
73422,74270
73423,74271
73423,74272
73423,74273
73423,74274
73424,74275
73424,74276
73424,74277
73425,74278
73425,74279
73425,74280
73425,74281
73426,74282
73426,74283
73426,74284
73427,74285
73427,74286
73427,74287
73427,74288
73428,74289
73428,74290
73428,74291
73428,74292
73429,74293
73429,74294
73429,74295
73429,74296
73430,74297
73430,74298
73430,74299
73430,74300
73431,74301
73431,74302
73431,74303
73431,74304
73432,74305
73432,74306
73432,74307
73433,74308
73433,74309
73433,74310
73433,74311
73434,74312
73434,74313
73434,74314
73435,74315
73435,74316
73435,74317
73435,74318
73436,74319
73436,74320
73436,74321
73437,74322
73437,74323
73437,74324
73437,74325
73438,74326
73438,74327
73438,74328
73439,74329
73439,74330
73439,74331
73439,74332
73440,74333
73440,74334
73440,74335
73441,74336
73441,74337
73441,74338
73442,74339
73442,74340
73442,74341
73442,74342
73443,74343
73443,74344
73443,74345
73444,74346
73444,74347
73444,74348
73445,74349
73445,74350
73445,74351
73446,74352
73446,74353
73446,74354
73446,74355
73447,74356
73447,74357
73447,74358
73447,74359
73448,74360
73448,74361
73448,74362
73449,74363
73449,74364
73449,74365
73450,74366
73450,74367
73450,74368
73451,74369
73451,74370
73451,74371
73451,74372
73452,74373
73452,74374
73452,74375
73453,74376
73453,74377
73453,74378
73454,74379
73454,74380
73454,74381
73454,74382
73455,74383
73455,74384
73455,74385
73456,74386
73456,74387
73456,74388
73457,74389
73457,74390
73457,74391
73457,74392
73458,74393
73458,74394
73458,74395
73459,74396
73459,74397
73459,74398
73459,74399
73460,74400
73460,74401
73460,74402
73460,74403
73461,74404
73461,74405
73461,74406
73462,74407
73462,74408
73462,74409
73462,74410
73463,74411
73463,74412
73463,74413
73463,74414
73464,74415
73464,74416
73464,74417
73464,74418
73465,74419
73465,74420
73465,74421
73465,74422
73466,74423
73466,74424
73466,74425
73467,74426
73467,74427
73467,74428
73467,74429
73468,74430
73468,74431
73468,74432
73469,74433
73469,74434
73469,74435
73469,74436
73470,74437
73470,74438
73470,74439
73470,74440
73471,74441
73471,74442
73471,74443
73472,74444
73472,74445
73472,74446
73473,74447
73473,74448
73473,74449
73473,74450
73474,74451
73474,74452
73474,74453
73474,74454
73475,74455
73475,74456
73475,74457
73475,74458
73476,74459
73476,74460
73476,74461
73476,74462
73477,74463
73477,74464
73477,74465
73477,74466
73478,74467
73478,74468
73478,74469
73478,74470
73479,74471
73479,74472
73479,74473
73480,74474
73480,74475
73480,74476
73481,74477
73481,74478
73481,74479
73481,74480
73482,74481
73482,74482
73482,74483
73483,74484
73483,74485
73483,74486
73483,74487
73484,74488
73484,74489
73484,74490
73484,74491
73485,74492
73485,74493
73485,74494
73485,74495
73486,74496
73486,74497
73486,74498
73487,74499
73487,74500
73487,74501
73487,74502
73488,74503
73488,74504
73488,74505
73488,74506
73489,74507
73489,74508
73489,74509
73489,74510
73490,74511
73490,74512
73490,74513
73490,74514
73491,74515
73491,74516
73491,74517
73491,74518
73492,74519
73492,74520
73492,74521
73493,74522
73493,74523
73493,74524
73493,74525
73494,74526
73494,74527
73494,74528
73494,74529
73495,74530
73495,74531
73495,74532
73496,74533
73496,74534
73496,74535
73496,74536
73497,74537
73497,74538
73497,74539
73497,74540
73498,74541
73498,74542
73498,74543
73498,74544
73499,74545
73499,74546
73499,74547
73500,74548
73500,74549
73500,74550
73501,74551
73501,74552
73501,74553
73501,74554
73502,74555
73502,74556
73502,74557
73502,74558
73503,74559
73503,74560
73503,74561
73503,74562
73504,74563
73504,74564
73504,74565
73504,74566
73505,74567
73505,74568
73505,74569
73505,74570
73506,74571
73506,74572
73506,74573
73507,74574
73507,74575
73507,74576
73508,74577
73508,74578
73508,74579
73508,74580
73509,74581
73509,74582
73509,74583
73509,74584
73510,74585
73510,74586
73510,74587
73511,74588
73511,74589
73511,74590
73512,74591
73512,74592
73512,74593
73513,74594
73513,74595
73513,74596
73514,74597
73514,74598
73514,74599
73515,74600
73515,74601
73515,74602
73516,74603
73516,74604
73516,74605
73517,74606
73517,74607
73517,74608
73518,74609
73518,74610
73518,74611
73518,74612
73519,74613
73519,74614
73519,74615
73519,74616
73520,74617
73520,74618
73520,74619
73521,74620
73521,74621
73521,74622
73522,74623
73522,74624
73522,74625
73523,74626
73523,74627
73523,74628
73523,74629
73524,74630
73524,74631
73524,74632
73525,74633
73525,74634
73525,74635
73526,74636
73526,74637
73526,74638
73526,74639
73527,74640
73527,74641
73527,74642
73527,74643
73528,74644
73528,74645
73528,74646
73529,74647
73529,74648
73529,74649
73529,74650
73530,74651
73530,74652
73530,74653
73530,74654
73531,74655
73531,74656
73531,74657
73531,74658
73532,74659
73532,74660
73532,74661
73532,74662
73533,74663
73533,74664
73533,74665
73533,74666
73534,74667
73534,74668
73534,74669
73534,74670
73535,74671
73535,74672
73535,74673
73536,74674
73536,74675
73536,74676
73537,74677
73537,74678
73537,74679
73538,74680
73538,74681
73538,74682
73539,74683
73539,74684
73539,74685
73539,74686
73540,74687
73540,74688
73540,74689
73541,74690
73541,74691
73541,74692
73541,74693
73542,74694
73542,74695
73542,74696
73542,74697
73543,74698
73543,74699
73543,74700
73543,74701
73544,74702
73544,74703
73544,74704
73544,74705
73545,74706
73545,74707
73545,74708
73546,74709
73546,74710
73546,74711
73546,74712
73547,74713
73547,74714
73547,74715
73548,74716
73548,74717
73548,74718
73549,74719
73549,74720
73549,74721
73550,74722
73550,74723
73550,74724
73551,74725
73551,74726
73551,74727
73552,74728
73552,74729
73552,74730
73552,74731
73553,74732
73553,74733
73553,74734
73553,74735
73554,74736
73554,74737
73554,74738
73555,74739
73555,74740
73555,74741
73556,74742
73556,74743
73556,74744
73556,74745
73557,74746
73557,74747
73557,74748
73557,74749
73558,74750
73558,74751
73558,74752
73558,74753
73559,74754
73559,74755
73559,74756
73559,74757
73560,74758
73560,74759
73560,74760
73561,74761
73561,74762
73561,74763
73562,74764
73562,74765
73562,74766
73562,74767
73563,74768
73563,74769
73563,74770
73563,74771
73564,74772
73564,74773
73564,74774
73564,74775
73565,74776
73565,74777
73565,74778
73565,74779
73566,74780
73566,74781
73566,74782
73566,74783
73567,74784
73567,74785
73567,74786
73568,74787
73568,74788
73568,74789
73568,74790
73569,74791
73569,74792
73569,74793
74082,74794
74082,74795
74082,74796
74082,74797
74083,74798
74083,74799
74083,74800
74083,74801
74084,74802
74084,74803
74084,74804
74084,74805
74085,74806
74085,74807
74085,74808
74085,74809
74086,74810
74086,74811
74086,74812
74087,74813
74087,74814
74087,74815
74088,74816
74088,74817
74088,74818
74088,74819
74089,74820
74089,74821
74089,74822
74090,74823
74090,74824
74090,74825
74091,74826
74091,74827
74091,74828
74091,74829
74092,74830
74092,74831
74092,74832
74093,74833
74093,74834
74093,74835
74093,74836
74094,74837
74094,74838
74094,74839
74094,74840
74095,74841
74095,74842
74095,74843
74096,74844
74096,74845
74096,74846
74097,74847
74097,74848
74097,74849
74097,74850
74098,74851
74098,74852
74098,74853
74099,74854
74099,74855
74099,74856
74099,74857
74100,74858
74100,74859
74100,74860
74100,74861
74101,74862
74101,74863
74101,74864
74101,74865
74102,74866
74102,74867
74102,74868
74102,74869
74103,74870
74103,74871
74103,74872
74103,74873
74104,74874
74104,74875
74104,74876
74104,74877
74105,74878
74105,74879
74105,74880
74105,74881
74106,74882
74106,74883
74106,74884
74107,74885
74107,74886
74107,74887
74108,74888
74108,74889
74108,74890
74108,74891
74109,74892
74109,74893
74109,74894
74110,74895
74110,74896
74110,74897
74110,74898
74111,74899
74111,74900
74111,74901
74111,74902
74112,74903
74112,74904
74112,74905
74113,74906
74113,74907
74113,74908
74114,74909
74114,74910
74114,74911
74115,74912
74115,74913
74115,74914
74115,74915
74116,74916
74116,74917
74116,74918
74116,74919
74117,74920
74117,74921
74117,74922
74118,74923
74118,74924
74118,74925
74119,74926
74119,74927
74119,74928
74119,74929
74120,74930
74120,74931
74120,74932
74120,74933
74121,74934
74121,74935
74121,74936
74121,74937
74122,74938
74122,74939
74122,74940
74122,74941
74123,74942
74123,74943
74123,74944
74123,74945
74124,74946
74124,74947
74124,74948
74125,74949
74125,74950
74125,74951
74126,74952
74126,74953
74126,74954
74127,74955
74127,74956
74127,74957
74128,74958
74128,74959
74128,74960
74129,74961
74129,74962
74129,74963
74130,74964
74130,74965
74130,74966
74130,74967
74131,74968
74131,74969
74131,74970
74131,74971
74132,74972
74132,74973
74132,74974
74132,74975
74133,74976
74133,74977
74133,74978
74133,74979
74134,74980
74134,74981
74134,74982
74134,74983
74135,74984
74135,74985
74135,74986
74136,74987
74136,74988
74136,74989
74137,74990
74137,74991
74137,74992
74138,74993
74138,74994
74138,74995
74139,74996
74139,74997
74139,74998
74140,74999
74140,75000
74140,75001
74140,75002
74141,75003
74141,75004
74141,75005
74141,75006
74142,75007
74142,75008
74142,75009
74143,75010
74143,75011
74143,75012
74143,75013
74144,75014
74144,75015
74144,75016
74144,75017
74145,75018
74145,75019
74145,75020
74146,75021
74146,75022
74146,75023
74146,75024
74147,75025
74147,75026
74147,75027
74148,75028
74148,75029
74148,75030
74149,75031
74149,75032
74149,75033
74149,75034
74150,75035
74150,75036
74150,75037
74151,75038
74151,75039
74151,75040
74151,75041
74152,75042
74152,75043
74152,75044
74153,75045
74153,75046
74153,75047
74154,75048
74154,75049
74154,75050
74155,75051
74155,75052
74155,75053
74156,75054
74156,75055
74156,75056
74157,75057
74157,75058
74157,75059
74158,75060
74158,75061
74158,75062
74158,75063
74159,75064
74159,75065
74159,75066
74159,75067
74160,75068
74160,75069
74160,75070
74160,75071
74161,75072
74161,75073
74161,75074
74162,75075
74162,75076
74162,75077
74162,75078
74163,75079
74163,75080
74163,75081
74163,75082
74164,75083
74164,75084
74164,75085
74164,75086
74165,75087
74165,75088
74165,75089
74166,75090
74166,75091
74166,75092
74167,75093
74167,75094
74167,75095
74168,75096
74168,75097
74168,75098
74168,75099
74169,75100
74169,75101
74169,75102
74170,75103
74170,75104
74170,75105
74171,75106
74171,75107
74171,75108
74172,75109
74172,75110
74172,75111
74172,75112
74173,75113
74173,75114
74173,75115
74173,75116
74174,75117
74174,75118
74174,75119
74175,75120
74175,75121
74175,75122
74175,75123
74176,75124
74176,75125
74176,75126
74177,75127
74177,75128
74177,75129
74177,75130
74178,75131
74178,75132
74178,75133
74178,75134
74179,75135
74179,75136
74179,75137
74180,75138
74180,75139
74180,75140
74181,75141
74181,75142
74181,75143
74182,75144
74182,75145
74182,75146
74182,75147
74183,75148
74183,75149
74183,75150
74184,75151
74184,75152
74184,75153
74185,75154
74185,75155
74185,75156
74185,75157
74186,75158
74186,75159
74186,75160
74186,75161
74187,75162
74187,75163
74187,75164
74187,75165
74188,75166
74188,75167
74188,75168
74189,75169
74189,75170
74189,75171
74189,75172
74190,75173
74190,75174
74190,75175
74190,75176
74191,75177
74191,75178
74191,75179
74191,75180
74192,75181
74192,75182
74192,75183
74192,75184
74193,75185
74193,75186
74193,75187
74193,75188
74194,75189
74194,75190
74194,75191
74195,75192
74195,75193
74195,75194
74195,75195
74196,75196
74196,75197
74196,75198
74196,75199
74197,75200
74197,75201
74197,75202
74198,75203
74198,75204
74198,75205
74198,75206
74199,75207
74199,75208
74199,75209
74200,75210
74200,75211
74200,75212
74201,75213
74201,75214
74201,75215
74202,75216
74202,75217
74202,75218
74203,75219
74203,75220
74203,75221
74203,75222
74204,75223
74204,75224
74204,75225
74205,75226
74205,75227
74205,75228
74205,75229
74206,75230
74206,75231
74206,75232
74206,75233
74207,75234
74207,75235
74207,75236
74207,75237
74208,75238
74208,75239
74208,75240
74209,75241
74209,75242
74209,75243
74209,75244
74210,75245
74210,75246
74210,75247
74211,75248
74211,75249
74211,75250
74211,75251
74212,75252
74212,75253
74212,75254
74212,75255
74213,75256
74213,75257
74213,75258
74214,75259
74214,75260
74214,75261
74215,75262
74215,75263
74215,75264
74216,75265
74216,75266
74216,75267
74216,75268
74217,75269
74217,75270
74217,75271
74218,75272
74218,75273
74218,75274
74219,75275
74219,75276
74219,75277
74220,75278
74220,75279
74220,75280
74220,75281
74221,75282
74221,75283
74221,75284
74222,75285
74222,75286
74222,75287
74222,75288
74223,75289
74223,75290
74223,75291
74224,75292
74224,75293
74224,75294
74224,75295
74225,75296
74225,75297
74225,75298
74225,75299
74226,75300
74226,75301
74226,75302
74226,75303
74227,75304
74227,75305
74227,75306
74228,75307
74228,75308
74228,75309
74228,75310
74229,75311
74229,75312
74229,75313
74230,75314
74230,75315
74230,75316
74230,75317
74231,75318
74231,75319
74231,75320
74232,75321
74232,75322
74232,75323
74232,75324
74233,75325
74233,75326
74233,75327
74234,75328
74234,75329
74234,75330
74234,75331
74235,75332
74235,75333
74235,75334
74236,75335
74236,75336
74236,75337
74236,75338
74237,75339
74237,75340
74237,75341
74238,75342
74238,75343
74238,75344
74239,75345
74239,75346
74239,75347
74239,75348
74240,75349
74240,75350
74240,75351
74240,75352
74241,75353
74241,75354
74241,75355
74241,75356
74242,75357
74242,75358
74242,75359
74242,75360
74243,75361
74243,75362
74243,75363
74244,75364
74244,75365
74244,75366
74245,75367
74245,75368
74245,75369
74245,75370
74246,75371
74246,75372
74246,75373
74247,75374
74247,75375
74247,75376
74248,75377
74248,75378
74248,75379
74248,75380
74249,75381
74249,75382
74249,75383
74249,75384
74250,75385
74250,75386
74250,75387
74250,75388
74251,75389
74251,75390
74251,75391
74252,75392
74252,75393
74252,75394
74252,75395
74253,75396
74253,75397
74253,75398
74253,75399
74254,75400
74254,75401
74254,75402
74255,75403
74255,75404
74255,75405
74256,75406
74256,75407
74256,75408
74256,75409
74257,75410
74257,75411
74257,75412
74257,75413
74258,75414
74258,75415
74258,75416
74258,75417
74259,75418
74259,75419
74259,75420
74260,75421
74260,75422
74260,75423
74261,75424
74261,75425
74261,75426
74262,75427
74262,75428
74262,75429
74263,75430
74263,75431
74263,75432
74263,75433
74264,75434
74264,75435
74264,75436
74265,75437
74265,75438
74265,75439
74266,75440
74266,75441
74266,75442
74266,75443
74267,75444
74267,75445
74267,75446
74267,75447
74268,75448
74268,75449
74268,75450
74269,75451
74269,75452
74269,75453
74269,75454
74270,75455
74270,75456
74270,75457
74270,75458
74271,75459
74271,75460
74271,75461
74271,75462
74272,75463
74272,75464
74272,75465
74273,75466
74273,75467
74273,75468
74274,75469
74274,75470
74274,75471
74275,75472
74275,75473
74275,75474
74276,75475
74276,75476
74276,75477
74277,75478
74277,75479
74277,75480
74278,75481
74278,75482
74278,75483
74278,75484
74279,75485
74279,75486
74279,75487
74279,75488
74280,75489
74280,75490
74280,75491
74280,75492
74281,75493
74281,75494
74281,75495
74282,75496
74282,75497
74282,75498
74794,75499
74794,75500
74794,75501
74795,75502
74795,75503
74795,75504
74795,75505
74796,75506
74796,75507
74796,75508
74796,75509
74797,75510
74797,75511
74797,75512
74798,75513
74798,75514
74798,75515
74798,75516
74799,75517
74799,75518
74799,75519
74800,75520
74800,75521
74800,75522
74800,75523
74801,75524
74801,75525
74801,75526
74802,75527
74802,75528
74802,75529
74802,75530
74803,75531
74803,75532
74803,75533
74803,75534
74804,75535
74804,75536
74804,75537
74805,75538
74805,75539
74805,75540
74805,75541
74806,75542
74806,75543
74806,75544
74807,75545
74807,75546
74807,75547
74807,75548
74808,75549
74808,75550
74808,75551
74808,75552
74809,75553
74809,75554
74809,75555
74810,75556
74810,75557
74810,75558
74811,75559
74811,75560
74811,75561
74811,75562
74812,75563
74812,75564
74812,75565
74812,75566
74813,75567
74813,75568
74813,75569
74813,75570
74814,75571
74814,75572
74814,75573
74814,75574
74815,75575
74815,75576
74815,75577
74815,75578
74816,75579
74816,75580
74816,75581
74816,75582
74817,75583
74817,75584
74817,75585
74818,75586
74818,75587
74818,75588
74819,75589
74819,75590
74819,75591
74819,75592
74820,75593
74820,75594
74820,75595
74820,75596
74821,75597
74821,75598
74821,75599
74822,75600
74822,75601
74822,75602
74822,75603
74823,75604
74823,75605
74823,75606
74823,75607
74824,75608
74824,75609
74824,75610
74825,75611
74825,75612
74825,75613
74825,75614
74826,75615
74826,75616
74826,75617
74826,75618
74827,75619
74827,75620
74827,75621
74828,75622
74828,75623
74828,75624
74829,75625
74829,75626
74829,75627
74829,75628
74830,75629
74830,75630
74830,75631
74831,75632
74831,75633
74831,75634
74831,75635
74832,75636
74832,75637
74832,75638
74833,75639
74833,75640
74833,75641
74834,75642
74834,75643
74834,75644
74835,75645
74835,75646
74835,75647
74836,75648
74836,75649
74836,75650
74837,75651
74837,75652
74837,75653
74837,75654
74838,75655
74838,75656
74838,75657
74839,75658
74839,75659
74839,75660
74840,75661
74840,75662
74840,75663
74840,75664
74841,75665
74841,75666
74841,75667
74841,75668
74842,75669
74842,75670
74842,75671
74843,75672
74843,75673
74843,75674
74843,75675
74844,75676
74844,75677
74844,75678
74844,75679
74845,75680
74845,75681
74845,75682
74845,75683
74846,75684
74846,75685
74846,75686
74847,75687
74847,75688
74847,75689
74847,75690
74848,75691
74848,75692
74848,75693
74848,75694
74849,75695
74849,75696
74849,75697
74849,75698
74850,75699
74850,75700
74850,75701
74851,75702
74851,75703
74851,75704
74852,75705
74852,75706
74852,75707
74853,75708
74853,75709
74853,75710
74853,75711
74854,75712
74854,75713
74854,75714
74854,75715
74855,75716
74855,75717
74855,75718
74855,75719
74856,75720
74856,75721
74856,75722
74856,75723
74857,75724
74857,75725
74857,75726
74857,75727
74858,75728
74858,75729
74858,75730
74858,75731
74859,75732
74859,75733
74859,75734
74859,75735
74860,75736
74860,75737
74860,75738
74860,75739
74861,75740
74861,75741
74861,75742
74861,75743
74862,75744
74862,75745
74862,75746
74862,75747
74863,75748
74863,75749
74863,75750
74864,75751
74864,75752
74864,75753
74864,75754
74865,75755
74865,75756
74865,75757
74866,75758
74866,75759
74866,75760
74866,75761
74867,75762
74867,75763
74867,75764
74868,75765
74868,75766
74868,75767
74868,75768
74869,75769
74869,75770
74869,75771
74869,75772
74870,75773
74870,75774
74870,75775
74870,75776
74871,75777
74871,75778
74871,75779
74871,75780
74872,75781
74872,75782
74872,75783
74872,75784
74873,75785
74873,75786
74873,75787
74873,75788
74874,75789
74874,75790
74874,75791
74875,75792
74875,75793
74875,75794
74876,75795
74876,75796
74876,75797
74877,75798
74877,75799
74877,75800
74877,75801
74878,75802
74878,75803
74878,75804
74879,75805
74879,75806
74879,75807
74879,75808
74880,75809
74880,75810
74880,75811
74880,75812
74881,75813
74881,75814
74881,75815
74882,75816
74882,75817
74882,75818
74883,75819
74883,75820
74883,75821
74884,75822
74884,75823
74884,75824
74885,75825
74885,75826
74885,75827
74886,75828
74886,75829
74886,75830
74887,75831
74887,75832
74887,75833
74888,75834
74888,75835
74888,75836
74888,75837
74889,75838
74889,75839
74889,75840
74889,75841
74890,75842
74890,75843
74890,75844
74890,75845
74891,75846
74891,75847
74891,75848
74891,75849
74892,75850
74892,75851
74892,75852
74893,75853
74893,75854
74893,75855
74894,75856
74894,75857
74894,75858
74895,75859
74895,75860
74895,75861
74895,75862
74896,75863
74896,75864
74896,75865
74897,75866
74897,75867
74897,75868
74897,75869
74898,75870
74898,75871
74898,75872
74899,75873
74899,75874
74899,75875
74899,75876
74900,75877
74900,75878
74900,75879
74900,75880
74901,75881
74901,75882
74901,75883
74902,75884
74902,75885
74902,75886
74902,75887
74903,75888
74903,75889
74903,75890
74903,75891
74904,75892
74904,75893
74904,75894
74904,75895
74905,75896
74905,75897
74905,75898
74905,75899
74906,75900
74906,75901
74906,75902
74906,75903
74907,75904
74907,75905
74907,75906
74908,75907
74908,75908
74908,75909
74909,75910
74909,75911
74909,75912
74910,75913
74910,75914
74910,75915
74910,75916
74911,75917
74911,75918
74911,75919
74912,75920
74912,75921
74912,75922
74913,75923
74913,75924
74913,75925
74913,75926
74914,75927
74914,75928
74914,75929
74914,75930
74915,75931
74915,75932
74915,75933
74915,75934
74916,75935
74916,75936
74916,75937
74916,75938
74917,75939
74917,75940
74917,75941
74917,75942
74918,75943
74918,75944
74918,75945
74919,75946
74919,75947
74919,75948
74920,75949
74920,75950
74920,75951
74921,75952
74921,75953
74921,75954
74921,75955
74922,75956
74922,75957
74922,75958
74923,75959
74923,75960
74923,75961
74924,75962
74924,75963
74924,75964
74924,75965
74925,75966
74925,75967
74925,75968
74925,75969
74926,75970
74926,75971
74926,75972
74926,75973
74927,75974
74927,75975
74927,75976
74928,75977
74928,75978
74928,75979
74929,75980
74929,75981
74929,75982
74929,75983
74930,75984
74930,75985
74930,75986
74931,75987
74931,75988
74931,75989
74932,75990
74932,75991
74932,75992
74933,75993
74933,75994
74933,75995
74934,75996
74934,75997
74934,75998
74935,75999
74935,76000
74935,76001
74936,76002
74936,76003
74936,76004
74936,76005
74937,76006
74937,76007
74937,76008
74938,76009
74938,76010
74938,76011
74939,76012
74939,76013
74939,76014
74940,76015
74940,76016
74940,76017
74941,76018
74941,76019
74941,76020
74941,76021
74942,76022
74942,76023
74942,76024
74943,76025
74943,76026
74943,76027
74943,76028
74944,76029
74944,76030
74944,76031
74944,76032
74945,76033
74945,76034
74945,76035
74945,76036
74946,76037
74946,76038
74946,76039
74947,76040
74947,76041
74947,76042
74947,76043
74948,76044
74948,76045
74948,76046
74949,76047
74949,76048
74949,76049
74949,76050
74950,76051
74950,76052
74950,76053
74951,76054
74951,76055
74951,76056
74951,76057
74952,76058
74952,76059
74952,76060
74952,76061
74953,76062
74953,76063
74953,76064
74954,76065
74954,76066
74954,76067
74955,76068
74955,76069
74955,76070
74956,76071
74956,76072
74956,76073
74956,76074
74957,76075
74957,76076
74957,76077
74958,76078
74958,76079
74958,76080
74958,76081
74959,76082
74959,76083
74959,76084
74960,76085
74960,76086
74960,76087
74961,76088
74961,76089
74961,76090
74962,76091
74962,76092
74962,76093
74963,76094
74963,76095
74963,76096
74964,76097
74964,76098
74964,76099
74964,76100
74965,76101
74965,76102
74965,76103
74966,76104
74966,76105
74966,76106
74966,76107
74967,76108
74967,76109
74967,76110
74968,76111
74968,76112
74968,76113
74968,76114
74969,76115
74969,76116
74969,76117
74970,76118
74970,76119
74970,76120
74970,76121
74971,76122
74971,76123
74971,76124
74971,76125
74972,76126
74972,76127
74972,76128
74972,76129
74973,76130
74973,76131
74973,76132
74974,76133
74974,76134
74974,76135
74974,76136
74975,76137
74975,76138
74975,76139
74976,76140
74976,76141
74976,76142
74976,76143
74977,76144
74977,76145
74977,76146
74978,76147
74978,76148
74978,76149
74978,76150
74979,76151
74979,76152
74979,76153
74980,76154
74980,76155
74980,76156
74980,76157
74981,76158
74981,76159
74981,76160
74981,76161
74982,76162
74982,76163
74982,76164
74982,76165
74983,76166
74983,76167
74983,76168
74983,76169
74984,76170
74984,76171
74984,76172
74985,76173
74985,76174
74985,76175
74985,76176
74986,76177
74986,76178
74986,76179
74987,76180
74987,76181
74987,76182
74988,76183
74988,76184
74988,76185
74989,76186
74989,76187
74989,76188
74989,76189
74990,76190
74990,76191
74990,76192
74990,76193
74991,76194
74991,76195
74991,76196
74992,76197
74992,76198
74992,76199
74993,76200
74993,76201
74993,76202
74994,76203
74994,76204
74994,76205
74994,76206
75499,76207
75499,76208
75499,76209
75500,76210
75500,76211
75500,76212
75501,76213
75501,76214
75501,76215
75502,76216
75502,76217
75502,76218
75502,76219
75503,76220
75503,76221
75503,76222
75504,76223
75504,76224
75504,76225
75504,76226
75505,76227
75505,76228
75505,76229
75505,76230
75506,76231
75506,76232
75506,76233
75506,76234
75507,76235
75507,76236
75507,76237
75508,76238
75508,76239
75508,76240
75509,76241
75509,76242
75509,76243
75509,76244
75510,76245
75510,76246
75510,76247
75511,76248
75511,76249
75511,76250
75511,76251
75512,76252
75512,76253
75512,76254
75513,76255
75513,76256
75513,76257
75514,76258
75514,76259
75514,76260
75514,76261
75515,76262
75515,76263
75515,76264
75515,76265
75516,76266
75516,76267
75516,76268
75516,76269
75517,76270
75517,76271
75517,76272
75517,76273
75518,76274
75518,76275
75518,76276
75519,76277
75519,76278
75519,76279
75519,76280
75520,76281
75520,76282
75520,76283
75520,76284
75521,76285
75521,76286
75521,76287
75522,76288
75522,76289
75522,76290
75523,76291
75523,76292
75523,76293
75524,76294
75524,76295
75524,76296
75524,76297
75525,76298
75525,76299
75525,76300
75525,76301
75526,76302
75526,76303
75526,76304
75526,76305
75527,76306
75527,76307
75527,76308
75528,76309
75528,76310
75528,76311
75528,76312
75529,76313
75529,76314
75529,76315
75529,76316
75530,76317
75530,76318
75530,76319
75530,76320
75531,76321
75531,76322
75531,76323
75532,76324
75532,76325
75532,76326
75532,76327
75533,76328
75533,76329
75533,76330
75533,76331
75534,76332
75534,76333
75534,76334
75535,76335
75535,76336
75535,76337
75535,76338
75536,76339
75536,76340
75536,76341
75537,76342
75537,76343
75537,76344
75538,76345
75538,76346
75538,76347
75539,76348
75539,76349
75539,76350
75540,76351
75540,76352
75540,76353
75541,76354
75541,76355
75541,76356
75541,76357
75542,76358
75542,76359
75542,76360
75543,76361
75543,76362
75543,76363
75544,76364
75544,76365
75544,76366
75544,76367
75545,76368
75545,76369
75545,76370
75545,76371
75546,76372
75546,76373
75546,76374
75546,76375
75547,76376
75547,76377
75547,76378
75547,76379
75548,76380
75548,76381
75548,76382
75548,76383
75549,76384
75549,76385
75549,76386
75549,76387
75550,76388
75550,76389
75550,76390
75550,76391
75551,76392
75551,76393
75551,76394
75552,76395
75552,76396
75552,76397
75552,76398
75553,76399
75553,76400
75553,76401
75554,76402
75554,76403
75554,76404
75555,76405
75555,76406
75555,76407
75555,76408
75556,76409
75556,76410
75556,76411
75557,76412
75557,76413
75557,76414
75557,76415
75558,76416
75558,76417
75558,76418
75558,76419
75559,76420
75559,76421
75559,76422
75559,76423
75560,76424
75560,76425
75560,76426
75560,76427
75561,76428
75561,76429
75561,76430
75561,76431
75562,76432
75562,76433
75562,76434
75562,76435
75563,76436
75563,76437
75563,76438
75564,76439
75564,76440
75564,76441
75564,76442
75565,76443
75565,76444
75565,76445
75566,76446
75566,76447
75566,76448
75567,76449
75567,76450
75567,76451
75568,76452
75568,76453
75568,76454
75569,76455
75569,76456
75569,76457
75569,76458
75570,76459
75570,76460
75570,76461
75570,76462
75571,76463
75571,76464
75571,76465
75572,76466
75572,76467
75572,76468
75573,76469
75573,76470
75573,76471
75573,76472
75574,76473
75574,76474
75574,76475
75575,76476
75575,76477
75575,76478
75576,76479
75576,76480
75576,76481
75577,76482
75577,76483
75577,76484
75577,76485
75578,76486
75578,76487
75578,76488
75579,76489
75579,76490
75579,76491
75580,76492
75580,76493
75580,76494
75580,76495
75581,76496
75581,76497
75581,76498
75581,76499
75582,76500
75582,76501
75582,76502
75583,76503
75583,76504
75583,76505
75584,76506
75584,76507
75584,76508
75584,76509
75585,76510
75585,76511
75585,76512
75585,76513
75586,76514
75586,76515
75586,76516
75586,76517
75587,76518
75587,76519
75587,76520
75588,76521
75588,76522
75588,76523
75589,76524
75589,76525
75589,76526
75589,76527
75590,76528
75590,76529
75590,76530
75590,76531
75591,76532
75591,76533
75591,76534
75591,76535
75592,76536
75592,76537
75592,76538
75593,76539
75593,76540
75593,76541
75594,76542
75594,76543
75594,76544
75595,76545
75595,76546
75595,76547
75596,76548
75596,76549
75596,76550
75597,76551
75597,76552
75597,76553
75598,76554
75598,76555
75598,76556
75599,76557
75599,76558
75599,76559
75599,76560
75600,76561
75600,76562
75600,76563
75601,76564
75601,76565
75601,76566
75601,76567
75602,76568
75602,76569
75602,76570
75602,76571
75603,76572
75603,76573
75603,76574
75604,76575
75604,76576
75604,76577
75604,76578
75605,76579
75605,76580
75605,76581
75606,76582
75606,76583
75606,76584
75606,76585
75607,76586
75607,76587
75607,76588
75607,76589
75608,76590
75608,76591
75608,76592
75608,76593
75609,76594
75609,76595
75609,76596
75610,76597
75610,76598
75610,76599
75610,76600
75611,76601
75611,76602
75611,76603
75612,76604
75612,76605
75612,76606
75613,76607
75613,76608
75613,76609
75614,76610
75614,76611
75614,76612
75614,76613
75615,76614
75615,76615
75615,76616
75615,76617
75616,76618
75616,76619
75616,76620
75617,76621
75617,76622
75617,76623
75617,76624
75618,76625
75618,76626
75618,76627
75619,76628
75619,76629
75619,76630
75620,76631
75620,76632
75620,76633
75621,76634
75621,76635
75621,76636
75622,76637
75622,76638
75622,76639
75622,76640
75623,76641
75623,76642
75623,76643
75623,76644
75624,76645
75624,76646
75624,76647
75625,76648
75625,76649
75625,76650
75626,76651
75626,76652
75626,76653
75626,76654
75627,76655
75627,76656
75627,76657
75627,76658
75628,76659
75628,76660
75628,76661
75628,76662
75629,76663
75629,76664
75629,76665
75630,76666
75630,76667
75630,76668
75631,76669
75631,76670
75631,76671
75631,76672
75632,76673
75632,76674
75632,76675
75632,76676
75633,76677
75633,76678
75633,76679
75633,76680
75634,76681
75634,76682
75634,76683
75635,76684
75635,76685
75635,76686
75635,76687
75636,76688
75636,76689
75636,76690
75637,76691
75637,76692
75637,76693
75637,76694
75638,76695
75638,76696
75638,76697
75639,76698
75639,76699
75639,76700
75639,76701
75640,76702
75640,76703
75640,76704
75641,76705
75641,76706
75641,76707
75642,76708
75642,76709
75642,76710
75643,76711
75643,76712
75643,76713
75643,76714
75644,76715
75644,76716
75644,76717
75644,76718
75645,76719
75645,76720
75645,76721
75645,76722
75646,76723
75646,76724
75646,76725
75646,76726
75647,76727
75647,76728
75647,76729
75647,76730
75648,76731
75648,76732
75648,76733
75649,76734
75649,76735
75649,76736
75649,76737
75650,76738
75650,76739
75650,76740
75650,76741
75651,76742
75651,76743
75651,76744
75652,76745
75652,76746
75652,76747
75653,76748
75653,76749
75653,76750
75653,76751
75654,76752
75654,76753
75654,76754
75654,76755
75655,76756
75655,76757
75655,76758
75655,76759
75656,76760
75656,76761
75656,76762
75657,76763
75657,76764
75657,76765
75657,76766
75658,76767
75658,76768
75658,76769
75658,76770
75659,76771
75659,76772
75659,76773
75659,76774
75660,76775
75660,76776
75660,76777
75661,76778
75661,76779
75661,76780
75661,76781
75662,76782
75662,76783
75662,76784
75663,76785
75663,76786
75663,76787
75664,76788
75664,76789
75664,76790
75664,76791
75665,76792
75665,76793
75665,76794
75665,76795
75666,76796
75666,76797
75666,76798
75667,76799
75667,76800
75667,76801
75668,76802
75668,76803
75668,76804
75668,76805
75669,76806
75669,76807
75669,76808
75670,76809
75670,76810
75670,76811
75670,76812
75671,76813
75671,76814
75671,76815
75671,76816
75672,76817
75672,76818
75672,76819
75672,76820
75673,76821
75673,76822
75673,76823
75673,76824
75674,76825
75674,76826
75674,76827
75675,76828
75675,76829
75675,76830
75675,76831
75676,76832
75676,76833
75676,76834
75676,76835
75677,76836
75677,76837
75677,76838
75677,76839
75678,76840
75678,76841
75678,76842
75679,76843
75679,76844
75679,76845
75680,76846
75680,76847
75680,76848
75680,76849
75681,76850
75681,76851
75681,76852
75682,76853
75682,76854
75682,76855
75683,76856
75683,76857
75683,76858
75684,76859
75684,76860
75684,76861
75684,76862
75685,76863
75685,76864
75685,76865
75685,76866
75686,76867
75686,76868
75686,76869
75687,76870
75687,76871
75687,76872
75687,76873
75688,76874
75688,76875
75688,76876
75688,76877
75689,76878
75689,76879
75689,76880
75689,76881
75690,76882
75690,76883
75690,76884
75690,76885
75691,76886
75691,76887
75691,76888
75691,76889
75692,76890
75692,76891
75692,76892
75692,76893
75693,76894
75693,76895
75693,76896
75693,76897
75694,76898
75694,76899
75694,76900
75694,76901
75695,76902
75695,76903
75695,76904
75696,76905
75696,76906
75696,76907
75696,76908
75697,76909
75697,76910
75697,76911
75697,76912
75698,76913
75698,76914
75698,76915
75698,76916
75699,76917
75699,76918
75699,76919
75699,76920
76207,76921
76207,76922
76207,76923
76208,76924
76208,76925
76208,76926
76209,76927
76209,76928
76209,76929
76209,76930
76210,76931
76210,76932
76210,76933
76210,76934
76211,76935
76211,76936
76211,76937
76211,76938
76212,76939
76212,76940
76212,76941
76213,76942
76213,76943
76213,76944
76214,76945
76214,76946
76214,76947
76214,76948
76215,76949
76215,76950
76215,76951
76215,76952
76216,76953
76216,76954
76216,76955
76216,76956
76217,76957
76217,76958
76217,76959
76217,76960
76218,76961
76218,76962
76218,76963
76218,76964
76219,76965
76219,76966
76219,76967
76219,76968
76220,76969
76220,76970
76220,76971
76220,76972
76221,76973
76221,76974
76221,76975
76221,76976
76222,76977
76222,76978
76222,76979
76223,76980
76223,76981
76223,76982
76224,76983
76224,76984
76224,76985
76224,76986
76225,76987
76225,76988
76225,76989
76225,76990
76226,76991
76226,76992
76226,76993
76226,76994
76227,76995
76227,76996
76227,76997
76228,76998
76228,76999
76228,77000
76229,77001
76229,77002
76229,77003
76229,77004
76230,77005
76230,77006
76230,77007
76231,77008
76231,77009
76231,77010
76231,77011
76232,77012
76232,77013
76232,77014
76232,77015
76233,77016
76233,77017
76233,77018
76234,77019
76234,77020
76234,77021
76235,77022
76235,77023
76235,77024
76235,77025
76236,77026
76236,77027
76236,77028
76236,77029
76237,77030
76237,77031
76237,77032
76237,77033
76238,77034
76238,77035
76238,77036
76238,77037
76239,77038
76239,77039
76239,77040
76239,77041
76240,77042
76240,77043
76240,77044
76241,77045
76241,77046
76241,77047
76242,77048
76242,77049
76242,77050
76243,77051
76243,77052
76243,77053
76243,77054
76244,77055
76244,77056
76244,77057
76245,77058
76245,77059
76245,77060
76246,77061
76246,77062
76246,77063
76246,77064
76247,77065
76247,77066
76247,77067
76247,77068
76248,77069
76248,77070
76248,77071
76248,77072
76249,77073
76249,77074
76249,77075
76249,77076
76250,77077
76250,77078
76250,77079
76250,77080
76251,77081
76251,77082
76251,77083
76252,77084
76252,77085
76252,77086
76252,77087
76253,77088
76253,77089
76253,77090
76253,77091
76254,77092
76254,77093
76254,77094
76254,77095
76255,77096
76255,77097
76255,77098
76256,77099
76256,77100
76256,77101
76256,77102
76257,77103
76257,77104
76257,77105
76257,77106
76258,77107
76258,77108
76258,77109
76259,77110
76259,77111
76259,77112
76259,77113
76260,77114
76260,77115
76260,77116
76260,77117
76261,77118
76261,77119
76261,77120
76262,77121
76262,77122
76262,77123
76263,77124
76263,77125
76263,77126
76264,77127
76264,77128
76264,77129
76264,77130
76265,77131
76265,77132
76265,77133
76266,77134
76266,77135
76266,77136
76267,77137
76267,77138
76267,77139
76267,77140
76268,77141
76268,77142
76268,77143
76269,77144
76269,77145
76269,77146
76269,77147
76270,77148
76270,77149
76270,77150
76271,77151
76271,77152
76271,77153
76271,77154
76272,77155
76272,77156
76272,77157
76272,77158
76273,77159
76273,77160
76273,77161
76274,77162
76274,77163
76274,77164
76275,77165
76275,77166
76275,77167
76275,77168
76276,77169
76276,77170
76276,77171
76276,77172
76277,77173
76277,77174
76277,77175
76278,77176
76278,77177
76278,77178
76279,77179
76279,77180
76279,77181
76279,77182
76280,77183
76280,77184
76280,77185
76281,77186
76281,77187
76281,77188
76281,77189
76282,77190
76282,77191
76282,77192
76282,77193
76283,77194
76283,77195
76283,77196
76283,77197
76284,77198
76284,77199
76284,77200
76285,77201
76285,77202
76285,77203
76285,77204
76286,77205
76286,77206
76286,77207
76287,77208
76287,77209
76287,77210
76288,77211
76288,77212
76288,77213
76289,77214
76289,77215
76289,77216
76289,77217
76290,77218
76290,77219
76290,77220
76290,77221
76291,77222
76291,77223
76291,77224
76291,77225
76292,77226
76292,77227
76292,77228
76293,77229
76293,77230
76293,77231
76293,77232
76294,77233
76294,77234
76294,77235
76295,77236
76295,77237
76295,77238
76296,77239
76296,77240
76296,77241
76297,77242
76297,77243
76297,77244
76297,77245
76298,77246
76298,77247
76298,77248
76299,77249
76299,77250
76299,77251
76300,77252
76300,77253
76300,77254
76301,77255
76301,77256
76301,77257
76302,77258
76302,77259
76302,77260
76303,77261
76303,77262
76303,77263
76304,77264
76304,77265
76304,77266
76304,77267
76305,77268
76305,77269
76305,77270
76305,77271
76306,77272
76306,77273
76306,77274
76307,77275
76307,77276
76307,77277
76307,77278
76308,77279
76308,77280
76308,77281
76308,77282
76309,77283
76309,77284
76309,77285
76309,77286
76310,77287
76310,77288
76310,77289
76311,77290
76311,77291
76311,77292
76311,77293
76312,77294
76312,77295
76312,77296
76313,77297
76313,77298
76313,77299
76314,77300
76314,77301
76314,77302
76314,77303
76315,77304
76315,77305
76315,77306
76315,77307
76316,77308
76316,77309
76316,77310
76316,77311
76317,77312
76317,77313
76317,77314
76318,77315
76318,77316
76318,77317
76319,77318
76319,77319
76319,77320
76319,77321
76320,77322
76320,77323
76320,77324
76321,77325
76321,77326
76321,77327
76321,77328
76322,77329
76322,77330
76322,77331
76323,77332
76323,77333
76323,77334
76323,77335
76324,77336
76324,77337
76324,77338
76325,77339
76325,77340
76325,77341
76325,77342
76326,77343
76326,77344
76326,77345
76326,77346
76327,77347
76327,77348
76327,77349
76328,77350
76328,77351
76328,77352
76329,77353
76329,77354
76329,77355
76330,77356
76330,77357
76330,77358
76330,77359
76331,77360
76331,77361
76331,77362
76332,77363
76332,77364
76332,77365
76332,77366
76333,77367
76333,77368
76333,77369
76334,77370
76334,77371
76334,77372
76335,77373
76335,77374
76335,77375
76335,77376
76336,77377
76336,77378
76336,77379
76337,77380
76337,77381
76337,77382
76338,77383
76338,77384
76338,77385
76338,77386
76339,77387
76339,77388
76339,77389
76340,77390
76340,77391
76340,77392
76341,77393
76341,77394
76341,77395
76342,77396
76342,77397
76342,77398
76342,77399
76343,77400
76343,77401
76343,77402
76344,77403
76344,77404
76344,77405
76344,77406
76345,77407
76345,77408
76345,77409
76345,77410
76346,77411
76346,77412
76346,77413
76346,77414
76347,77415
76347,77416
76347,77417
76347,77418
76348,77419
76348,77420
76348,77421
76348,77422
76349,77423
76349,77424
76349,77425
76350,77426
76350,77427
76350,77428
76351,77429
76351,77430
76351,77431
76351,77432
76352,77433
76352,77434
76352,77435
76353,77436
76353,77437
76353,77438
76353,77439
76354,77440
76354,77441
76354,77442
76355,77443
76355,77444
76355,77445
76356,77446
76356,77447
76356,77448
76356,77449
76357,77450
76357,77451
76357,77452
76358,77453
76358,77454
76358,77455
76358,77456
76359,77457
76359,77458
76359,77459
76360,77460
76360,77461
76360,77462
76361,77463
76361,77464
76361,77465
76362,77466
76362,77467
76362,77468
76363,77469
76363,77470
76363,77471
76363,77472
76364,77473
76364,77474
76364,77475
76364,77476
76365,77477
76365,77478
76365,77479
76366,77480
76366,77481
76366,77482
76367,77483
76367,77484
76367,77485
76368,77486
76368,77487
76368,77488
76368,77489
76369,77490
76369,77491
76369,77492
76369,77493
76370,77494
76370,77495
76370,77496
76370,77497
76371,77498
76371,77499
76371,77500
76371,77501
76372,77502
76372,77503
76372,77504
76372,77505
76373,77506
76373,77507
76373,77508
76373,77509
76374,77510
76374,77511
76374,77512
76374,77513
76375,77514
76375,77515
76375,77516
76376,77517
76376,77518
76376,77519
76377,77520
76377,77521
76377,77522
76377,77523
76378,77524
76378,77525
76378,77526
76379,77527
76379,77528
76379,77529
76380,77530
76380,77531
76380,77532
76380,77533
76381,77534
76381,77535
76381,77536
76382,77537
76382,77538
76382,77539
76383,77540
76383,77541
76383,77542
76383,77543
76384,77544
76384,77545
76384,77546
76384,77547
76385,77548
76385,77549
76385,77550
76386,77551
76386,77552
76386,77553
76387,77554
76387,77555
76387,77556
76388,77557
76388,77558
76388,77559
76389,77560
76389,77561
76389,77562
76390,77563
76390,77564
76390,77565
76391,77566
76391,77567
76391,77568
76392,77569
76392,77570
76392,77571
76393,77572
76393,77573
76393,77574
76393,77575
76394,77576
76394,77577
76394,77578
76394,77579
76395,77580
76395,77581
76395,77582
76396,77583
76396,77584
76396,77585
76396,77586
76397,77587
76397,77588
76397,77589
76397,77590
76398,77591
76398,77592
76398,77593
76399,77594
76399,77595
76399,77596
76400,77597
76400,77598
76400,77599
76400,77600
76401,77601
76401,77602
76401,77603
76401,77604
76402,77605
76402,77606
76402,77607
76402,77608
76403,77609
76403,77610
76403,77611
76404,77612
76404,77613
76404,77614
76405,77615
76405,77616
76405,77617
76406,77618
76406,77619
76406,77620
76406,77621
76407,77622
76407,77623
76407,77624
76407,77625
